Log file open, 11/16/25 12:20:16
LogInit: Display: Running engine for game: PixelPerfect
LogPlatformFile: Not using cached read wrapper
LogTaskGraph: Started task graph with 5 named threads and 35 total threads with 3 sets of task threads.
LogStats: Stats thread started at 0.225540
LogD3D11RHI: Loaded GFSDK_Aftermath_Lib.x64.dll
LogICUInternationalization: ICU TimeZone Detection - Raw Offset: +2:00, Platform Override: ''
LogPluginManager: Mounting plugin Paper2D
LogPluginManager: Mounting plugin AISupport
LogPluginManager: Mounting plugin LightPropagationVolume
LogPluginManager: Mounting plugin CameraShakePreviewer
LogPluginManager: Mounting plugin ActorLayerUtilities
LogPluginManager: Mounting plugin AnimationSharing
LogPluginManager: Mounting plugin CLionSourceCodeAccess
LogPluginManager: Mounting plugin CodeLiteSourceCodeAccess
LogPluginManager: Mounting plugin GitSourceControl
LogPluginManager: Mounting plugin KDevelopSourceCodeAccess
LogPluginManager: Mounting plugin NullSourceCodeAccess
LogPluginManager: Mounting plugin PerforceSourceControl
LogPluginManager: Mounting plugin PlasticSourceControl
LogPluginManager: Mounting plugin RiderSourceCodeAccess
LogPluginManager: Mounting plugin SubversionSourceControl
LogPluginManager: Mounting plugin UObjectPlugin
LogPluginManager: Mounting plugin VisualStudioCodeSourceCodeAccess
LogPluginManager: Mounting plugin VisualStudioSourceCodeAccess
LogPluginManager: Mounting plugin XCodeSourceCodeAccess
LogPluginManager: Mounting plugin AssetManagerEditor
LogPluginManager: Mounting plugin CryptoKeys
LogPluginManager: Mounting plugin CurveEditorTools
LogPluginManager: Mounting plugin DataValidation
LogPluginManager: Mounting plugin EditorScriptingUtilities
LogPluginManager: Mounting plugin FacialAnimation
LogPluginManager: Mounting plugin GameplayTagsEditor
LogPluginManager: Mounting plugin GeometryMode
LogPluginManager: Mounting plugin MacGraphicsSwitching
LogPluginManager: Mounting plugin MaterialAnalyzer
LogPluginManager: Mounting plugin MobileLauncherProfileWizard
LogPluginManager: Mounting plugin PluginBrowser
LogPluginManager: Mounting plugin SpeedTreeImporter
LogPluginManager: Mounting plugin DatasmithContent
LogPluginManager: Mounting plugin VariantManagerContent
LogPluginManager: Mounting plugin AlembicImporter
LogPluginManager: Mounting plugin AutomationUtils
LogPluginManager: Mounting plugin BackChannel
LogPluginManager: Mounting plugin ChaosCloth
LogPluginManager: Mounting plugin ChaosClothEditor
LogPluginManager: Mounting plugin ChaosEditor
LogPluginManager: Mounting plugin ChaosNiagara
LogPluginManager: Mounting plugin ChaosSolverPlugin
LogPluginManager: Mounting plugin CharacterAI
LogPluginManager: Mounting plugin GeometryCache
LogPluginManager: Mounting plugin GeometryCollectionPlugin
LogPluginManager: Mounting plugin GeometryProcessing
LogPluginManager: Mounting plugin PlanarCut
LogPluginManager: Mounting plugin PlatformCrypto
LogPluginManager: Mounting plugin ProxyLODPlugin
LogPluginManager: Mounting plugin SkeletalReduction
LogPluginManager: Mounting plugin Niagara
LogPluginManager: Mounting plugin MagicLeap
LogPluginManager: Mounting plugin MagicLeapLightEstimation
LogPluginManager: Mounting plugin MagicLeapMedia
LogPluginManager: Mounting plugin MagicLeapPassableWorld
LogPluginManager: Mounting plugin MLSDK
LogPluginManager: Mounting plugin AndroidMedia
LogPluginManager: Mounting plugin AvfMedia
LogPluginManager: Mounting plugin ImgMedia
LogPluginManager: Mounting plugin MediaCompositing
LogPluginManager: Mounting plugin MediaPlayerEditor
LogPluginManager: Mounting plugin WebMMedia
LogPluginManager: Mounting plugin WmfMedia
LogPluginManager: Mounting plugin MeshPainting
LogPluginManager: Mounting plugin TcpMessaging
LogPluginManager: Mounting plugin UdpMessaging
LogPluginManager: Mounting plugin ActorSequence
LogPluginManager: Mounting plugin LevelSequenceEditor
LogPluginManager: Mounting plugin MatineeToLevelSequence
LogPluginManager: Mounting plugin MovieRenderPipeline
LogPluginManager: Mounting plugin TemplateSequence
LogPluginManager: Mounting plugin NetcodeUnitTest
LogPluginManager: Mounting plugin NUTUnrealEngine4
LogPluginManager: Mounting plugin OnlineSubsystemGooglePlay
LogPluginManager: Mounting plugin OnlineSubsystemIOS
LogPluginManager: Mounting plugin OnlineSubsystem
LogPluginManager: Mounting plugin OnlineSubsystemNull
LogPluginManager: Mounting plugin OnlineSubsystemUtils
LogPluginManager: Mounting plugin LauncherChunkInstaller
LogPluginManager: Mounting plugin AndroidDeviceProfileSelector
LogPluginManager: Mounting plugin AndroidMoviePlayer
LogPluginManager: Mounting plugin AndroidPermission
LogPluginManager: Mounting plugin AppleImageUtils
LogPluginManager: Mounting plugin AppleMoviePlayer
LogPluginManager: Mounting plugin ArchVisCharacter
LogPluginManager: Mounting plugin AssetTags
LogPluginManager: Mounting plugin AudioCapture
LogPluginManager: Mounting plugin CableComponent
LogPluginManager: Mounting plugin CustomMeshComponent
LogPluginManager: Mounting plugin EditableMesh
LogPluginManager: Mounting plugin ExampleDeviceProfileSelector
LogPluginManager: Mounting plugin GoogleCloudMessaging
LogPluginManager: Mounting plugin GooglePAD
LogPluginManager: Mounting plugin IOSDeviceProfileSelector
LogPluginManager: Mounting plugin LinuxDeviceProfileSelector
LogPluginManager: Mounting plugin LocationServicesBPLibrary
LogPluginManager: Mounting plugin MobilePatchingUtils
LogPluginManager: Mounting plugin OculusVR
LogPluginManager: Mounting plugin PhysXVehicles
LogPluginManager: Mounting plugin PostSplashScreen
LogPluginManager: Mounting plugin ProceduralMeshComponent
LogPluginManager: Mounting plugin RuntimePhysXCooking
LogPluginManager: Mounting plugin SignificanceManager
LogPluginManager: Mounting plugin SoundFields
LogPluginManager: Mounting plugin SteamVR
LogPluginManager: Mounting plugin Synthesis
LogPluginManager: Mounting plugin WebMMoviePlayer
LogPluginManager: Mounting plugin WindowsMoviePlayer
LogPluginManager: Mounting plugin ScreenshotTools
LogInit: Using libcurl 7.55.1-DEV
LogInit:  - built for x86_64-pc-win32
LogInit:  - supports SSL with OpenSSL/1.1.1
LogInit:  - supports HTTP deflate (compression) using libz 1.2.8
LogInit:  - other features:
LogInit:      CURL_VERSION_SSL
LogInit:      CURL_VERSION_LIBZ
LogInit:      CURL_VERSION_IPV6
LogInit:      CURL_VERSION_ASYNCHDNS
LogInit:      CURL_VERSION_LARGEFILE
LogInit:      CURL_VERSION_IDN
LogInit:  CurlRequestOptions (configurable via config and command line):
LogInit:  - bVerifyPeer = true  - Libcurl will verify peer certificate
LogInit:  - bUseHttpProxy = false  - Libcurl will NOT use HTTP proxy
LogInit:  - bDontReuseConnections = false  - Libcurl will reuse connections
LogInit:  - MaxHostConnections = 16  - Libcurl will limit the number of connections to a host
LogInit:  - LocalHostAddr = Default
LogInit:  - BufferSize = 65536
LogOnline: OSS: Creating online subsystem instance for: NULL
LogInit: WinSock: version 1.1 (2.2), MaxSocks=32767, MaxUdp=65467
LogOnline: OSS: TryLoadSubsystemAndSetDefault: Loaded subsystem for module [NULL]
LogInit: Build: ++UE4+Release-4.25-CL-14469661
LogInit: Engine Version: 4.25.4-14469661+++UE4+Release-4.25
LogInit: Compatible Engine Version: 4.25.0-13144385+++UE4+Release-4.25
LogInit: Net CL: 13144385
LogInit: OS: Windows 10 (Release 2009) (), CPU: 12th Gen Intel(R) Core(TM) i5-12450H, GPU: Intel(R) UHD Graphics
LogInit: Compiled (64-bit): Oct 11 2020 08:10:49
LogInit: Compiled with Visual C++: 19.24.28315.00
LogInit: Build Configuration: Development
LogInit: Branch Name: ++UE4+Release-4.25
LogInit: Command Line:  -AUTH_LOGIN=unused -AUTH_PASSWORD=a1985132b8fa47e1a278009222035a59 -AUTH_TYPE=exchangecode -epicapp=UE_4.25 -epicenv=Prod -EpicPortal -epicusername=AManXDDD -epicuserid=53fc9c64b72243c1a735a3dec222d9be -epiclocale=en -epicsandboxid=ue
LogInit: Base Directory: C:/Program Files/Epic Games/UE_4.25/Engine/Binaries/Win64/
LogInit: Allocator: TBB
LogInit: Installed Engine Build: 1
LogDevObjectVersion: Number of dev versions registered: 26
LogDevObjectVersion:   Dev-Blueprints (B0D832E4-1F89-4F0D-ACCF-7EB736FD4AA2): 10
LogDevObjectVersion:   Dev-Build (E1C64328-A22C-4D53-A36C-8E866417BD8C): 0
LogDevObjectVersion:   Dev-Core (375EC13C-06E4-48FB-B500-84F0262A717E): 4
LogDevObjectVersion:   Dev-Editor (E4B068ED-F494-42E9-A231-DA0B2E46BB41): 38
LogDevObjectVersion:   Dev-Framework (CFFC743F-43B0-4480-9391-14DF171D2073): 37
LogDevObjectVersion:   Dev-Mobile (B02B49B5-BB20-44E9-A304-32B752E40360): 2
LogDevObjectVersion:   Dev-Networking (A4E4105C-59A1-49B5-A7C5-40C4547EDFEE): 0
LogDevObjectVersion:   Dev-Online (39C831C9-5AE6-47DC-9A44-9C173E1C8E7C): 0
LogDevObjectVersion:   Dev-Physics (78F01B33-EBEA-4F98-B9B4-84EACCB95AA2): 4
LogDevObjectVersion:   Dev-Platform (6631380F-2D4D-43E0-8009-CF276956A95A): 0
LogDevObjectVersion:   Dev-Rendering (12F88B9F-8875-4AFC-A67C-D90C383ABD29): 43
LogDevObjectVersion:   Dev-Sequencer (7B5AE74C-D270-4C10-A958-57980B212A5A): 12
LogDevObjectVersion:   Dev-VR (D7296918-1DD6-4BDD-9DE2-64A83CC13884): 3
LogDevObjectVersion:   Dev-LoadTimes (C2A15278-BFE7-4AFE-6C17-90FF531DF755): 1
LogDevObjectVersion:   Private-Geometry (6EACA3D4-40EC-4CC1-B786-8BED09428FC5): 3
LogDevObjectVersion:   Dev-AnimPhys (29E575DD-E0A3-4627-9D10-D276232CDCEA): 17
LogDevObjectVersion:   Dev-Anim (AF43A65D-7FD3-4947-9873-3E8ED9C1BB05): 7
LogDevObjectVersion:   Dev-ReflectionCapture (6B266CEC-1EC7-4B8F-A30B-E4D90942FC07): 1
LogDevObjectVersion:   Dev-Automation (0DF73D61-A23F-47EA-B727-89E90C41499A): 1
LogDevObjectVersion:   FortniteMain (601D1886-AC64-4F84-AA16-D3DE0DEAC7D6): 31
LogDevObjectVersion:   Dev-Enterprise (9DFFBCD6-494F-0158-E221-12823C92A888): 10
LogDevObjectVersion:   Dev-Niagara (F2AED0AC-9AFE-416F-8664-AA7FFA26D6FC): 1
LogDevObjectVersion:   Dev-Destruction (174F1F0B-B4C6-45A5-B13F-2EE8D0FB917D): 10
LogDevObjectVersion:   Dev-Physics-Ext (35F94A83-E258-406C-A318-09F59610247C): 37
LogDevObjectVersion:   Dev-PhysicsMaterial-Chaos (B68FC16E-8B1B-42E2-B453-215C058844FE): 1
LogDevObjectVersion:   Dev-CineCamera (B2E18506-4273-CFC2-A54E-F4BB758BBA07): 1
LogInit: Presizing for max 25165824 objects, including 0 objects not considered by GC, pre-allocating 0 bytes for permanent pool.
LogConfig: Applying CVar settings from Section [/Script/Engine.StreamingSettings] File [C:/Git/Saf/GameUniHack/PixelPerfect/Saved/Config/Windows/Engine.ini]
LogConfig: Setting CVar [[s.MinBulkDataSizeForAsyncLoading:131072]]
LogConfig: Setting CVar [[s.AsyncLoadingThreadEnabled:0]]
LogConfig: Setting CVar [[s.EventDrivenLoaderEnabled:1]]
LogConfig: Setting CVar [[s.WarnIfTimeLimitExceeded:0]]
LogConfig: Setting CVar [[s.TimeLimitExceededMultiplier:1.5]]
LogConfig: Setting CVar [[s.TimeLimitExceededMinTime:0.005]]
LogConfig: Setting CVar [[s.UseBackgroundLevelStreaming:1]]
LogConfig: Setting CVar [[s.PriorityAsyncLoadingExtraTime:15.0]]
LogConfig: Setting CVar [[s.LevelStreamingActorsUpdateTimeLimit:5.0]]
LogConfig: Setting CVar [[s.PriorityLevelStreamingActorsUpdateExtraTime:5.0]]
LogConfig: Setting CVar [[s.LevelStreamingComponentsRegistrationGranularity:10]]
LogConfig: Setting CVar [[s.UnregisterComponentsTimeLimit:1.0]]
LogConfig: Setting CVar [[s.LevelStreamingComponentsUnregistrationGranularity:5]]
LogConfig: Setting CVar [[s.FlushStreamingOnExit:1]]
LogInit: Object subsystem initialized
LogConfig: Setting CVar [[con.DebugEarlyDefault:1]]
LogConfig: Setting CVar [[r.setres:1280x720]]
[2025.11.16-10.20.16:610][  0]LogConfig: Setting CVar [[r.VSync:0]]
[2025.11.16-10.20.16:610][  0]LogConfig: Setting CVar [[r.RHICmdBypass:0]]
[2025.11.16-10.20.16:610][  0]LogConfig: Applying CVar settings from Section [/Script/Engine.RendererSettings] File [C:/Git/Saf/GameUniHack/PixelPerfect/Saved/Config/Windows/Engine.ini]
[2025.11.16-10.20.16:610][  0]LogConfig: Setting CVar [[r.GPUCrashDebugging:0]]
[2025.11.16-10.20.16:610][  0]LogConfig: Setting CVar [[r.Mobile.AllowDitheredLODTransition:1]]
[2025.11.16-10.20.16:610][  0]LogConfig: Setting CVar [[r.DefaultFeature.AntiAliasing:3]]
[2025.11.16-10.20.16:610][  0]LogConfig: Setting CVar [[r.MobileMSAA:8]]
[2025.11.16-10.20.16:610][  0]LogConfig: Applying CVar settings from Section [/Script/Engine.RendererOverrideSettings] File [C:/Git/Saf/GameUniHack/PixelPerfect/Saved/Config/Windows/Engine.ini]
[2025.11.16-10.20.16:610][  0]LogConfig: Applying CVar settings from Section [/Script/Engine.StreamingSettings] File [C:/Git/Saf/GameUniHack/PixelPerfect/Saved/Config/Windows/Engine.ini]
[2025.11.16-10.20.16:610][  0]LogConfig: Setting CVar [[s.MinBulkDataSizeForAsyncLoading:131072]]
[2025.11.16-10.20.16:610][  0]LogConfig: Setting CVar [[s.AsyncLoadingThreadEnabled:0]]
[2025.11.16-10.20.16:610][  0]LogConfig: Setting CVar [[s.EventDrivenLoaderEnabled:1]]
[2025.11.16-10.20.16:610][  0]LogConfig: Setting CVar [[s.WarnIfTimeLimitExceeded:0]]
[2025.11.16-10.20.16:610][  0]LogConfig: Setting CVar [[s.TimeLimitExceededMultiplier:1.5]]
[2025.11.16-10.20.16:610][  0]LogConfig: Setting CVar [[s.TimeLimitExceededMinTime:0.005]]
[2025.11.16-10.20.16:610][  0]LogConfig: Setting CVar [[s.UseBackgroundLevelStreaming:1]]
[2025.11.16-10.20.16:610][  0]LogConfig: Setting CVar [[s.PriorityAsyncLoadingExtraTime:15.0]]
[2025.11.16-10.20.16:610][  0]LogConfig: Setting CVar [[s.LevelStreamingActorsUpdateTimeLimit:5.0]]
[2025.11.16-10.20.16:610][  0]LogConfig: Setting CVar [[s.PriorityLevelStreamingActorsUpdateExtraTime:5.0]]
[2025.11.16-10.20.16:610][  0]LogConfig: Setting CVar [[s.LevelStreamingComponentsRegistrationGranularity:10]]
[2025.11.16-10.20.16:610][  0]LogConfig: Setting CVar [[s.UnregisterComponentsTimeLimit:1.0]]
[2025.11.16-10.20.16:610][  0]LogConfig: Setting CVar [[s.LevelStreamingComponentsUnregistrationGranularity:5]]
[2025.11.16-10.20.16:610][  0]LogConfig: Setting CVar [[s.FlushStreamingOnExit:1]]
[2025.11.16-10.20.16:610][  0]LogConfig: Applying CVar settings from Section [/Script/Engine.GarbageCollectionSettings] File [C:/Git/Saf/GameUniHack/PixelPerfect/Saved/Config/Windows/Engine.ini]
[2025.11.16-10.20.16:610][  0]LogConfig: Setting CVar [[gc.MaxObjectsNotConsideredByGC:1]]
[2025.11.16-10.20.16:610][  0]LogConfig: Setting CVar [[gc.SizeOfPermanentObjectPool:0]]
[2025.11.16-10.20.16:610][  0]LogConfig: Setting CVar [[gc.FlushStreamingOnGC:0]]
[2025.11.16-10.20.16:610][  0]LogConfig: Setting CVar [[gc.NumRetriesBeforeForcingGC:10]]
[2025.11.16-10.20.16:610][  0]LogConfig: Setting CVar [[gc.AllowParallelGC:1]]
[2025.11.16-10.20.16:610][  0]LogConfig: Setting CVar [[gc.TimeBetweenPurgingPendingKillObjects:61.1]]
[2025.11.16-10.20.16:610][  0]LogConfig: Setting CVar [[gc.MaxObjectsInEditor:25165824]]
[2025.11.16-10.20.16:610][  0]LogConfig: Setting CVar [[gc.IncrementalBeginDestroyEnabled:1]]
[2025.11.16-10.20.16:610][  0]LogConfig: Setting CVar [[gc.CreateGCClusters:1]]
[2025.11.16-10.20.16:610][  0]LogConfig: Setting CVar [[gc.MinGCClusterSize:5]]
[2025.11.16-10.20.16:610][  0]LogConfig: Setting CVar [[gc.ActorClusteringEnabled:0]]
[2025.11.16-10.20.16:610][  0]LogConfig: Setting CVar [[gc.BlueprintClusteringEnabled:0]]
[2025.11.16-10.20.16:610][  0]LogConfig: Setting CVar [[gc.UseDisregardForGCOnDedicatedServers:0]]
[2025.11.16-10.20.16:610][  0]LogConfig: Applying CVar settings from Section [/Script/Engine.NetworkSettings] File [C:/Git/Saf/GameUniHack/PixelPerfect/Saved/Config/Windows/Engine.ini]
[2025.11.16-10.20.16:610][  0]LogConfig: Applying CVar settings from Section [/Script/UnrealEd.CookerSettings] File [C:/Git/Saf/GameUniHack/PixelPerfect/Saved/Config/Windows/Engine.ini]
[2025.11.16-10.20.16:612][  0]LogConfig: Applying CVar settings from Section [ViewDistanceQuality@3] File [C:/Git/Saf/GameUniHack/PixelPerfect/Saved/Config/Windows/Scalability.ini]
[2025.11.16-10.20.16:612][  0]LogConfig: Setting CVar [[r.SkeletalMeshLODBias:0]]
[2025.11.16-10.20.16:612][  0]LogConfig: Setting CVar [[r.ViewDistanceScale:1.0]]
[2025.11.16-10.20.16:612][  0]LogConfig: Applying CVar settings from Section [AntiAliasingQuality@3] File [C:/Git/Saf/GameUniHack/PixelPerfect/Saved/Config/Windows/Scalability.ini]
[2025.11.16-10.20.16:612][  0]LogConfig: Setting CVar [[r.PostProcessAAQuality:4]]
[2025.11.16-10.20.16:612][  0]LogConfig: Applying CVar settings from Section [ShadowQuality@3] File [C:/Git/Saf/GameUniHack/PixelPerfect/Saved/Config/Windows/Scalability.ini]
[2025.11.16-10.20.16:612][  0]LogConfig: Setting CVar [[r.LightFunctionQuality:1]]
[2025.11.16-10.20.16:612][  0]LogConfig: Setting CVar [[r.ShadowQuality:5]]
[2025.11.16-10.20.16:612][  0]LogConfig: Setting CVar [[r.Shadow.CSM.MaxCascades:10]]
[2025.11.16-10.20.16:612][  0]LogConfig: Setting CVar [[r.Shadow.MaxResolution:2048]]
[2025.11.16-10.20.16:612][  0]LogConfig: Setting CVar [[r.Shadow.MaxCSMResolution:2048]]
[2025.11.16-10.20.16:612][  0]LogConfig: Setting CVar [[r.Shadow.RadiusThreshold:0.01]]
[2025.11.16-10.20.16:612][  0]LogConfig: Setting CVar [[r.Shadow.DistanceScale:1.0]]
[2025.11.16-10.20.16:612][  0]LogConfig: Setting CVar [[r.Shadow.CSM.TransitionScale:1.0]]
[2025.11.16-10.20.16:612][  0]LogConfig: Setting CVar [[r.Shadow.PreShadowResolutionFactor:1.0]]
[2025.11.16-10.20.16:612][  0]LogConfig: Setting CVar [[r.DistanceFieldShadowing:1]]
[2025.11.16-10.20.16:612][  0]LogConfig: Setting CVar [[r.DistanceFieldAO:1]]
[2025.11.16-10.20.16:612][  0]LogConfig: Setting CVar [[r.AOQuality:2]]
[2025.11.16-10.20.16:612][  0]LogConfig: Setting CVar [[r.VolumetricFog:1]]
[2025.11.16-10.20.16:613][  0]LogConfig: Setting CVar [[r.VolumetricFog.GridPixelSize:8]]
[2025.11.16-10.20.16:613][  0]LogConfig: Setting CVar [[r.VolumetricFog.GridSizeZ:128]]
[2025.11.16-10.20.16:613][  0]LogConfig: Setting CVar [[r.VolumetricFog.HistoryMissSupersampleCount:4]]
[2025.11.16-10.20.16:613][  0]LogConfig: Setting CVar [[r.LightMaxDrawDistanceScale:1]]
[2025.11.16-10.20.16:613][  0]LogConfig: Setting CVar [[r.CapsuleShadows:1]]
[2025.11.16-10.20.16:613][  0]LogConfig: Applying CVar settings from Section [PostProcessQuality@3] File [C:/Git/Saf/GameUniHack/PixelPerfect/Saved/Config/Windows/Scalability.ini]
[2025.11.16-10.20.16:613][  0]LogConfig: Setting CVar [[r.MotionBlurQuality:4]]
[2025.11.16-10.20.16:613][  0]LogConfig: Setting CVar [[r.AmbientOcclusionMipLevelFactor:0.4]]
[2025.11.16-10.20.16:613][  0]LogConfig: Setting CVar [[r.AmbientOcclusionMaxQuality:100]]
[2025.11.16-10.20.16:613][  0]LogConfig: Setting CVar [[r.AmbientOcclusionLevels:-1]]
[2025.11.16-10.20.16:613][  0]LogConfig: Setting CVar [[r.AmbientOcclusionRadiusScale:1.0]]
[2025.11.16-10.20.16:613][  0]LogConfig: Setting CVar [[r.DepthOfFieldQuality:2]]
[2025.11.16-10.20.16:613][  0]LogConfig: Setting CVar [[r.RenderTargetPoolMin:400]]
[2025.11.16-10.20.16:613][  0]LogConfig: Setting CVar [[r.LensFlareQuality:2]]
[2025.11.16-10.20.16:613][  0]LogConfig: Setting CVar [[r.SceneColorFringeQuality:1]]
[2025.11.16-10.20.16:613][  0]LogConfig: Setting CVar [[r.EyeAdaptationQuality:2]]
[2025.11.16-10.20.16:613][  0]LogConfig: Setting CVar [[r.BloomQuality:5]]
[2025.11.16-10.20.16:613][  0]LogConfig: Setting CVar [[r.FastBlurThreshold:100]]
[2025.11.16-10.20.16:613][  0]LogConfig: Setting CVar [[r.Upscale.Quality:3]]
[2025.11.16-10.20.16:613][  0]LogConfig: Setting CVar [[r.Tonemapper.GrainQuantization:1]]
[2025.11.16-10.20.16:613][  0]LogConfig: Setting CVar [[r.LightShaftQuality:1]]
[2025.11.16-10.20.16:613][  0]LogConfig: Setting CVar [[r.Filter.SizeScale:1]]
[2025.11.16-10.20.16:613][  0]LogConfig: Setting CVar [[r.Tonemapper.Quality:5]]
[2025.11.16-10.20.16:613][  0]LogConfig: Setting CVar [[r.DOF.Gather.AccumulatorQuality:1        ; higher gathering accumulator quality]]
[2025.11.16-10.20.16:613][  0]LogConfig: Setting CVar [[r.DOF.Gather.PostfilterMethod:1          ; Median3x3 postfilering method]]
[2025.11.16-10.20.16:613][  0]LogConfig: Setting CVar [[r.DOF.Gather.EnableBokehSettings:0       ; no bokeh simulation when gathering]]
[2025.11.16-10.20.16:613][  0]LogConfig: Setting CVar [[r.DOF.Gather.RingCount:4                 ; medium number of samples when gathering]]
[2025.11.16-10.20.16:613][  0]LogConfig: Setting CVar [[r.DOF.Scatter.ForegroundCompositing:1    ; additive foreground scattering]]
[2025.11.16-10.20.16:613][  0]LogConfig: Setting CVar [[r.DOF.Scatter.BackgroundCompositing:2    ; additive background scattering]]
[2025.11.16-10.20.16:613][  0]LogConfig: Setting CVar [[r.DOF.Scatter.EnableBokehSettings:1      ; bokeh simulation when scattering]]
[2025.11.16-10.20.16:613][  0]LogConfig: Setting CVar [[r.DOF.Scatter.MaxSpriteRatio:0.1         ; only a maximum of 10% of scattered bokeh]]
[2025.11.16-10.20.16:613][  0]LogConfig: Setting CVar [[r.DOF.Recombine.Quality:1                ; cheap slight out of focus]]
[2025.11.16-10.20.16:613][  0]LogConfig: Setting CVar [[r.DOF.Recombine.EnableBokehSettings:0    ; no bokeh simulation on slight out of focus]]
[2025.11.16-10.20.16:613][  0]LogConfig: Setting CVar [[r.DOF.TemporalAAQuality:1                ; more stable temporal accumulation]]
[2025.11.16-10.20.16:613][  0]LogConfig: Setting CVar [[r.DOF.Kernel.MaxForegroundRadius:0.025]]
[2025.11.16-10.20.16:613][  0]LogConfig: Setting CVar [[r.DOF.Kernel.MaxBackgroundRadius:0.025]]
[2025.11.16-10.20.16:613][  0]LogConfig: Applying CVar settings from Section [TextureQuality@3] File [C:/Git/Saf/GameUniHack/PixelPerfect/Saved/Config/Windows/Scalability.ini]
[2025.11.16-10.20.16:613][  0]LogConfig: Setting CVar [[r.Streaming.MipBias:0]]
[2025.11.16-10.20.16:613][  0]LogConfig: Setting CVar [[r.Streaming.AmortizeCPUToGPUCopy:0]]
[2025.11.16-10.20.16:613][  0]LogConfig: Setting CVar [[r.Streaming.MaxNumTexturesToStreamPerFrame:0]]
[2025.11.16-10.20.16:613][  0]LogConfig: Setting CVar [[r.Streaming.Boost:1]]
[2025.11.16-10.20.16:613][  0]LogConfig: Setting CVar [[r.MaxAnisotropy:8]]
[2025.11.16-10.20.16:613][  0]LogConfig: Setting CVar [[r.VT.MaxAnisotropy:8]]
[2025.11.16-10.20.16:613][  0]LogConfig: Setting CVar [[r.Streaming.LimitPoolSizeToVRAM:0]]
[2025.11.16-10.20.16:613][  0]LogConfig: Setting CVar [[r.Streaming.PoolSize:1000]]
[2025.11.16-10.20.16:613][  0]LogConfig: Setting CVar [[r.Streaming.MaxEffectiveScreenSize:0]]
[2025.11.16-10.20.16:613][  0]LogConfig: Applying CVar settings from Section [EffectsQuality@3] File [C:/Git/Saf/GameUniHack/PixelPerfect/Saved/Config/Windows/Scalability.ini]
[2025.11.16-10.20.16:613][  0]LogConfig: Setting CVar [[r.TranslucencyLightingVolumeDim:64]]
[2025.11.16-10.20.16:613][  0]LogConfig: Setting CVar [[r.RefractionQuality:2]]
[2025.11.16-10.20.16:613][  0]LogConfig: Setting CVar [[r.SSR.Quality:3]]
[2025.11.16-10.20.16:613][  0]LogConfig: Setting CVar [[r.SSR.HalfResSceneColor:0]]
[2025.11.16-10.20.16:613][  0]LogConfig: Setting CVar [[r.SceneColorFormat:4]]
[2025.11.16-10.20.16:613][  0]LogConfig: Setting CVar [[r.DetailMode:2]]
[2025.11.16-10.20.16:613][  0]LogConfig: Setting CVar [[r.TranslucencyVolumeBlur:1]]
[2025.11.16-10.20.16:613][  0]LogConfig: Setting CVar [[r.MaterialQualityLevel:1 ; High quality]]
[2025.11.16-10.20.16:613][  0]LogConfig: Setting CVar [[r.SSS.Scale:1]]
[2025.11.16-10.20.16:613][  0]LogConfig: Setting CVar [[r.SSS.SampleSet:2]]
[2025.11.16-10.20.16:613][  0]LogConfig: Setting CVar [[r.SSS.Quality:1]]
[2025.11.16-10.20.16:613][  0]LogConfig: Setting CVar [[r.SSS.HalfRes:0]]
[2025.11.16-10.20.16:613][  0]LogConfig: Setting CVar [[r.SSGI.Quality:3]]
[2025.11.16-10.20.16:613][  0]LogConfig: Setting CVar [[r.EmitterSpawnRateScale:1.0]]
[2025.11.16-10.20.16:613][  0]LogConfig: Setting CVar [[r.ParticleLightQuality:2]]
[2025.11.16-10.20.16:613][  0]LogConfig: Setting CVar [[r.SkyAtmosphere.AerialPerspectiveLUT.FastApplyOnOpaque:1 ; Always have FastSkyLUT 1 in this case to avoid wrong sky]]
[2025.11.16-10.20.16:613][  0]LogConfig: Setting CVar [[r.SkyAtmosphere.AerialPerspectiveLUT.SampleCountPerSlice:1]]
[2025.11.16-10.20.16:613][  0]LogConfig: Setting CVar [[r.SkyAtmosphere.AerialPerspectiveLUT.DepthResolution:16.0]]
[2025.11.16-10.20.16:613][  0]LogConfig: Setting CVar [[r.SkyAtmosphere.FastSkyLUT:1]]
[2025.11.16-10.20.16:613][  0]LogConfig: Setting CVar [[r.SkyAtmosphere.FastSkyLUT.SampleCountMin:4.0]]
[2025.11.16-10.20.16:613][  0]LogConfig: Setting CVar [[r.SkyAtmosphere.FastSkyLUT.SampleCountMax:32.0]]
[2025.11.16-10.20.16:613][  0]LogConfig: Setting CVar [[r.SkyAtmosphere.SampleCountMin:4.0]]
[2025.11.16-10.20.16:613][  0]LogConfig: Setting CVar [[r.SkyAtmosphere.SampleCountMax:32.0]]
[2025.11.16-10.20.16:613][  0]LogConfig: Setting CVar [[r.SkyAtmosphere.TransmittanceLUT.UseSmallFormat:0]]
[2025.11.16-10.20.16:613][  0]LogConfig: Setting CVar [[r.SkyAtmosphere.TransmittanceLUT.SampleCount:10.0]]
[2025.11.16-10.20.16:613][  0]LogConfig: Setting CVar [[r.SkyAtmosphere.MultiScatteringLUT.SampleCount:15.0]]
[2025.11.16-10.20.16:613][  0]LogConfig: Applying CVar settings from Section [FoliageQuality@3] File [C:/Git/Saf/GameUniHack/PixelPerfect/Saved/Config/Windows/Scalability.ini]
[2025.11.16-10.20.16:613][  0]LogConfig: Setting CVar [[foliage.DensityScale:1.0]]
[2025.11.16-10.20.16:613][  0]LogConfig: Setting CVar [[grass.DensityScale:1.0]]
[2025.11.16-10.20.16:613][  0]LogConfig: Applying CVar settings from Section [ShadingQuality@3] File [C:/Git/Saf/GameUniHack/PixelPerfect/Saved/Config/Windows/Scalability.ini]
[2025.11.16-10.20.16:613][  0]LogConfig: Setting CVar [[r.HairStrands.SkyLighting.SampleCount:16]]
[2025.11.16-10.20.16:613][  0]LogConfig: Setting CVar [[r.HairStrands.SkyLighting.JitterIntegration:0]]
[2025.11.16-10.20.16:613][  0]LogConfig: Setting CVar [[r.HairStrands.SkyAO.SampleCount:16]]
[2025.11.16-10.20.16:613][  0]LogConfig: Setting CVar [[r.HairStrands.DeepShadow.SuperSampling:0]]
[2025.11.16-10.20.16:613][  0]LogConfig: Setting CVar [[r.HairStrands.VisibilityPPLL:0]]
[2025.11.16-10.20.16:613][  0]LogConfig: Setting CVar [[r.HairStrands.RasterizationScale:0.5]]
[2025.11.16-10.20.16:613][  0]LogConfig: Setting CVar [[r.HairStrands.VelocityRasterizationScale:1]]
[2025.11.16-10.20.16:614][  0]LogInit: Selected Device Profile: [Windows]
[2025.11.16-10.20.16:614][  0]LogInit: Applying CVar settings loaded from the selected device profile: [Windows]
[2025.11.16-10.20.16:614][  0]LogHAL: Display: Platform has ~ 16 GB [16870006784 / 17179869184 / 16], which maps to Larger [LargestMinGB=32, LargerMinGB=12, DefaultMinGB=8, SmallerMinGB=6, SmallestMinGB=0)
[2025.11.16-10.20.16:614][  0]LogInit: Going up to parent DeviceProfile []
[2025.11.16-10.20.16:614][  0]LogConfig: Applying CVar settings from Section [ViewDistanceQuality@3] File [C:/Git/Saf/GameUniHack/PixelPerfect/Saved/Config/Windows/Scalability.ini]
[2025.11.16-10.20.16:614][  0]LogConfig: Setting CVar [[r.SkeletalMeshLODBias:0]]
[2025.11.16-10.20.16:614][  0]LogConfig: Setting CVar [[r.ViewDistanceScale:1.0]]
[2025.11.16-10.20.16:614][  0]LogConfig: Applying CVar settings from Section [AntiAliasingQuality@3] File [C:/Git/Saf/GameUniHack/PixelPerfect/Saved/Config/Windows/Scalability.ini]
[2025.11.16-10.20.16:614][  0]LogConfig: Setting CVar [[r.PostProcessAAQuality:4]]
[2025.11.16-10.20.16:614][  0]LogConfig: Applying CVar settings from Section [ShadowQuality@3] File [C:/Git/Saf/GameUniHack/PixelPerfect/Saved/Config/Windows/Scalability.ini]
[2025.11.16-10.20.16:614][  0]LogConfig: Setting CVar [[r.LightFunctionQuality:1]]
[2025.11.16-10.20.16:614][  0]LogConfig: Setting CVar [[r.ShadowQuality:5]]
[2025.11.16-10.20.16:614][  0]LogConfig: Setting CVar [[r.Shadow.CSM.MaxCascades:10]]
[2025.11.16-10.20.16:614][  0]LogConfig: Setting CVar [[r.Shadow.MaxResolution:2048]]
[2025.11.16-10.20.16:614][  0]LogConfig: Setting CVar [[r.Shadow.MaxCSMResolution:2048]]
[2025.11.16-10.20.16:614][  0]LogConfig: Setting CVar [[r.Shadow.RadiusThreshold:0.01]]
[2025.11.16-10.20.16:614][  0]LogConfig: Setting CVar [[r.Shadow.DistanceScale:1.0]]
[2025.11.16-10.20.16:614][  0]LogConfig: Setting CVar [[r.Shadow.CSM.TransitionScale:1.0]]
[2025.11.16-10.20.16:614][  0]LogConfig: Setting CVar [[r.Shadow.PreShadowResolutionFactor:1.0]]
[2025.11.16-10.20.16:614][  0]LogConfig: Setting CVar [[r.DistanceFieldShadowing:1]]
[2025.11.16-10.20.16:614][  0]LogConfig: Setting CVar [[r.DistanceFieldAO:1]]
[2025.11.16-10.20.16:614][  0]LogConfig: Setting CVar [[r.AOQuality:2]]
[2025.11.16-10.20.16:614][  0]LogConfig: Setting CVar [[r.VolumetricFog:1]]
[2025.11.16-10.20.16:614][  0]LogConfig: Setting CVar [[r.VolumetricFog.GridPixelSize:8]]
[2025.11.16-10.20.16:614][  0]LogConfig: Setting CVar [[r.VolumetricFog.GridSizeZ:128]]
[2025.11.16-10.20.16:614][  0]LogConfig: Setting CVar [[r.VolumetricFog.HistoryMissSupersampleCount:4]]
[2025.11.16-10.20.16:614][  0]LogConfig: Setting CVar [[r.LightMaxDrawDistanceScale:1]]
[2025.11.16-10.20.16:614][  0]LogConfig: Setting CVar [[r.CapsuleShadows:1]]
[2025.11.16-10.20.16:614][  0]LogConfig: Applying CVar settings from Section [PostProcessQuality@3] File [C:/Git/Saf/GameUniHack/PixelPerfect/Saved/Config/Windows/Scalability.ini]
[2025.11.16-10.20.16:614][  0]LogConfig: Setting CVar [[r.MotionBlurQuality:4]]
[2025.11.16-10.20.16:614][  0]LogConfig: Setting CVar [[r.AmbientOcclusionMipLevelFactor:0.4]]
[2025.11.16-10.20.16:614][  0]LogConfig: Setting CVar [[r.AmbientOcclusionMaxQuality:100]]
[2025.11.16-10.20.16:614][  0]LogConfig: Setting CVar [[r.AmbientOcclusionLevels:-1]]
[2025.11.16-10.20.16:614][  0]LogConfig: Setting CVar [[r.AmbientOcclusionRadiusScale:1.0]]
[2025.11.16-10.20.16:614][  0]LogConfig: Setting CVar [[r.DepthOfFieldQuality:2]]
[2025.11.16-10.20.16:614][  0]LogConfig: Setting CVar [[r.RenderTargetPoolMin:400]]
[2025.11.16-10.20.16:614][  0]LogConfig: Setting CVar [[r.LensFlareQuality:2]]
[2025.11.16-10.20.16:614][  0]LogConfig: Setting CVar [[r.SceneColorFringeQuality:1]]
[2025.11.16-10.20.16:614][  0]LogConfig: Setting CVar [[r.EyeAdaptationQuality:2]]
[2025.11.16-10.20.16:614][  0]LogConfig: Setting CVar [[r.BloomQuality:5]]
[2025.11.16-10.20.16:614][  0]LogConfig: Setting CVar [[r.FastBlurThreshold:100]]
[2025.11.16-10.20.16:614][  0]LogConfig: Setting CVar [[r.Upscale.Quality:3]]
[2025.11.16-10.20.16:614][  0]LogConfig: Setting CVar [[r.Tonemapper.GrainQuantization:1]]
[2025.11.16-10.20.16:614][  0]LogConfig: Setting CVar [[r.LightShaftQuality:1]]
[2025.11.16-10.20.16:614][  0]LogConfig: Setting CVar [[r.Filter.SizeScale:1]]
[2025.11.16-10.20.16:614][  0]LogConfig: Setting CVar [[r.Tonemapper.Quality:5]]
[2025.11.16-10.20.16:614][  0]LogConfig: Setting CVar [[r.DOF.Gather.AccumulatorQuality:1        ; higher gathering accumulator quality]]
[2025.11.16-10.20.16:614][  0]LogConfig: Setting CVar [[r.DOF.Gather.PostfilterMethod:1          ; Median3x3 postfilering method]]
[2025.11.16-10.20.16:614][  0]LogConfig: Setting CVar [[r.DOF.Gather.EnableBokehSettings:0       ; no bokeh simulation when gathering]]
[2025.11.16-10.20.16:614][  0]LogConfig: Setting CVar [[r.DOF.Gather.RingCount:4                 ; medium number of samples when gathering]]
[2025.11.16-10.20.16:614][  0]LogConfig: Setting CVar [[r.DOF.Scatter.ForegroundCompositing:1    ; additive foreground scattering]]
[2025.11.16-10.20.16:614][  0]LogConfig: Setting CVar [[r.DOF.Scatter.BackgroundCompositing:2    ; additive background scattering]]
[2025.11.16-10.20.16:614][  0]LogConfig: Setting CVar [[r.DOF.Scatter.EnableBokehSettings:1      ; bokeh simulation when scattering]]
[2025.11.16-10.20.16:614][  0]LogConfig: Setting CVar [[r.DOF.Scatter.MaxSpriteRatio:0.1         ; only a maximum of 10% of scattered bokeh]]
[2025.11.16-10.20.16:614][  0]LogConfig: Setting CVar [[r.DOF.Recombine.Quality:1                ; cheap slight out of focus]]
[2025.11.16-10.20.16:614][  0]LogConfig: Setting CVar [[r.DOF.Recombine.EnableBokehSettings:0    ; no bokeh simulation on slight out of focus]]
[2025.11.16-10.20.16:614][  0]LogConfig: Setting CVar [[r.DOF.TemporalAAQuality:1                ; more stable temporal accumulation]]
[2025.11.16-10.20.16:614][  0]LogConfig: Setting CVar [[r.DOF.Kernel.MaxForegroundRadius:0.025]]
[2025.11.16-10.20.16:614][  0]LogConfig: Setting CVar [[r.DOF.Kernel.MaxBackgroundRadius:0.025]]
[2025.11.16-10.20.16:614][  0]LogConfig: Applying CVar settings from Section [TextureQuality@3] File [C:/Git/Saf/GameUniHack/PixelPerfect/Saved/Config/Windows/Scalability.ini]
[2025.11.16-10.20.16:614][  0]LogConfig: Setting CVar [[r.Streaming.MipBias:0]]
[2025.11.16-10.20.16:614][  0]LogConfig: Setting CVar [[r.Streaming.AmortizeCPUToGPUCopy:0]]
[2025.11.16-10.20.16:614][  0]LogConfig: Setting CVar [[r.Streaming.MaxNumTexturesToStreamPerFrame:0]]
[2025.11.16-10.20.16:614][  0]LogConfig: Setting CVar [[r.Streaming.Boost:1]]
[2025.11.16-10.20.16:614][  0]LogConfig: Setting CVar [[r.MaxAnisotropy:8]]
[2025.11.16-10.20.16:614][  0]LogConfig: Setting CVar [[r.VT.MaxAnisotropy:8]]
[2025.11.16-10.20.16:614][  0]LogConfig: Setting CVar [[r.Streaming.LimitPoolSizeToVRAM:0]]
[2025.11.16-10.20.16:614][  0]LogConfig: Setting CVar [[r.Streaming.PoolSize:1000]]
[2025.11.16-10.20.16:614][  0]LogConfig: Setting CVar [[r.Streaming.MaxEffectiveScreenSize:0]]
[2025.11.16-10.20.16:614][  0]LogConfig: Applying CVar settings from Section [EffectsQuality@3] File [C:/Git/Saf/GameUniHack/PixelPerfect/Saved/Config/Windows/Scalability.ini]
[2025.11.16-10.20.16:614][  0]LogConfig: Setting CVar [[r.TranslucencyLightingVolumeDim:64]]
[2025.11.16-10.20.16:614][  0]LogConfig: Setting CVar [[r.RefractionQuality:2]]
[2025.11.16-10.20.16:614][  0]LogConfig: Setting CVar [[r.SSR.Quality:3]]
[2025.11.16-10.20.16:614][  0]LogConfig: Setting CVar [[r.SSR.HalfResSceneColor:0]]
[2025.11.16-10.20.16:614][  0]LogConfig: Setting CVar [[r.SceneColorFormat:4]]
[2025.11.16-10.20.16:614][  0]LogConfig: Setting CVar [[r.DetailMode:2]]
[2025.11.16-10.20.16:614][  0]LogConfig: Setting CVar [[r.TranslucencyVolumeBlur:1]]
[2025.11.16-10.20.16:614][  0]LogConfig: Setting CVar [[r.MaterialQualityLevel:1 ; High quality]]
[2025.11.16-10.20.16:614][  0]LogConfig: Setting CVar [[r.SSS.Scale:1]]
[2025.11.16-10.20.16:614][  0]LogConfig: Setting CVar [[r.SSS.SampleSet:2]]
[2025.11.16-10.20.16:614][  0]LogConfig: Setting CVar [[r.SSS.Quality:1]]
[2025.11.16-10.20.16:614][  0]LogConfig: Setting CVar [[r.SSS.HalfRes:0]]
[2025.11.16-10.20.16:614][  0]LogConfig: Setting CVar [[r.SSGI.Quality:3]]
[2025.11.16-10.20.16:614][  0]LogConfig: Setting CVar [[r.EmitterSpawnRateScale:1.0]]
[2025.11.16-10.20.16:614][  0]LogConfig: Setting CVar [[r.ParticleLightQuality:2]]
[2025.11.16-10.20.16:614][  0]LogConfig: Setting CVar [[r.SkyAtmosphere.AerialPerspectiveLUT.FastApplyOnOpaque:1 ; Always have FastSkyLUT 1 in this case to avoid wrong sky]]
[2025.11.16-10.20.16:614][  0]LogConfig: Setting CVar [[r.SkyAtmosphere.AerialPerspectiveLUT.SampleCountPerSlice:1]]
[2025.11.16-10.20.16:614][  0]LogConfig: Setting CVar [[r.SkyAtmosphere.AerialPerspectiveLUT.DepthResolution:16.0]]
[2025.11.16-10.20.16:614][  0]LogConfig: Setting CVar [[r.SkyAtmosphere.FastSkyLUT:1]]
[2025.11.16-10.20.16:614][  0]LogConfig: Setting CVar [[r.SkyAtmosphere.FastSkyLUT.SampleCountMin:4.0]]
[2025.11.16-10.20.16:615][  0]LogConfig: Setting CVar [[r.SkyAtmosphere.FastSkyLUT.SampleCountMax:32.0]]
[2025.11.16-10.20.16:615][  0]LogConfig: Setting CVar [[r.SkyAtmosphere.SampleCountMin:4.0]]
[2025.11.16-10.20.16:615][  0]LogConfig: Setting CVar [[r.SkyAtmosphere.SampleCountMax:32.0]]
[2025.11.16-10.20.16:615][  0]LogConfig: Setting CVar [[r.SkyAtmosphere.TransmittanceLUT.UseSmallFormat:0]]
[2025.11.16-10.20.16:615][  0]LogConfig: Setting CVar [[r.SkyAtmosphere.TransmittanceLUT.SampleCount:10.0]]
[2025.11.16-10.20.16:615][  0]LogConfig: Setting CVar [[r.SkyAtmosphere.MultiScatteringLUT.SampleCount:15.0]]
[2025.11.16-10.20.16:615][  0]LogConfig: Applying CVar settings from Section [FoliageQuality@3] File [C:/Git/Saf/GameUniHack/PixelPerfect/Saved/Config/Windows/Scalability.ini]
[2025.11.16-10.20.16:615][  0]LogConfig: Setting CVar [[foliage.DensityScale:1.0]]
[2025.11.16-10.20.16:615][  0]LogConfig: Setting CVar [[grass.DensityScale:1.0]]
[2025.11.16-10.20.16:615][  0]LogConfig: Applying CVar settings from Section [ShadingQuality@3] File [C:/Git/Saf/GameUniHack/PixelPerfect/Saved/Config/Windows/Scalability.ini]
[2025.11.16-10.20.16:615][  0]LogConfig: Setting CVar [[r.HairStrands.SkyLighting.SampleCount:16]]
[2025.11.16-10.20.16:615][  0]LogConfig: Setting CVar [[r.HairStrands.SkyLighting.JitterIntegration:0]]
[2025.11.16-10.20.16:615][  0]LogConfig: Setting CVar [[r.HairStrands.SkyAO.SampleCount:16]]
[2025.11.16-10.20.16:615][  0]LogConfig: Setting CVar [[r.HairStrands.DeepShadow.SuperSampling:0]]
[2025.11.16-10.20.16:615][  0]LogConfig: Setting CVar [[r.HairStrands.VisibilityPPLL:0]]
[2025.11.16-10.20.16:615][  0]LogConfig: Setting CVar [[r.HairStrands.RasterizationScale:0.5]]
[2025.11.16-10.20.16:615][  0]LogConfig: Setting CVar [[r.HairStrands.VelocityRasterizationScale:1]]
[2025.11.16-10.20.16:615][  0]LogConfig: Applying CVar settings from Section [Startup] File [../../../Engine/Config/ConsoleVariables.ini]
[2025.11.16-10.20.16:615][  0]LogConfig: Setting CVar [[net.UseAdaptiveNetUpdateFrequency:0]]
[2025.11.16-10.20.16:615][  0]LogConfig: Setting CVar [[p.chaos.AllowCreatePhysxBodies:1]]
[2025.11.16-10.20.16:615][  0]LogConfig: Setting CVar [[fx.SkipVectorVMBackendOptimizations:1]]
[2025.11.16-10.20.16:615][  0]LogConfig: Applying CVar settings from Section [ConsoleVariables] File [C:/Git/Saf/GameUniHack/PixelPerfect/Saved/Config/Windows/Engine.ini]
[2025.11.16-10.20.16:615][  0]LogInit: Computer: MIRONEL
[2025.11.16-10.20.16:615][  0]LogInit: User: Dorain
[2025.11.16-10.20.16:615][  0]LogInit: CPU Page size=4096, Cores=8
[2025.11.16-10.20.16:615][  0]LogInit: High frequency timer resolution =10.000000 MHz
[2025.11.16-10.20.16:615][  0]LogMemory: Memory total: Physical=15.7GB (16GB approx)
[2025.11.16-10.20.16:615][  0]LogMemory: Platform Memory Stats for Windows
[2025.11.16-10.20.16:615][  0]LogMemory: Process Physical Memory: 118.09 MB used, 118.09 MB peak
[2025.11.16-10.20.16:615][  0]LogMemory: Process Virtual Memory: 102.10 MB used, 102.10 MB peak
[2025.11.16-10.20.16:615][  0]LogMemory: Physical Memory: 11381.90 MB used,  4706.59 MB free, 16088.49 MB total
[2025.11.16-10.20.16:615][  0]LogMemory: Virtual Memory: 5180.68 MB used,  134212544.00 MB free, 134217728.00 MB total
[2025.11.16-10.20.16:621][  0]LogWindows: WindowsPlatformFeatures enabled
[2025.11.16-10.20.16:666][  0]LogInit: Physics initialised using underlying interface: PhysX
[2025.11.16-10.20.16:667][  0]LogInit: Using OS detected language (en-US).
[2025.11.16-10.20.16:667][  0]LogInit: Using OS detected locale (en-US).
[2025.11.16-10.20.16:669][  0]LogTextLocalizationManager: No specific localization for 'en-US' exists, so the 'en' localization will be used.
[2025.11.16-10.20.16:837][  0]LogInit: Setting process to per monitor DPI aware
[2025.11.16-10.20.16:873][  0]LogSlate: New Slate User Created.  User Index 0, Is Virtual User: 0
[2025.11.16-10.20.16:873][  0]LogSlate: Slate User Registered.  User Index 0, Is Virtual User: 0
[2025.11.16-10.20.17:024][  0]LogHMD: Failed to initialize OpenVR with code 110
[2025.11.16-10.20.17:024][  0]LogD3D11RHI: D3D11 min allowed feature level: 11_0
[2025.11.16-10.20.17:024][  0]LogD3D11RHI: D3D11 max allowed feature level: 11_0
[2025.11.16-10.20.17:024][  0]LogD3D11RHI: D3D11 adapters:
[2025.11.16-10.20.17:197][  0]LogD3D11RHI:    0. 'NVIDIA GeForce RTX 3050 Laptop GPU' (Feature Level 11_0)
[2025.11.16-10.20.17:197][  0]LogD3D11RHI:       3965/0/8044 MB DedicatedVideo/DedicatedSystem/SharedSystem, Outputs:1, VendorId:0x10de
[2025.11.16-10.20.17:278][  0]LogD3D11RHI:    1. 'Intel(R) UHD Graphics' (Feature Level 11_0)
[2025.11.16-10.20.17:278][  0]LogD3D11RHI:       128/0/8044 MB DedicatedVideo/DedicatedSystem/SharedSystem, Outputs:0, VendorId:0x8086
[2025.11.16-10.20.17:281][  0]LogD3D11RHI:    2. 'Microsoft Basic Render Driver' (Feature Level 11_0)
[2025.11.16-10.20.17:281][  0]LogD3D11RHI:       0/0/8044 MB DedicatedVideo/DedicatedSystem/SharedSystem, Outputs:0, VendorId:0x1414
[2025.11.16-10.20.17:281][  0]LogD3D11RHI: Chosen D3D11 Adapter: 0
[2025.11.16-10.20.17:292][  0]LogD3D11RHI: Creating new Direct3DDevice
[2025.11.16-10.20.17:292][  0]LogD3D11RHI:     GPU DeviceId: 0x25a2 (for the marketing name, search the web for "GPU Device Id")
[2025.11.16-10.20.17:292][  0]LogWindows: EnumDisplayDevices:
[2025.11.16-10.20.17:292][  0]LogWindows:    0. 'Intel(R) UHD Graphics' (P:1 D:1)
[2025.11.16-10.20.17:292][  0]LogWindows:    1. 'Intel(R) UHD Graphics' (P:0 D:0)
[2025.11.16-10.20.17:293][  0]LogWindows:    2. 'Intel(R) UHD Graphics' (P:0 D:0)
[2025.11.16-10.20.17:293][  0]LogWindows:    3. 'Intel(R) UHD Graphics' (P:0 D:0)
[2025.11.16-10.20.17:293][  0]LogWindows: DebugString: PrimaryIsNotTheChoosenAdapter PrimaryIsNotTheChoosenAdapter PrimaryIsNotTheChoosenAdapter PrimaryIsNotTheChoosenAdapter FoundDriverCount:0 
[2025.11.16-10.20.17:293][  0]LogD3D11RHI:     Adapter Name: NVIDIA GeForce RTX 3050 Laptop GPU
[2025.11.16-10.20.17:293][  0]LogD3D11RHI:   Driver Version: Unknown (internal:Unknown, unified:Unknown)
[2025.11.16-10.20.17:293][  0]LogD3D11RHI:      Driver Date: Unknown
[2025.11.16-10.20.17:293][  0]LogRHI: Texture pool is 2775 MB (70% of 3965 MB)
[2025.11.16-10.20.17:405][  0]LogD3D11RHI: RHI has support for 64 bit atomics
[2025.11.16-10.20.17:405][  0]LogD3D11RHI: Async texture creation enabled
[2025.11.16-10.20.17:405][  0]LogD3D11RHI: Array index from any shader is supported
[2025.11.16-10.20.17:427][  0]LogD3D11RHI: GPU Timing Frequency: 1000.000000 (Debug: 2 1)
[2025.11.16-10.20.17:757][  0]LogTargetPlatformManager: Display: Loaded TargetPlatform 'AllDesktop'
[2025.11.16-10.20.17:782][  0]LogTargetPlatformManager: Display: Loaded TargetPlatform 'Android'
[2025.11.16-10.20.17:782][  0]LogTargetPlatformManager: Display: Loaded TargetPlatform 'Android_ASTC'
[2025.11.16-10.20.17:782][  0]LogTargetPlatformManager: Display: Loaded TargetPlatform 'Android_DXT'
[2025.11.16-10.20.17:782][  0]LogTargetPlatformManager: Display: Loaded TargetPlatform 'Android_ETC2'
[2025.11.16-10.20.17:782][  0]LogTargetPlatformManager: Display: Loaded TargetPlatform 'AndroidClient'
[2025.11.16-10.20.17:782][  0]LogTargetPlatformManager: Display: Loaded TargetPlatform 'Android_ASTCClient'
[2025.11.16-10.20.17:782][  0]LogTargetPlatformManager: Display: Loaded TargetPlatform 'Android_DXTClient'
[2025.11.16-10.20.17:782][  0]LogTargetPlatformManager: Display: Loaded TargetPlatform 'Android_ETC2Client'
[2025.11.16-10.20.17:782][  0]LogTargetPlatformManager: Display: Loaded TargetPlatform 'Android_Multi'
[2025.11.16-10.20.17:782][  0]LogTargetPlatformManager: Display: Loaded TargetPlatform 'Android_MultiClient'
[2025.11.16-10.20.17:809][  0]LogTargetPlatformManager: Display: Loaded TargetPlatform 'IOSClient'
[2025.11.16-10.20.17:809][  0]LogTargetPlatformManager: Display: Loaded TargetPlatform 'IOS'
[2025.11.16-10.20.17:819][  0]LogTargetPlatformManager: Display: Loaded TargetPlatform 'Linux'
[2025.11.16-10.20.17:827][  0]LogTargetPlatformManager: Display: Loaded TargetPlatform 'LinuxNoEditor'
[2025.11.16-10.20.17:836][  0]LogTargetPlatformManager: Display: Loaded TargetPlatform 'LinuxClient'
[2025.11.16-10.20.17:844][  0]LogTargetPlatformManager: Display: Loaded TargetPlatform 'LinuxServer'
[2025.11.16-10.20.17:852][  0]LogTargetPlatformManager: Display: Loaded TargetPlatform 'LinuxAArch64NoEditor'
[2025.11.16-10.20.17:860][  0]LogTargetPlatformManager: Display: Loaded TargetPlatform 'LinuxAArch64Client'
[2025.11.16-10.20.17:869][  0]LogTargetPlatformManager: Display: Loaded TargetPlatform 'LinuxAArch64Server'
[2025.11.16-10.20.17:890][  0]LogTargetPlatformManager: Display: Loaded TargetPlatform 'Lumin'
[2025.11.16-10.20.17:890][  0]LogTargetPlatformManager: Display: Loaded TargetPlatform 'LuminClient'
[2025.11.16-10.20.17:904][  0]LogTargetPlatformManager: Display: Loaded TargetPlatform 'TVOSClient'
[2025.11.16-10.20.17:904][  0]LogTargetPlatformManager: Display: Loaded TargetPlatform 'TVOS'
[2025.11.16-10.20.17:913][  0]LogTargetPlatformManager: Display: Loaded TargetPlatform 'WindowsNoEditor'
[2025.11.16-10.20.17:925][  0]LogTargetPlatformManager: Display: Loaded TargetPlatform 'Windows'
[2025.11.16-10.20.17:936][  0]LogTargetPlatformManager: Display: Loaded TargetPlatform 'WindowsClient'
[2025.11.16-10.20.17:944][  0]LogTargetPlatformManager: Display: Loaded TargetPlatform 'WindowsServer'
[2025.11.16-10.20.17:944][  0]LogTargetPlatformManager: Display: Building Assets For Windows
[2025.11.16-10.20.17:951][  0]LogAudioDebug: Display: Lib vorbis DLL was dynamically loaded.
[2025.11.16-10.20.18:031][  0]LogShaderCompilers: Guid format shader working directory is -4 characters bigger than the processId version (../../../../../../Git/Saf/GameUniHack/PixelPerfect/Intermediate/Shaders/WorkingDirectory/25580/).
[2025.11.16-10.20.18:031][  0]LogShaderCompilers: Cleaned the shader compiler working directory 'C:/Users/Dorain/AppData/Local/Temp/UnrealShaderWorkingDir/2DEC617A4FD231E50D45759900146883/'.
[2025.11.16-10.20.18:031][  0]LogXGEController: Cannot use XGE Controller as Incredibuild is not installed on this machine.
[2025.11.16-10.20.18:032][  0]LogShaderCompilers: Cannot use XGE Shader Compiler as Incredibuild is not installed on this machine.
[2025.11.16-10.20.18:032][  0]LogShaderCompilers: Display: Using Local Shader Compiler.
[2025.11.16-10.20.18:797][  0]LogDerivedDataCache: Display: Max Cache Size: 512 MB
[2025.11.16-10.20.18:853][  0]LogDerivedDataCache: Loaded boot cache 0.06s 75MB C:/Users/Dorain/AppData/Local/UnrealEngine/4.25/DerivedDataCache/Boot.ddc.
[2025.11.16-10.20.18:853][  0]LogDerivedDataCache: Display: Loaded Boot cache: C:/Users/Dorain/AppData/Local/UnrealEngine/4.25/DerivedDataCache/Boot.ddc
[2025.11.16-10.20.18:853][  0]LogDerivedDataCache: FDerivedDataBackendGraph:  Pak pak cache file ../../../../../../Git/Saf/GameUniHack/PixelPerfect/DerivedDataCache/DDC.ddp not found, will not use a pak cache.
[2025.11.16-10.20.18:853][  0]LogDerivedDataCache: Unable to find inner node Pak for hierarchical cache Hierarchy.
[2025.11.16-10.20.18:853][  0]LogDerivedDataCache: FDerivedDataBackendGraph:  CompressedPak pak cache file ../../../../../../Git/Saf/GameUniHack/PixelPerfect/DerivedDataCache/Compressed.ddp not found, will not use a pak cache.
[2025.11.16-10.20.18:853][  0]LogDerivedDataCache: Unable to find inner node CompressedPak for hierarchical cache Hierarchy.
[2025.11.16-10.20.18:863][  0]LogDerivedDataCache: Display: Pak cache opened for reading ../../../Engine/DerivedDataCache/Compressed.ddp.
[2025.11.16-10.20.18:864][  0]LogDerivedDataCache: FDerivedDataBackendGraph:  EnterprisePak pak cache file ../../../Enterprise/DerivedDataCache/Compressed.ddp not found, will not use a pak cache.
[2025.11.16-10.20.18:864][  0]LogDerivedDataCache: Unable to find inner node EnterprisePak for hierarchical cache Hierarchy.
[2025.11.16-10.20.18:865][  0]LogDerivedDataCache: Using Local data cache path C:/Users/Dorain/AppData/Local/UnrealEngine/Common/DerivedDataCache: Writable
[2025.11.16-10.20.18:865][  0]LogDerivedDataCache: Shared data cache path not found in *engine.ini, will not use an Shared cache.
[2025.11.16-10.20.18:865][  0]LogDerivedDataCache: Unable to find inner node Shared for hierarchical cache Hierarchy.
[2025.11.16-10.20.18:906][  0]LogSlate: Using FreeType 2.10.0
[2025.11.16-10.20.18:907][  0]LogSlate: SlateFontServices - WITH_FREETYPE: 1, WITH_HARFBUZZ: 1
[2025.11.16-10.20.18:933][  0]LogAssetRegistry: FAssetRegistry took 0.0024 seconds to start up
[2025.11.16-10.20.19:112][  0]LogInit: Selected Device Profile: [Windows]
[2025.11.16-10.20.19:210][  0]LogMeshReduction: Using QuadricMeshReduction for automatic static mesh reduction
[2025.11.16-10.20.19:210][  0]LogMeshReduction: Using SimplygonMeshReduction for automatic skeletal mesh reduction
[2025.11.16-10.20.19:210][  0]LogMeshReduction: Using ProxyLODMeshReduction for automatic mesh merging
[2025.11.16-10.20.19:210][  0]LogMeshReduction: No distributed automatic mesh merging module available
[2025.11.16-10.20.19:210][  0]LogMeshMerging: No distributed automatic mesh merging module available
[2025.11.16-10.20.19:223][  0]LogNetVersion: PixelPerfect 1.0.0, NetCL: 13144385, EngineNetVer: 14, GameNetVer: 0 (Checksum: 3238356578)
[2025.11.16-10.20.19:629][  0]LogAISub: UAISubsystem::UAISubsystem AISubsystem (00000220ACC94380), frame # 0
[2025.11.16-10.20.19:629][  0]LogAISub: UAISubsystem::UAISubsystem AIPerceptionSystem (00000220ACBCEAC0), frame # 0
[2025.11.16-10.20.19:633][  0]LogAISub: UAISubsystem::UAISubsystem EnvQueryManager (00000220ACC31E00), frame # 0
[2025.11.16-10.20.19:719][  0]LogPackageLocalizationCache: Processed 19 localized package path(s) for 1 prioritized culture(s) in 0.071557 seconds
[2025.11.16-10.20.19:724][  0]LogUObjectArray: 15917 objects as part of root set at end of initial load.
[2025.11.16-10.20.19:724][  0]LogUObjectAllocator: 3965568 out of 0 bytes used by permanent object pool.
[2025.11.16-10.20.19:724][  0]LogUObjectArray: CloseDisregardForGC: 0/0 objects in disregard for GC pool
[2025.11.16-10.20.20:131][  0]LogTcpMessaging: Initializing TcpMessaging bridge
[2025.11.16-10.20.20:136][  0]LogUdpMessaging: Initializing bridge on interface 0.0.0.0:0 to multicast group 230.0.0.1:6666.
[2025.11.16-10.20.20:213][  0]SourceControl: Source control is disabled
[2025.11.16-10.20.20:214][  0]SourceControl: Source control is disabled
[2025.11.16-10.20.20:217][  0]SourceControl: Source control is disabled
[2025.11.16-10.20.20:219][  0]SourceControl: Source control is disabled
[2025.11.16-10.20.20:227][  0]SourceControl: Source control is disabled
[2025.11.16-10.20.20:532][  0]LogAndroidPermission: UAndroidPermissionCallbackProxy::GetInstance
[2025.11.16-10.20.20:554][  0]LogAudioCaptureCore: Display: No Audio Capture implementations found. Audio input will be silent.
[2025.11.16-10.20.20:554][  0]LogAudioCaptureCore: Display: No Audio Capture implementations found. Audio input will be silent.
[2025.11.16-10.20.20:596][  0]LogOcInput: OculusInput pre-init called
[2025.11.16-10.20.20:605][  0]LogWindows: Failed to load 'OVRPlugin.dll' (GetLastError=126)
[2025.11.16-10.20.20:605][  0]LogWindows: File 'OVRPlugin.dll' does not exist
[2025.11.16-10.20.20:670][  0]LogEngine: Initializing Engine...
[2025.11.16-10.20.20:674][  0]LogHMD: Failed to initialize OpenVR with code 110
[2025.11.16-10.20.20:674][  0]LogMagicLeap: Warning: VR disabled because ZI is not enabled.  To enable, in the editor, Edit -> Project Settings -> Plugins -> Magic Leap Plugin -> Enable Zero Iteration
[2025.11.16-10.20.20:675][  0]LogStats: UGameplayTagsManager::InitializeManager -  0.000 s
[2025.11.16-10.20.20:777][  0]LogInit: Initializing FReadOnlyCVARCache
[2025.11.16-10.20.20:784][  0]LogAIModule: Creating AISystem for world Untitled
[2025.11.16-10.20.20:784][  0]LogAISub: UAISubsystem::UAISubsystem EnvQueryManager (00000220B3DC0600), frame # 0
[2025.11.16-10.20.20:784][  0]LogAISub: UAISubsystem::UAISubsystem AIPerceptionSystem (00000220B3D73B00), frame # 0
[2025.11.16-10.20.20:799][  0]LogAudioMixer: Display: Audio Mixer Platform Settings:
[2025.11.16-10.20.20:799][  0]LogAudioMixer: Display: 	Sample Rate:						  48000
[2025.11.16-10.20.20:799][  0]LogAudioMixer: Display: 	Callback Buffer Frame Size Requested: 1024
[2025.11.16-10.20.20:799][  0]LogAudioMixer: Display: 	Callback Buffer Frame Size To Use:	  1024
[2025.11.16-10.20.20:799][  0]LogAudioMixer: Display: 	Number of buffers to queue:			  2
[2025.11.16-10.20.20:799][  0]LogAudioMixer: Display: 	Max Channels (voices):				  32
[2025.11.16-10.20.20:799][  0]LogAudioMixer: Display: 	Number of Async Source Workers:		  0
[2025.11.16-10.20.20:799][  0]LogAudio: Display: AudioDevice MaxSources: 32
[2025.11.16-10.20.20:800][  0]LogAudio: Display: Using built-in audio occlusion.
[2025.11.16-10.20.20:800][  0]LogAudioMixer: Display: Initializing audio mixer.
[2025.11.16-10.20.20:812][  0]LogAudioMixer: Display: 0: FrontLeft
[2025.11.16-10.20.20:812][  0]LogAudioMixer: Display: 1: FrontRight
[2025.11.16-10.20.20:844][  0]LogAudioMixer: Display: Using Audio Device FxSound Speakers (FxSound Audio Enhancer)
[2025.11.16-10.20.20:846][  0]LogAudioMixer: Display: Initializing Sound Submixes...
[2025.11.16-10.20.20:849][  0]LogAudioMixer: Display: Creating Master Submix 'MasterSubmixDefault'
[2025.11.16-10.20.20:849][  0]LogAudioMixer: Display: Creating Master Submix 'MasterReverbSubmixDefault'
[2025.11.16-10.20.20:850][  0]LogAudioMixer: Display: Creating Master Submix 'MasterEQSubmixDefault'
[2025.11.16-10.20.20:851][  0]LogInit: FAudioDevice initialized.
[2025.11.16-10.20.20:852][  0]LogNetVersion: Set ProjectVersion to 1.0.0.0. Version Checksum will be recalculated on next use.
[2025.11.16-10.20.20:922][  0]LogDerivedDataCache: Saved boot cache 0.07s 75MB C:/Users/Dorain/AppData/Local/UnrealEngine/4.25/DerivedDataCache/Boot.ddc.
[2025.11.16-10.20.20:923][  0]LogInit: Texture streaming: Enabled
[2025.11.16-10.20.20:954][  0]LogEngineSessionManager: EngineSessionManager initialized
[2025.11.16-10.20.20:954][  0]LogEditorSessionSummary: Verbose: Initializing EditorSessionSummaryWriter for editor session tracking
[2025.11.16-10.20.20:958][  0]LogEditorSessionSummary: EditorSessionSummaryWriter initialized
[2025.11.16-10.20.21:026][  0]LogInit: Transaction tracking system initialized
[2025.11.16-10.20.21:046][  0]BlueprintLog: New page: Editor Load
[2025.11.16-10.20.21:124][  0]LocalizationService: Localization service is disabled
[2025.11.16-10.20.21:290][  0]LogCook: Display: Max memory allowance for cook 16384mb min free memory 0mb
[2025.11.16-10.20.21:290][  0]LogCook: Display: Mobile HDR setting 1
[2025.11.16-10.20.21:428][  0]LogFileCache: Scanning file cache for directory 'C:/Git/Saf/GameUniHack/PixelPerfect/Content/' took 0.02s
[2025.11.16-10.20.21:641][  0]SourceControl: Source control is disabled
[2025.11.16-10.20.21:641][  0]LogUnrealEdMisc: Loading editor; pre map load, took 6.538
[2025.11.16-10.20.21:641][  0]Cmd: MAP LOAD FILE="../../../../../../Git/Saf/GameUniHack/PixelPerfect/Content/Levels/Main.umap" TEMPLATE=0 SHOWPROGRESS=1 FEATURELEVEL=3
[2025.11.16-10.20.21:643][  0]LightingResults: New page: Lighting Build
[2025.11.16-10.20.21:644][  0]LogWorld: UWorld::CleanupWorld for Untitled, bSessionEnded=true, bCleanupResources=true
[2025.11.16-10.20.21:644][  0]LogSlate: InvalidateAllWidgets triggered.  All widgets were invalidated
[2025.11.16-10.20.21:644][  0]MapCheck: New page: Map Check
[2025.11.16-10.20.21:644][  0]LightingResults: New page: Lighting Build
[2025.11.16-10.20.21:669][  0]LogAISub: UAISubsystem::~UAISubsystem EnvQueryManager (00000220B3DC0600), frame # 0
[2025.11.16-10.20.21:669][  0]LogAISub: UAISubsystem::~UAISubsystem AIPerceptionSystem (00000220B3D73B00), frame # 0
[2025.11.16-10.20.21:669][  0]LogUObjectHash: Compacting FUObjectHashTables data took   0.51ms
[2025.11.16-10.20.22:639][  0]LogMaterial: Display: Missing cached shader map for material Wall_Main_Mat, compiling. 
[2025.11.16-10.20.22:682][  0]LogMaterial: Display: Missing cached shader map for material MasterMaterial, compiling. 
[2025.11.16-10.20.22:880][  0]LogShaderCompilers: Display: Worker (1/9): shaders left to compile 15
[2025.11.16-10.20.22:880][  0]LogShaderCompilers: Display: Worker (2/9): shaders left to compile 13
[2025.11.16-10.20.22:880][  0]LogShaderCompilers: Display: Worker (3/9): shaders left to compile 11
[2025.11.16-10.20.22:880][  0]LogShaderCompilers: Display: Worker (4/9): shaders left to compile 9
[2025.11.16-10.20.22:880][  0]LogShaderCompilers: Display: Worker (5/9): shaders left to compile 7
[2025.11.16-10.20.22:880][  0]LogShaderCompilers: Display: Worker (6/9): shaders left to compile 5
[2025.11.16-10.20.22:880][  0]LogShaderCompilers: Display: Worker (7/9): shaders left to compile 3
[2025.11.16-10.20.22:880][  0]LogShaderCompilers: Display: Worker (8/9): shaders left to compile 1
[2025.11.16-10.20.22:880][  0]LogShaderCompilers: Display: Worker (9/9): shaders left to compile 15
[2025.11.16-10.20.22:880][  0]LogAIModule: Creating AISystem for world Main
[2025.11.16-10.20.22:880][  0]LogAISub: UAISubsystem::UAISubsystem EnvQueryManager (00000220A7A5BE00), frame # 0
[2025.11.16-10.20.22:880][  0]LogAISub: UAISubsystem::UAISubsystem AIPerceptionSystem (00000220A7B2A5C0), frame # 0
[2025.11.16-10.20.22:893][  0]LogSkeletalMesh: USkeletalMeshComponent::InitArticulated : Could not find root physics body: '/Game/Levels/Main.Main:PersistentLevel.ComputerBoss_2.CharacterMesh0'
[2025.11.16-10.20.22:894][  0]LogSkeletalMesh: USkeletalMeshComponent::InitArticulated : Could not find root physics body: '/Game/Levels/Main.Main:PersistentLevel.Phone_2.CharacterMesh0'
[2025.11.16-10.20.22:908][  0]LogEditorServer: Finished looking for orphan Actors (0.000 secs)
[2025.11.16-10.20.22:931][  0]LogUObjectHash: Compacting FUObjectHashTables data took   1.08ms
[2025.11.16-10.20.22:932][  0]Cmd: MAP CHECKDEP NOCLEARLOG
[2025.11.16-10.20.22:932][  0]MapCheck: Map check complete: 0 Error(s), 0 Warning(s), took 0.146ms to complete.
[2025.11.16-10.20.22:932][  0]LogFileHelpers: Loading map 'Main' took 1.290
[2025.11.16-10.20.22:935][  0]LogUnrealEdMisc: Total Editor Startup Time, took 7.831
[2025.11.16-10.20.23:133][  0]LogSlate: Updating window title bar state: overlay mode, drag disabled, window buttons hidden, title bar hidden
[2025.11.16-10.20.23:144][  0]LogSlate: Updating window title bar state: overlay mode, drag disabled, window buttons hidden, title bar hidden
[2025.11.16-10.20.23:153][  0]LogSlate: Updating window title bar state: overlay mode, drag disabled, window buttons hidden, title bar hidden
[2025.11.16-10.20.23:162][  0]LogSlate: Updating window title bar state: overlay mode, drag disabled, window buttons hidden, title bar hidden
[2025.11.16-10.20.23:176][  0]LogCollectionManager: Loaded 0 collections in 0.003142 seconds
[2025.11.16-10.20.23:214][  0]LogFileCache: Scanning file cache for directory 'C:/Git/Saf/GameUniHack/PixelPerfect/Saved/Collections/' took 0.00s
[2025.11.16-10.20.23:214][  0]LogFileCache: Scanning file cache for directory 'C:/Git/Saf/GameUniHack/PixelPerfect/Content/Developers/Dorain/Collections/' took 0.00s
[2025.11.16-10.20.23:214][  0]LogFileCache: Scanning file cache for directory 'C:/Git/Saf/GameUniHack/PixelPerfect/Content/Collections/' took 0.00s
[2025.11.16-10.20.23:214][  0]LogContentBrowser: Native class hierarchy populated in 0.0160 seconds. Added 3427 classes and 821 folders.
[2025.11.16-10.20.23:229][  0]LogShaderCompilers: Display: Worker (8/9): shaders left to compile 13
[2025.11.16-10.20.23:229][  0]LogContentBrowser: Native class hierarchy updated for 'WidgetCarousel' in 0.0005 seconds. Added 0 classes and 0 folders.
[2025.11.16-10.20.24:211][  0]LogShaderCompilers: Display: Worker (7/9): shaders left to compile 11
[2025.11.16-10.20.24:211][  0]LogShaderCompilers: Display: Worker (9/9): shaders left to compile 9
[2025.11.16-10.20.24:211][  0]LogShaderCompilers: Display: Worker (2/9): shaders left to compile 7
[2025.11.16-10.20.24:211][  0]LogShaderCompilers: Display: Worker (1/9): shaders left to compile 6
[2025.11.16-10.20.24:211][  0]LogShaderCompilers: Display: Worker (4/9): shaders left to compile 5
[2025.11.16-10.20.24:211][  0]LogShaderCompilers: Display: Worker (6/9): shaders left to compile 4
[2025.11.16-10.20.24:211][  0]LogContentBrowser: Native class hierarchy updated for 'AddContentDialog' in 0.0005 seconds. Added 0 classes and 0 folders.
[2025.11.16-10.20.24:217][  0]LogContentBrowser: Native class hierarchy updated for 'SceneOutliner' in 0.0005 seconds. Added 2 classes and 0 folders.
[2025.11.16-10.20.24:563][  0]LogShaderCompilers: Display: Worker (8/9): shaders left to compile 3
[2025.11.16-10.20.24:563][  0]LogShaderCompilers: Display: Worker (3/9): shaders left to compile 2
[2025.11.16-10.20.24:563][  0]LogShaderCompilers: Display: Worker (5/9): shaders left to compile 1
[2025.11.16-10.20.24:563][  0]LogSlate: Took 0.000372 seconds to synchronously load lazily loaded font '../../../Engine/Content/Slate/Fonts/Roboto-Regular.ttf' (155K)
[2025.11.16-10.20.24:568][  0]LogSlate: Took 0.000463 seconds to synchronously load lazily loaded font '../../../Engine/Content/Slate/Fonts/Roboto-Bold.ttf' (160K)
[2025.11.16-10.20.24:600][  0]LogSlate: Took 0.018496 seconds to synchronously load lazily loaded font '../../../Engine/Content/Editor/Slate/Fonts/FontAwesome.ttf' (139K)
[2025.11.16-10.20.24:784][  0]LogRenderer: Reallocating scene render targets to support 728x416 Format 10 NumSamples 1 (Frame:1).
[2025.11.16-10.20.24:992][  0]LogContentBrowser: Native class hierarchy updated for 'HierarchicalLODOutliner' in 0.0003 seconds. Added 0 classes and 0 folders.
[2025.11.16-10.20.24:992][  0]LogLoad: (Engine Initialization) Total time: 9.89 seconds
[2025.11.16-10.20.24:992][  0]LogLoad: (Engine Initialization) Total Blueprint compile time: 0.00 seconds
[2025.11.16-10.20.25:049][  0]LogAssetRegistry: Asset discovery search completed in 6.1169 seconds
[2025.11.16-10.20.25:053][  0]LogCollectionManager: Fixed up redirectors for 0 collections in 0.000004 seconds (updated 0 objects)
[2025.11.16-10.20.25:056][  0]LogContentStreaming: Texture pool size now 1000 MB
[2025.11.16-10.20.25:126][  0]LogSlate: Took 0.009128 seconds to synchronously load lazily loaded font '../../../Engine/Content/Slate/Fonts/Roboto-Light.ttf' (167K)
[2025.11.16-10.20.35:938][636]LogRenderer: Reallocating scene render targets to support 736x416 Format 10 NumSamples 1 (Frame:634).
[2025.11.16-10.20.35:968][637]LogRenderer: Reallocating scene render targets to support 768x416 Format 10 NumSamples 1 (Frame:636).
[2025.11.16-10.20.36:018][638]LogRenderer: Reallocating scene render targets to support 848x416 Format 10 NumSamples 1 (Frame:638).
[2025.11.16-10.20.36:058][639]LogRenderer: Reallocating scene render targets to support 904x416 Format 10 NumSamples 1 (Frame:640).
[2025.11.16-10.20.38:768][799]LogTemp: Repeating last play command: Selected Viewport
[2025.11.16-10.20.38:793][799]LogPlayLevel: PlayLevel: No blueprints needed recompiling
[2025.11.16-10.20.38:798][799]PIE: New page: PIE session: Main (Nov 16, 2025, 2:20:38 PM)
[2025.11.16-10.20.38:800][799]LogOnline: OSS: Creating online subsystem instance for: NULL
[2025.11.16-10.20.38:801][799]LogOnline: OSS: TryLoadSubsystemAndSetDefault: Loaded subsystem for module [NULL]
[2025.11.16-10.20.38:802][799]LogPlayLevel: Creating play world package: /Game/Levels/UEDPIE_0_Main
[2025.11.16-10.20.38:808][799]LogPlayLevel: PIE: StaticDuplicateObject took: (0.005497s)
[2025.11.16-10.20.38:809][799]LogAIModule: Creating AISystem for world Main
[2025.11.16-10.20.38:809][799]LogAISub: UAISubsystem::UAISubsystem EnvQueryManager (000002210408BE00), frame # 799
[2025.11.16-10.20.38:809][799]LogAISub: UAISubsystem::UAISubsystem AIPerceptionSystem (00000220A05DFB00), frame # 799
[2025.11.16-10.20.38:810][799]LogPlayLevel: PIE: World Init took: (0.001416s)
[2025.11.16-10.20.38:810][799]LogPlayLevel: PIE: Created PIE world by copying editor world from /Game/Levels/Main.Main to /Game/Levels/UEDPIE_0_Main.Main (0.007414s)
[2025.11.16-10.20.38:833][799]LogUObjectHash: Compacting FUObjectHashTables data took   0.52ms
[2025.11.16-10.20.38:836][799]LogAudioMixer: Display: Audio Mixer Platform Settings:
[2025.11.16-10.20.38:836][799]LogAudioMixer: Display: 	Sample Rate:						  48000
[2025.11.16-10.20.38:836][799]LogAudioMixer: Display: 	Callback Buffer Frame Size Requested: 1024
[2025.11.16-10.20.38:836][799]LogAudioMixer: Display: 	Callback Buffer Frame Size To Use:	  1024
[2025.11.16-10.20.38:836][799]LogAudioMixer: Display: 	Number of buffers to queue:			  2
[2025.11.16-10.20.38:836][799]LogAudioMixer: Display: 	Max Channels (voices):				  32
[2025.11.16-10.20.38:836][799]LogAudioMixer: Display: 	Number of Async Source Workers:		  0
[2025.11.16-10.20.38:836][799]LogAudio: Display: AudioDevice MaxSources: 32
[2025.11.16-10.20.38:836][799]LogAudio: Display: Using built-in audio occlusion.
[2025.11.16-10.20.38:836][799]LogAudioMixer: Display: Initializing audio mixer.
[2025.11.16-10.20.38:839][799]LogAudioMixer: Display: 0: FrontLeft
[2025.11.16-10.20.38:839][799]LogAudioMixer: Display: 1: FrontRight
[2025.11.16-10.20.38:850][799]LogAudioMixer: Display: Using Audio Device FxSound Speakers (FxSound Audio Enhancer)
[2025.11.16-10.20.38:850][799]LogAudioMixer: Display: Initializing Sound Submixes...
[2025.11.16-10.20.38:850][799]LogAudioMixer: Display: Creating Master Submix 'MasterSubmixDefault'
[2025.11.16-10.20.38:850][799]LogAudioMixer: Display: Creating Master Submix 'MasterReverbSubmixDefault'
[2025.11.16-10.20.38:850][799]LogAudioMixer: Display: Creating Master Submix 'MasterEQSubmixDefault'
[2025.11.16-10.20.38:870][799]LogInit: FAudioDevice initialized.
[2025.11.16-10.20.38:888][799]LogLoad: Game class is 'PlayerGameModeBase_C'
[2025.11.16-10.20.38:906][799]LogSkeletalMesh: USkeletalMeshComponent::InitArticulated : Could not find root physics body: '/Game/Levels/UEDPIE_0_Main.Main:PersistentLevel.ComputerBoss_2.CharacterMesh0'
[2025.11.16-10.20.38:907][799]LogSkeletalMesh: USkeletalMeshComponent::InitArticulated : Could not find root physics body: '/Game/Levels/UEDPIE_0_Main.Main:PersistentLevel.Phone_2.CharacterMesh0'
[2025.11.16-10.20.38:907][799]LogWorld: Bringing World /Game/Levels/UEDPIE_0_Main.Main up for play (max tick rate 60) at 2025.11.16-12.20.38
[2025.11.16-10.20.38:927][799]LogWorld: Bringing up level for play took: 0.025053
[2025.11.16-10.20.38:928][799]LogOnline: OSS: Creating online subsystem instance for: :Context_1
[2025.11.16-10.20.38:944][799]LogContentBrowser: Native class hierarchy updated for 'MovieSceneCapture' in 0.0006 seconds. Added 20 classes and 0 folders.
[2025.11.16-10.20.38:963][799]PIE: Server logged in
[2025.11.16-10.20.38:966][799]PIE: Play in editor total start time 0.176 seconds.
[2025.11.16-10.21.07:315][496]LogBlueprintUserMessages: [GrabCamera_5] Hello
[2025.11.16-10.21.15:591][989]LogSlate: Updating window title bar state: overlay mode, drag disabled, window buttons hidden, title bar hidden
[2025.11.16-10.21.15:591][989]LogWorld: BeginTearingDown for /Game/Levels/UEDPIE_0_Main
[2025.11.16-10.21.15:593][989]LogWorld: UWorld::CleanupWorld for Main, bSessionEnded=true, bCleanupResources=true
[2025.11.16-10.21.15:594][989]LogSlate: InvalidateAllWidgets triggered.  All widgets were invalidated
[2025.11.16-10.21.15:609][989]LogPlayLevel: Display: Shutting down PIE online subsystems
[2025.11.16-10.21.15:614][989]LogSlate: InvalidateAllWidgets triggered.  All widgets were invalidated
[2025.11.16-10.21.15:679][989]LogSlate: Updating window title bar state: overlay mode, drag disabled, window buttons hidden, title bar hidden
[2025.11.16-10.21.15:682][989]LogAISub: UAISubsystem::~UAISubsystem AIPerceptionSystem (00000220A05DFB00), frame # 2989
[2025.11.16-10.21.15:682][989]LogAISub: UAISubsystem::~UAISubsystem EnvQueryManager (000002210408BE00), frame # 2989
[2025.11.16-10.21.15:684][989]LogUObjectHash: Compacting FUObjectHashTables data took   0.74ms
[2025.11.16-10.21.15:715][990]LogPlayLevel: Display: Destroying online subsystem :Context_1
[2025.11.16-10.21.29:844][832]LogEditorViewport: Clicking on Actor (LMB): StaticMeshActor (Cube)
[2025.11.16-10.21.30:045][839]LogSlate: Took 0.000271 seconds to synchronously load lazily loaded font '../../../Engine/Content/Slate/Fonts/Roboto-Light.ttf' (167K)
[2025.11.16-10.21.30:090][839]Cmd: OBJ SAVEPACKAGE PACKAGE="/Game/Levels/Main" FILE="../../../../../../Git/Saf/GameUniHack/PixelPerfect/Content/Levels/Main.umap" SILENT=true AUTOSAVING=false KEEPDIRTY=false
[2025.11.16-10.21.30:118][839]LogUObjectHash: Compacting FUObjectHashTables data took   0.49ms
[2025.11.16-10.21.30:231][839]LogSavePackage: Moving '../../../../../../Git/Saf/GameUniHack/PixelPerfect/Saved/MainE24A103C41372A38761A968E871BA158.tmp' to '../../../../../../Git/Saf/GameUniHack/PixelPerfect/Content/Levels/Main.umap'
[2025.11.16-10.21.30:277][839]AssetCheck: New page: Asset Save: Main
[2025.11.16-10.21.30:277][839]LogContentValidation: Display: Validating World /Game/Levels/Main.Main
[2025.11.16-10.21.30:550][856]LogEditorViewport: Clicking on Actor (LMB): BP_Sky_Sphere_C (BP_Sky_Sphere)
[2025.11.16-10.21.42:073][334]LogEditorViewport: Clicking on Actor (LMB): BP_Sky_Sphere_C (BP_Sky_Sphere)
[2025.11.16-10.21.42:191][339]Cmd: OBJ SAVEPACKAGE PACKAGE="/Game/Levels/Main" FILE="../../../../../../Git/Saf/GameUniHack/PixelPerfect/Content/Levels/Main.umap" SILENT=true AUTOSAVING=false KEEPDIRTY=false
[2025.11.16-10.21.42:221][339]LogUObjectHash: Compacting FUObjectHashTables data took   0.33ms
[2025.11.16-10.21.42:259][339]LogSavePackage: Moving '../../../../../../Git/Saf/GameUniHack/PixelPerfect/Saved/MainF7D4AA1844714BF75E7D51BD80A7158B.tmp' to '../../../../../../Git/Saf/GameUniHack/PixelPerfect/Content/Levels/Main.umap'
[2025.11.16-10.21.42:321][339]AssetCheck: New page: Asset Save: Main
[2025.11.16-10.21.42:321][339]LogContentValidation: Display: Validating World /Game/Levels/Main.Main
[2025.11.16-10.21.53:940][927]LogSlate: Window 'Pick Parent Class' being destroyed
[2025.11.16-10.22.08:514][790]LogAssetEditorSubsystem: Opening Asset editor for Blueprint /Game/Puzzle/Widgets/UI_Puzzle.UI_Puzzle
[2025.11.16-10.22.09:387][790]LogContentBrowser: Native class hierarchy updated for 'BlueprintGraph' in 0.0007 seconds. Added 125 classes and 0 folders.
[2025.11.16-10.22.12:076][861]LogRenderer: Reallocating scene render targets to support 904x512 Format 10 NumSamples 1 (Frame:72).
[2025.11.16-10.22.12:178][867]LogSlate: Window 'UI_Puzzle' being destroyed
[2025.11.16-10.22.12:186][868]LogRenderer: Reallocating scene render targets to support 1128x520 Format 10 NumSamples 1 (Frame:3725).
[2025.11.16-10.22.12:828][898]LogSlate: Took 0.016307 seconds to synchronously load lazily loaded font '../../../Engine/Content/Slate/Fonts/Roboto-Italic.ttf' (157K)
[2025.11.16-10.22.13:650][944]Cmd: OBJ SAVEPACKAGE PACKAGE="/Game/Puzzle/Widgets/UI_Puzzle" FILE="../../../../../../Git/Saf/GameUniHack/PixelPerfect/Content/Puzzle/Widgets/UI_Puzzle.uasset" SILENT=true
[2025.11.16-10.22.13:664][944]LogSavePackage: Moving '../../../../../../Git/Saf/GameUniHack/PixelPerfect/Saved/UI_Puzzle4EBEA377470156A4745700A2AEB37CD6.tmp' to '../../../../../../Git/Saf/GameUniHack/PixelPerfect/Content/Puzzle/Widgets/UI_Puzzle.uasset'
[2025.11.16-10.22.13:698][944]AssetCheck: New page: Asset Save: UI_Puzzle
[2025.11.16-10.22.13:698][944]LogContentValidation: Display: Validating Blueprint /Game/Puzzle/Widgets/UI_Puzzle.UI_Puzzle
[2025.11.16-10.22.51:847][948]BlueprintLog: New page: Compile UI_Puzzle
[2025.11.16-10.22.51:902][948]LogUObjectHash: Compacting FUObjectHashTables data took   1.81ms
[2025.11.16-10.22.51:942][948]LogSlate: Took 0.009203 seconds to synchronously load lazily loaded font '../../../Engine/Content/Slate/Fonts/DroidSansMono.ttf' (77K)
[2025.11.16-10.22.52:175][959]Cmd: OBJ SAVEPACKAGE PACKAGE="/Game/Puzzle/Widgets/UI_Puzzle" FILE="../../../../../../Git/Saf/GameUniHack/PixelPerfect/Content/Puzzle/Widgets/UI_Puzzle.uasset" SILENT=true
[2025.11.16-10.22.52:219][959]LogSavePackage: Moving '../../../../../../Git/Saf/GameUniHack/PixelPerfect/Saved/UI_Puzzle23214A854A84B82D8D6F13A464FB500F.tmp' to '../../../../../../Git/Saf/GameUniHack/PixelPerfect/Content/Puzzle/Widgets/UI_Puzzle.uasset'
[2025.11.16-10.22.52:240][959]AssetCheck: New page: Asset Save: UI_Puzzle
[2025.11.16-10.22.52:240][959]LogContentValidation: Display: Validating Blueprint /Game/Puzzle/Widgets/UI_Puzzle.UI_Puzzle
[2025.11.16-10.22.56:511][205]BlueprintLog: New page: Compile UI_Puzzle
[2025.11.16-10.22.56:552][205]LogUObjectHash: Compacting FUObjectHashTables data took   1.77ms
[2025.11.16-10.22.56:958][226]Cmd: OBJ SAVEPACKAGE PACKAGE="/Game/Puzzle/Widgets/UI_Puzzle" FILE="../../../../../../Git/Saf/GameUniHack/PixelPerfect/Content/Puzzle/Widgets/UI_Puzzle.uasset" SILENT=true
[2025.11.16-10.22.56:986][226]LogSavePackage: Moving '../../../../../../Git/Saf/GameUniHack/PixelPerfect/Saved/UI_PuzzleF732AEFA4E1F7FC05B765BAD3CB44689.tmp' to '../../../../../../Git/Saf/GameUniHack/PixelPerfect/Content/Puzzle/Widgets/UI_Puzzle.uasset'
[2025.11.16-10.22.57:015][226]AssetCheck: New page: Asset Save: UI_Puzzle
[2025.11.16-10.22.57:015][226]LogContentValidation: Display: Validating Blueprint /Game/Puzzle/Widgets/UI_Puzzle.UI_Puzzle
[2025.11.16-10.23.06:768][805]Cmd: OBJ SAVEPACKAGE PACKAGE="/Game/Puzzle/Widgets/UI_Puzzle" FILE="../../../../../../Git/Saf/GameUniHack/PixelPerfect/Content/Puzzle/Widgets/UI_Puzzle.uasset" SILENT=true
[2025.11.16-10.23.06:802][805]LogSavePackage: Moving '../../../../../../Git/Saf/GameUniHack/PixelPerfect/Saved/UI_Puzzle9C92A2764829C7CEC2490DA3F54245B6.tmp' to '../../../../../../Git/Saf/GameUniHack/PixelPerfect/Content/Puzzle/Widgets/UI_Puzzle.uasset'
[2025.11.16-10.23.06:815][805]AssetCheck: New page: Asset Save: UI_Puzzle
[2025.11.16-10.23.06:815][805]LogContentValidation: Display: Validating Blueprint /Game/Puzzle/Widgets/UI_Puzzle.UI_Puzzle
[2025.11.16-10.23.11:278][ 57]LogSlate: Window 'Color Picker' being destroyed
[2025.11.16-10.23.12:626][135]BlueprintLog: New page: Compile UI_Puzzle
[2025.11.16-10.23.12:668][135]LogUObjectHash: Compacting FUObjectHashTables data took   1.84ms
[2025.11.16-10.23.13:153][160]Cmd: OBJ SAVEPACKAGE PACKAGE="/Game/Puzzle/Widgets/UI_Puzzle" FILE="../../../../../../Git/Saf/GameUniHack/PixelPerfect/Content/Puzzle/Widgets/UI_Puzzle.uasset" SILENT=true
[2025.11.16-10.23.13:195][160]LogSavePackage: Moving '../../../../../../Git/Saf/GameUniHack/PixelPerfect/Saved/UI_PuzzleDD78E0E04BF5E3695FD9F7915D4A8622.tmp' to '../../../../../../Git/Saf/GameUniHack/PixelPerfect/Content/Puzzle/Widgets/UI_Puzzle.uasset'
[2025.11.16-10.23.13:216][160]AssetCheck: New page: Asset Save: UI_Puzzle
[2025.11.16-10.23.13:216][160]LogContentValidation: Display: Validating Blueprint /Game/Puzzle/Widgets/UI_Puzzle.UI_Puzzle
[2025.11.16-10.23.17:090][391]BlueprintLog: New page: Compile UI_Puzzle
[2025.11.16-10.23.17:137][391]LogUObjectHash: Compacting FUObjectHashTables data took   2.49ms
[2025.11.16-10.23.17:433][405]Cmd: OBJ SAVEPACKAGE PACKAGE="/Game/Puzzle/Widgets/UI_Puzzle" FILE="../../../../../../Git/Saf/GameUniHack/PixelPerfect/Content/Puzzle/Widgets/UI_Puzzle.uasset" SILENT=true
[2025.11.16-10.23.17:469][405]LogSavePackage: Moving '../../../../../../Git/Saf/GameUniHack/PixelPerfect/Saved/UI_Puzzle0C8B17E64C64F3D07DB727B325C62FFF.tmp' to '../../../../../../Git/Saf/GameUniHack/PixelPerfect/Content/Puzzle/Widgets/UI_Puzzle.uasset'
[2025.11.16-10.23.17:487][405]AssetCheck: New page: Asset Save: UI_Puzzle
[2025.11.16-10.23.17:487][405]LogContentValidation: Display: Validating Blueprint /Game/Puzzle/Widgets/UI_Puzzle.UI_Puzzle
[2025.11.16-10.23.17:970][432]Cmd: OBJ SAVEPACKAGE PACKAGE="/Game/Puzzle/Widgets/UI_Puzzle" FILE="../../../../../../Git/Saf/GameUniHack/PixelPerfect/Content/Puzzle/Widgets/UI_Puzzle.uasset" SILENT=true
[2025.11.16-10.23.17:998][432]LogSavePackage: Moving '../../../../../../Git/Saf/GameUniHack/PixelPerfect/Saved/UI_Puzzle0D7B56C846A5DF1FBE723A8EBBA414BE.tmp' to '../../../../../../Git/Saf/GameUniHack/PixelPerfect/Content/Puzzle/Widgets/UI_Puzzle.uasset'
[2025.11.16-10.23.18:014][432]AssetCheck: New page: Asset Save: UI_Puzzle
[2025.11.16-10.23.18:014][432]LogContentValidation: Display: Validating Blueprint /Game/Puzzle/Widgets/UI_Puzzle.UI_Puzzle
[2025.11.16-10.23.22:459][682]LogEditorViewport: Clicking on Actor (LMB): Puzzle_C (Puzzle2)
[2025.11.16-10.23.22:870][705]LogEditorViewport: Clicking on Actor (LMB): Physics_IDK_C (Physics_IDK2)
[2025.11.16-10.23.24:376][794]LogEditorViewport: Clicking on Actor (LMB): Puzzle_C (Puzzle2)
[2025.11.16-10.23.29:043][ 60]LogAssetEditorSubsystem: Opening Asset editor for Blueprint /Game/Puzzle/Puzzle.Puzzle
[2025.11.16-10.23.29:432][ 60]LogSlate: Took 0.000223 seconds to synchronously load lazily loaded font '../../../Engine/Content/Slate/Fonts/Roboto-BoldCondensed.ttf' (158K)
[2025.11.16-10.23.33:074][241]BlueprintLog: New page: Compile Puzzle
[2025.11.16-10.23.33:163][241]LogUObjectHash: Compacting FUObjectHashTables data took   1.70ms
[2025.11.16-10.23.58:250][252]BlueprintLog: New page: Compile Puzzle
[2025.11.16-10.23.58:341][252]LogUObjectHash: Compacting FUObjectHashTables data took   1.85ms
[2025.11.16-10.23.58:696][266]Cmd: OBJ SAVEPACKAGE PACKAGE="/Game/Puzzle/Puzzle" FILE="../../../../../../Git/Saf/GameUniHack/PixelPerfect/Content/Puzzle/Puzzle.uasset" SILENT=true
[2025.11.16-10.23.58:770][266]LogSavePackage: Moving '../../../../../../Git/Saf/GameUniHack/PixelPerfect/Saved/PuzzleC87B9F7A4EEC7D249FFE519ED88D7D90.tmp' to '../../../../../../Git/Saf/GameUniHack/PixelPerfect/Content/Puzzle/Puzzle.uasset'
[2025.11.16-10.23.58:787][266]AssetCheck: New page: Asset Save: Puzzle
[2025.11.16-10.23.58:787][266]LogContentValidation: Display: Validating Blueprint /Game/Puzzle/Puzzle.Puzzle
[2025.11.16-10.24.10:458][961]BlueprintLog: New page: Compile Puzzle
[2025.11.16-10.24.10:554][961]LogUObjectHash: Compacting FUObjectHashTables data took   2.00ms
[2025.11.16-10.24.10:777][970]Cmd: OBJ SAVEPACKAGE PACKAGE="/Game/Puzzle/Puzzle" FILE="../../../../../../Git/Saf/GameUniHack/PixelPerfect/Content/Puzzle/Puzzle.uasset" SILENT=true
[2025.11.16-10.24.10:841][970]LogSavePackage: Moving '../../../../../../Git/Saf/GameUniHack/PixelPerfect/Saved/Puzzle735CC65A4371D3D661A1678861A6366F.tmp' to '../../../../../../Git/Saf/GameUniHack/PixelPerfect/Content/Puzzle/Puzzle.uasset'
[2025.11.16-10.24.10:857][970]AssetCheck: New page: Asset Save: Puzzle
[2025.11.16-10.24.10:857][970]LogContentValidation: Display: Validating Blueprint /Game/Puzzle/Puzzle.Puzzle
[2025.11.16-10.24.11:302][995]Cmd: OBJ SAVEPACKAGE PACKAGE="/Game/Puzzle/Puzzle" FILE="../../../../../../Git/Saf/GameUniHack/PixelPerfect/Content/Puzzle/Puzzle.uasset" SILENT=true
[2025.11.16-10.24.11:364][995]LogSavePackage: Moving '../../../../../../Git/Saf/GameUniHack/PixelPerfect/Saved/Puzzle2E0C0E684513CDBD71D2CC872A13818C.tmp' to '../../../../../../Git/Saf/GameUniHack/PixelPerfect/Content/Puzzle/Puzzle.uasset'
[2025.11.16-10.24.11:395][995]AssetCheck: New page: Asset Save: Puzzle
[2025.11.16-10.24.11:395][995]LogContentValidation: Display: Validating Blueprint /Game/Puzzle/Puzzle.Puzzle
[2025.11.16-10.24.14:662][187]Cmd: OBJ SAVEPACKAGE PACKAGE="/Game/Puzzle/Puzzle" FILE="../../../../../../Git/Saf/GameUniHack/PixelPerfect/Content/Puzzle/Puzzle.uasset" SILENT=true
[2025.11.16-10.24.14:726][187]LogSavePackage: Moving '../../../../../../Git/Saf/GameUniHack/PixelPerfect/Saved/PuzzleB9EE0922442E3C68EAAF1FB8B7D1EB66.tmp' to '../../../../../../Git/Saf/GameUniHack/PixelPerfect/Content/Puzzle/Puzzle.uasset'
[2025.11.16-10.24.14:742][187]AssetCheck: New page: Asset Save: Puzzle
[2025.11.16-10.24.14:743][187]LogContentValidation: Display: Validating Blueprint /Game/Puzzle/Puzzle.Puzzle
[2025.11.16-10.24.15:177][213]BlueprintLog: New page: Compile Puzzle
[2025.11.16-10.24.15:265][213]LogUObjectHash: Compacting FUObjectHashTables data took   1.94ms
[2025.11.16-10.24.15:590][226]Cmd: OBJ SAVEPACKAGE PACKAGE="/Game/Puzzle/Puzzle" FILE="../../../../../../Git/Saf/GameUniHack/PixelPerfect/Content/Puzzle/Puzzle.uasset" SILENT=true
[2025.11.16-10.24.15:655][226]LogSavePackage: Moving '../../../../../../Git/Saf/GameUniHack/PixelPerfect/Saved/Puzzle9A3B03C546793A5C1CDF4E9D76E13685.tmp' to '../../../../../../Git/Saf/GameUniHack/PixelPerfect/Content/Puzzle/Puzzle.uasset'
[2025.11.16-10.24.15:687][226]AssetCheck: New page: Asset Save: Puzzle
[2025.11.16-10.24.15:687][226]LogContentValidation: Display: Validating Blueprint /Game/Puzzle/Puzzle.Puzzle
[2025.11.16-10.24.22:811][629]BlueprintLog: New page: Compile Puzzle
[2025.11.16-10.24.22:897][629]LogUObjectHash: Compacting FUObjectHashTables data took   1.84ms
[2025.11.16-10.24.23:172][641]Cmd: OBJ SAVEPACKAGE PACKAGE="/Game/Puzzle/Puzzle" FILE="../../../../../../Git/Saf/GameUniHack/PixelPerfect/Content/Puzzle/Puzzle.uasset" SILENT=true
[2025.11.16-10.24.23:246][641]LogSavePackage: Moving '../../../../../../Git/Saf/GameUniHack/PixelPerfect/Saved/Puzzle04996D4347F6E5E229DC8BA90F9976B6.tmp' to '../../../../../../Git/Saf/GameUniHack/PixelPerfect/Content/Puzzle/Puzzle.uasset'
[2025.11.16-10.24.23:270][641]AssetCheck: New page: Asset Save: Puzzle
[2025.11.16-10.24.23:270][641]LogContentValidation: Display: Validating Blueprint /Game/Puzzle/Puzzle.Puzzle
[2025.11.16-10.24.23:467][651]Cmd: OBJ SAVEPACKAGE PACKAGE="/Game/Puzzle/Puzzle" FILE="../../../../../../Git/Saf/GameUniHack/PixelPerfect/Content/Puzzle/Puzzle.uasset" SILENT=true
[2025.11.16-10.24.23:528][651]LogSavePackage: Moving '../../../../../../Git/Saf/GameUniHack/PixelPerfect/Saved/PuzzleB1AB7188445CD134291237B2657506C7.tmp' to '../../../../../../Git/Saf/GameUniHack/PixelPerfect/Content/Puzzle/Puzzle.uasset'
[2025.11.16-10.24.23:576][651]AssetCheck: New page: Asset Save: Puzzle
[2025.11.16-10.24.23:576][651]LogContentValidation: Display: Validating Blueprint /Game/Puzzle/Puzzle.Puzzle
[2025.11.16-10.24.25:030][734]Cmd: OBJ SAVEPACKAGE PACKAGE="/Game/Levels/Main" FILE="../../../../../../Git/Saf/GameUniHack/PixelPerfect/Content/Levels/Main.umap" SILENT=true AUTOSAVING=false KEEPDIRTY=false
[2025.11.16-10.24.25:069][734]LogUObjectHash: Compacting FUObjectHashTables data took   2.65ms
[2025.11.16-10.24.25:103][734]LogSavePackage: Moving '../../../../../../Git/Saf/GameUniHack/PixelPerfect/Saved/MainFD92B9364FD6B2E1D733C591E0D17B39.tmp' to '../../../../../../Git/Saf/GameUniHack/PixelPerfect/Content/Levels/Main.umap'
[2025.11.16-10.24.25:144][734]AssetCheck: New page: Asset Save: Main
[2025.11.16-10.24.25:144][734]LogContentValidation: Display: Validating World /Game/Levels/Main.Main
[2025.11.16-10.24.26:968][843]LogEditorViewport: Clicking on Actor (LMB): Puzzle_C (Puzzle2)
[2025.11.16-10.24.32:070][128]LogEditorViewport: Clicking on Actor (LMB): Puzzle_C (Puzzle2)
[2025.11.16-10.24.39:327][539]Cmd: OBJ SAVEPACKAGE PACKAGE="/Game/Levels/Main" FILE="../../../../../../Git/Saf/GameUniHack/PixelPerfect/Content/Levels/Main.umap" SILENT=true AUTOSAVING=false KEEPDIRTY=false
[2025.11.16-10.24.39:358][539]LogUObjectHash: Compacting FUObjectHashTables data took   1.55ms
[2025.11.16-10.24.39:392][539]LogSavePackage: Moving '../../../../../../Git/Saf/GameUniHack/PixelPerfect/Saved/Main82F0532841FAFFED23E084B01D7EA42C.tmp' to '../../../../../../Git/Saf/GameUniHack/PixelPerfect/Content/Levels/Main.umap'
[2025.11.16-10.24.39:437][539]AssetCheck: New page: Asset Save: Main
[2025.11.16-10.24.39:437][539]LogContentValidation: Display: Validating World /Game/Levels/Main.Main
[2025.11.16-10.24.42:612][726]Cmd: OBJ SAVEPACKAGE PACKAGE="/Game/Levels/Main" FILE="../../../../../../Git/Saf/GameUniHack/PixelPerfect/Content/Levels/Main.umap" SILENT=true AUTOSAVING=false KEEPDIRTY=false
[2025.11.16-10.24.42:638][726]LogUObjectHash: Compacting FUObjectHashTables data took   0.38ms
[2025.11.16-10.24.42:672][726]LogSavePackage: Moving '../../../../../../Git/Saf/GameUniHack/PixelPerfect/Saved/Main19CC2F6347EEE24024A69682B2C9D74B.tmp' to '../../../../../../Git/Saf/GameUniHack/PixelPerfect/Content/Levels/Main.umap'
[2025.11.16-10.24.42:717][726]AssetCheck: New page: Asset Save: Main
[2025.11.16-10.24.42:717][726]LogContentValidation: Display: Validating World /Game/Levels/Main.Main
[2025.11.16-10.25.06:245][ 78]BlueprintLog: New page: Compile Puzzle
[2025.11.16-10.25.06:330][ 78]LogUObjectHash: Compacting FUObjectHashTables data took   1.55ms
[2025.11.16-10.25.06:736][ 93]Cmd: OBJ SAVEPACKAGE PACKAGE="/Game/Puzzle/Puzzle" FILE="../../../../../../Git/Saf/GameUniHack/PixelPerfect/Content/Puzzle/Puzzle.uasset" SILENT=true
[2025.11.16-10.25.06:796][ 93]LogSavePackage: Moving '../../../../../../Git/Saf/GameUniHack/PixelPerfect/Saved/Puzzle6F2FCF294BF9F0F32694049ADC7ED96A.tmp' to '../../../../../../Git/Saf/GameUniHack/PixelPerfect/Content/Puzzle/Puzzle.uasset'
[2025.11.16-10.25.06:811][ 93]AssetCheck: New page: Asset Save: Puzzle
[2025.11.16-10.25.06:811][ 93]LogContentValidation: Display: Validating Blueprint /Game/Puzzle/Puzzle.Puzzle
[2025.11.16-10.25.07:498][131]Cmd: OBJ SAVEPACKAGE PACKAGE="/Game/Puzzle/Puzzle" FILE="../../../../../../Git/Saf/GameUniHack/PixelPerfect/Content/Puzzle/Puzzle.uasset" SILENT=true
[2025.11.16-10.25.07:557][131]LogSavePackage: Moving '../../../../../../Git/Saf/GameUniHack/PixelPerfect/Saved/Puzzle5BFD3B184A1DAA6A3FFF16B514BB50FB.tmp' to '../../../../../../Git/Saf/GameUniHack/PixelPerfect/Content/Puzzle/Puzzle.uasset'
[2025.11.16-10.25.07:576][131]AssetCheck: New page: Asset Save: Puzzle
[2025.11.16-10.25.07:576][131]LogContentValidation: Display: Validating Blueprint /Game/Puzzle/Puzzle.Puzzle
[2025.11.16-10.25.11:706][370]Cmd: OBJ SAVEPACKAGE PACKAGE="/Game/Puzzle/Puzzle" FILE="../../../../../../Git/Saf/GameUniHack/PixelPerfect/Content/Puzzle/Puzzle.uasset" SILENT=true
[2025.11.16-10.25.11:797][370]LogSavePackage: Moving '../../../../../../Git/Saf/GameUniHack/PixelPerfect/Saved/Puzzle242B130F4FB58A14CBA4E6BF41F99CF5.tmp' to '../../../../../../Git/Saf/GameUniHack/PixelPerfect/Content/Puzzle/Puzzle.uasset'
[2025.11.16-10.25.11:818][370]AssetCheck: New page: Asset Save: Puzzle
[2025.11.16-10.25.11:818][370]LogContentValidation: Display: Validating Blueprint /Game/Puzzle/Puzzle.Puzzle
[2025.11.16-10.25.13:366][457]LogEditorViewport: Clicking on Actor (LMB): BP_Sky_Sphere_C (BP_Sky_Sphere)
[2025.11.16-10.25.13:527][463]Cmd: OBJ SAVEPACKAGE PACKAGE="/Game/Levels/Main" FILE="../../../../../../Git/Saf/GameUniHack/PixelPerfect/Content/Levels/Main.umap" SILENT=true AUTOSAVING=false KEEPDIRTY=false
[2025.11.16-10.25.13:562][463]LogUObjectHash: Compacting FUObjectHashTables data took   1.79ms
[2025.11.16-10.25.13:597][463]LogSavePackage: Moving '../../../../../../Git/Saf/GameUniHack/PixelPerfect/Saved/MainBE0FDB084A1E6DE54FD4F7BFDB09AA7B.tmp' to '../../../../../../Git/Saf/GameUniHack/PixelPerfect/Content/Levels/Main.umap'
[2025.11.16-10.25.13:637][463]AssetCheck: New page: Asset Save: Main
[2025.11.16-10.25.13:637][463]LogContentValidation: Display: Validating World /Game/Levels/Main.Main
[2025.11.16-10.25.17:433][680]Cmd: OBJ SAVEPACKAGE PACKAGE="/Game/Puzzle/Widgets/UI_Puzzle" FILE="../../../../../../Git/Saf/GameUniHack/PixelPerfect/Content/Puzzle/Widgets/UI_Puzzle.uasset" SILENT=true
[2025.11.16-10.25.17:458][680]LogSavePackage: Moving '../../../../../../Git/Saf/GameUniHack/PixelPerfect/Saved/UI_Puzzle42E08C504F3EEAEA08802283DA57EC20.tmp' to '../../../../../../Git/Saf/GameUniHack/PixelPerfect/Content/Puzzle/Widgets/UI_Puzzle.uasset'
[2025.11.16-10.25.17:471][680]AssetCheck: New page: Asset Save: UI_Puzzle
[2025.11.16-10.25.17:472][680]LogContentValidation: Display: Validating Blueprint /Game/Puzzle/Widgets/UI_Puzzle.UI_Puzzle
[2025.11.16-10.25.21:711][912]BlueprintLog: New page: Compile UI_Puzzle
[2025.11.16-10.25.21:750][912]LogUObjectHash: Compacting FUObjectHashTables data took   1.66ms
[2025.11.16-10.25.22:037][925]Cmd: OBJ SAVEPACKAGE PACKAGE="/Game/Puzzle/Widgets/UI_Puzzle" FILE="../../../../../../Git/Saf/GameUniHack/PixelPerfect/Content/Puzzle/Widgets/UI_Puzzle.uasset" SILENT=true
[2025.11.16-10.25.22:062][925]LogSavePackage: Moving '../../../../../../Git/Saf/GameUniHack/PixelPerfect/Saved/UI_Puzzle4B4631194A4337B14C2600B513AC37D8.tmp' to '../../../../../../Git/Saf/GameUniHack/PixelPerfect/Content/Puzzle/Widgets/UI_Puzzle.uasset'
[2025.11.16-10.25.22:080][925]AssetCheck: New page: Asset Save: UI_Puzzle
[2025.11.16-10.25.22:080][925]LogContentValidation: Display: Validating Blueprint /Game/Puzzle/Widgets/UI_Puzzle.UI_Puzzle
[2025.11.16-10.25.28:505][298]BlueprintLog: New page: Compile UI_Puzzle
[2025.11.16-10.25.28:552][298]LogUObjectHash: Compacting FUObjectHashTables data took   2.07ms
[2025.11.16-10.25.29:638][362]BlueprintLog: New page: Compile UI_Puzzle
[2025.11.16-10.25.29:677][362]LogUObjectHash: Compacting FUObjectHashTables data took   1.65ms
[2025.11.16-10.25.29:932][375]Cmd: OBJ SAVEPACKAGE PACKAGE="/Game/Puzzle/Widgets/UI_Puzzle" FILE="../../../../../../Git/Saf/GameUniHack/PixelPerfect/Content/Puzzle/Widgets/UI_Puzzle.uasset" SILENT=true
[2025.11.16-10.25.29:957][375]LogSavePackage: Moving '../../../../../../Git/Saf/GameUniHack/PixelPerfect/Saved/UI_Puzzle89D04EC64858CBCFA82963A6835B64F8.tmp' to '../../../../../../Git/Saf/GameUniHack/PixelPerfect/Content/Puzzle/Widgets/UI_Puzzle.uasset'
[2025.11.16-10.25.29:978][375]AssetCheck: New page: Asset Save: UI_Puzzle
[2025.11.16-10.25.29:978][375]LogContentValidation: Display: Validating Blueprint /Game/Puzzle/Widgets/UI_Puzzle.UI_Puzzle
[2025.11.16-10.25.34:720][649]BlueprintLog: New page: Compile UI_Puzzle
[2025.11.16-10.25.34:761][649]LogUObjectHash: Compacting FUObjectHashTables data took   1.65ms
[2025.11.16-10.25.35:278][677]Cmd: OBJ SAVEPACKAGE PACKAGE="/Game/Puzzle/Widgets/UI_Puzzle" FILE="../../../../../../Git/Saf/GameUniHack/PixelPerfect/Content/Puzzle/Widgets/UI_Puzzle.uasset" SILENT=true
[2025.11.16-10.25.35:302][677]LogSavePackage: Moving '../../../../../../Git/Saf/GameUniHack/PixelPerfect/Saved/UI_Puzzle4E11E1CF4A45EEA8C27AEE93B420121D.tmp' to '../../../../../../Git/Saf/GameUniHack/PixelPerfect/Content/Puzzle/Widgets/UI_Puzzle.uasset'
[2025.11.16-10.25.35:326][677]AssetCheck: New page: Asset Save: UI_Puzzle
[2025.11.16-10.25.35:326][677]LogContentValidation: Display: Validating Blueprint /Game/Puzzle/Widgets/UI_Puzzle.UI_Puzzle
[2025.11.16-10.25.47:886][405]BlueprintLog: New page: Compile UI_Puzzle
[2025.11.16-10.25.47:937][405]LogUObjectHash: Compacting FUObjectHashTables data took   1.69ms
[2025.11.16-10.25.48:317][424]Cmd: OBJ SAVEPACKAGE PACKAGE="/Game/Puzzle/Widgets/UI_Puzzle" FILE="../../../../../../Git/Saf/GameUniHack/PixelPerfect/Content/Puzzle/Widgets/UI_Puzzle.uasset" SILENT=true
[2025.11.16-10.25.48:346][424]LogSavePackage: Moving '../../../../../../Git/Saf/GameUniHack/PixelPerfect/Saved/UI_PuzzleC2BE4F4842D8BF554BAEB09A9CD60610.tmp' to '../../../../../../Git/Saf/GameUniHack/PixelPerfect/Content/Puzzle/Widgets/UI_Puzzle.uasset'
[2025.11.16-10.25.48:380][424]AssetCheck: New page: Asset Save: UI_Puzzle
[2025.11.16-10.25.48:380][424]LogContentValidation: Display: Validating Blueprint /Game/Puzzle/Widgets/UI_Puzzle.UI_Puzzle
[2025.11.16-10.25.54:983][808]BlueprintLog: New page: Compile UI_Puzzle
[2025.11.16-10.25.55:019][808]LogUObjectHash: Compacting FUObjectHashTables data took   1.63ms
[2025.11.16-10.25.55:341][824]Cmd: OBJ SAVEPACKAGE PACKAGE="/Game/Puzzle/Widgets/UI_Puzzle" FILE="../../../../../../Git/Saf/GameUniHack/PixelPerfect/Content/Puzzle/Widgets/UI_Puzzle.uasset" SILENT=true
[2025.11.16-10.25.55:363][824]LogSavePackage: Moving '../../../../../../Git/Saf/GameUniHack/PixelPerfect/Saved/UI_Puzzle081BCB7B4AE4B149B306DEB192FB9862.tmp' to '../../../../../../Git/Saf/GameUniHack/PixelPerfect/Content/Puzzle/Widgets/UI_Puzzle.uasset'
[2025.11.16-10.25.55:381][824]AssetCheck: New page: Asset Save: UI_Puzzle
[2025.11.16-10.25.55:381][824]LogContentValidation: Display: Validating Blueprint /Game/Puzzle/Widgets/UI_Puzzle.UI_Puzzle
[2025.11.16-10.25.56:108][864]Cmd: OBJ SAVEPACKAGE PACKAGE="/Game/Puzzle/Widgets/UI_Puzzle" FILE="../../../../../../Git/Saf/GameUniHack/PixelPerfect/Content/Puzzle/Widgets/UI_Puzzle.uasset" SILENT=true
[2025.11.16-10.25.56:130][864]LogSavePackage: Moving '../../../../../../Git/Saf/GameUniHack/PixelPerfect/Saved/UI_PuzzleD7BC1A2A4A4731A4C6ECF2A14E7F338E.tmp' to '../../../../../../Git/Saf/GameUniHack/PixelPerfect/Content/Puzzle/Widgets/UI_Puzzle.uasset'
[2025.11.16-10.25.56:142][864]AssetCheck: New page: Asset Save: UI_Puzzle
[2025.11.16-10.25.56:142][864]LogContentValidation: Display: Validating Blueprint /Game/Puzzle/Widgets/UI_Puzzle.UI_Puzzle
[2025.11.16-10.26.01:517][162]BlueprintLog: New page: Compile UI_Puzzle
[2025.11.16-10.26.01:567][162]LogUObjectHash: Compacting FUObjectHashTables data took   1.98ms
[2025.11.16-10.26.01:788][173]Cmd: OBJ SAVEPACKAGE PACKAGE="/Game/Puzzle/Widgets/UI_Puzzle" FILE="../../../../../../Git/Saf/GameUniHack/PixelPerfect/Content/Puzzle/Widgets/UI_Puzzle.uasset" SILENT=true
[2025.11.16-10.26.01:809][173]LogSavePackage: Moving '../../../../../../Git/Saf/GameUniHack/PixelPerfect/Saved/UI_Puzzle8420DD92423FA7C4F9E2958A3FDF152E.tmp' to '../../../../../../Git/Saf/GameUniHack/PixelPerfect/Content/Puzzle/Widgets/UI_Puzzle.uasset'
[2025.11.16-10.26.01:823][173]AssetCheck: New page: Asset Save: UI_Puzzle
[2025.11.16-10.26.01:823][173]LogContentValidation: Display: Validating Blueprint /Game/Puzzle/Widgets/UI_Puzzle.UI_Puzzle
[2025.11.16-10.26.07:879][504]BlueprintLog: New page: Compile UI_Puzzle
[2025.11.16-10.26.07:929][504]LogUObjectHash: Compacting FUObjectHashTables data took   1.69ms
[2025.11.16-10.26.08:213][518]Cmd: OBJ SAVEPACKAGE PACKAGE="/Game/Puzzle/Widgets/UI_Puzzle" FILE="../../../../../../Git/Saf/GameUniHack/PixelPerfect/Content/Puzzle/Widgets/UI_Puzzle.uasset" SILENT=true
[2025.11.16-10.26.08:244][518]LogSavePackage: Moving '../../../../../../Git/Saf/GameUniHack/PixelPerfect/Saved/UI_Puzzle89A11A704777A0CE3DACF3B6027C080E.tmp' to '../../../../../../Git/Saf/GameUniHack/PixelPerfect/Content/Puzzle/Widgets/UI_Puzzle.uasset'
[2025.11.16-10.26.08:262][518]AssetCheck: New page: Asset Save: UI_Puzzle
[2025.11.16-10.26.08:262][518]LogContentValidation: Display: Validating Blueprint /Game/Puzzle/Widgets/UI_Puzzle.UI_Puzzle
[2025.11.16-10.26.23:991][427]BlueprintLog: New page: Compile UI_Puzzle
[2025.11.16-10.26.24:042][427]LogUObjectHash: Compacting FUObjectHashTables data took   1.85ms
[2025.11.16-10.26.24:337][441]Cmd: OBJ SAVEPACKAGE PACKAGE="/Game/Puzzle/Widgets/UI_Puzzle" FILE="../../../../../../Git/Saf/GameUniHack/PixelPerfect/Content/Puzzle/Widgets/UI_Puzzle.uasset" SILENT=true
[2025.11.16-10.26.24:366][441]LogSavePackage: Moving '../../../../../../Git/Saf/GameUniHack/PixelPerfect/Saved/UI_Puzzle171B97AC4EC36244798D1F9789DD13FC.tmp' to '../../../../../../Git/Saf/GameUniHack/PixelPerfect/Content/Puzzle/Widgets/UI_Puzzle.uasset'
[2025.11.16-10.26.24:387][441]AssetCheck: New page: Asset Save: UI_Puzzle
[2025.11.16-10.26.24:387][441]LogContentValidation: Display: Validating Blueprint /Game/Puzzle/Widgets/UI_Puzzle.UI_Puzzle
[2025.11.16-10.26.30:988][814]BlueprintLog: New page: Compile UI_Puzzle
[2025.11.16-10.26.31:042][814]LogUObjectHash: Compacting FUObjectHashTables data took   1.68ms
[2025.11.16-10.26.31:320][827]Cmd: OBJ SAVEPACKAGE PACKAGE="/Game/Puzzle/Widgets/UI_Puzzle" FILE="../../../../../../Git/Saf/GameUniHack/PixelPerfect/Content/Puzzle/Widgets/UI_Puzzle.uasset" SILENT=true
[2025.11.16-10.26.31:364][827]LogSavePackage: Moving '../../../../../../Git/Saf/GameUniHack/PixelPerfect/Saved/UI_Puzzle39FE2D6341E3228AA139949A433229C6.tmp' to '../../../../../../Git/Saf/GameUniHack/PixelPerfect/Content/Puzzle/Widgets/UI_Puzzle.uasset'
[2025.11.16-10.26.31:398][827]AssetCheck: New page: Asset Save: UI_Puzzle
[2025.11.16-10.26.31:398][827]LogContentValidation: Display: Validating Blueprint /Game/Puzzle/Widgets/UI_Puzzle.UI_Puzzle
[2025.11.16-10.26.45:568][655]LogEditorTransaction: Undo Move Node
[2025.11.16-10.26.47:618][749]LogSlate: Prevented a slow task dialog from being summoned while a context menu was open
[2025.11.16-10.26.49:551][861]BlueprintLog: New page: Compile UI_Puzzle
[2025.11.16-10.26.49:552][861]LogBlueprint: Error: [Compiler UI_Puzzle] Spawn node  Create Widget  must have a class specified.
[2025.11.16-10.26.49:620][861]LogUObjectHash: Compacting FUObjectHashTables data took   2.01ms
[2025.11.16-10.26.49:970][879]Cmd: OBJ SAVEPACKAGE PACKAGE="/Game/Puzzle/Widgets/UI_Puzzle" FILE="../../../../../../Git/Saf/GameUniHack/PixelPerfect/Content/Puzzle/Widgets/UI_Puzzle.uasset" SILENT=true
[2025.11.16-10.26.50:005][879]LogSavePackage: Moving '../../../../../../Git/Saf/GameUniHack/PixelPerfect/Saved/UI_PuzzleBECC382B4D4FDF69247503826C09DDCE.tmp' to '../../../../../../Git/Saf/GameUniHack/PixelPerfect/Content/Puzzle/Widgets/UI_Puzzle.uasset'
[2025.11.16-10.26.50:062][879]AssetCheck: New page: Asset Save: UI_Puzzle
[2025.11.16-10.26.50:063][879]LogContentValidation: Display: Validating Blueprint /Game/Puzzle/Widgets/UI_Puzzle.UI_Puzzle
[2025.11.16-10.26.52:720][ 10]LogSlate: Prevented a slow task dialog from being summoned while a context menu was open
[2025.11.16-10.26.55:601][175]BlueprintLog: New page: Compile UI_Puzzle
[2025.11.16-10.26.55:647][175]LogUObjectHash: Compacting FUObjectHashTables data took   2.38ms
[2025.11.16-10.26.55:997][193]Cmd: OBJ SAVEPACKAGE PACKAGE="/Game/Puzzle/Widgets/UI_Puzzle" FILE="../../../../../../Git/Saf/GameUniHack/PixelPerfect/Content/Puzzle/Widgets/UI_Puzzle.uasset" SILENT=true
[2025.11.16-10.26.56:037][193]LogSavePackage: Moving '../../../../../../Git/Saf/GameUniHack/PixelPerfect/Saved/UI_Puzzle6C4B510E4C5E200C329AE7BE11DCA988.tmp' to '../../../../../../Git/Saf/GameUniHack/PixelPerfect/Content/Puzzle/Widgets/UI_Puzzle.uasset'
[2025.11.16-10.26.56:061][193]AssetCheck: New page: Asset Save: UI_Puzzle
[2025.11.16-10.26.56:061][193]LogContentValidation: Display: Validating Blueprint /Game/Puzzle/Widgets/UI_Puzzle.UI_Puzzle
[2025.11.16-10.27.00:666][453]BlueprintLog: New page: Compile UI_Puzzle
[2025.11.16-10.27.00:720][453]LogUObjectHash: Compacting FUObjectHashTables data took   2.16ms
[2025.11.16-10.27.00:911][461]Cmd: OBJ SAVEPACKAGE PACKAGE="/Game/Puzzle/Widgets/UI_Puzzle" FILE="../../../../../../Git/Saf/GameUniHack/PixelPerfect/Content/Puzzle/Widgets/UI_Puzzle.uasset" SILENT=true
[2025.11.16-10.27.00:945][461]LogSavePackage: Moving '../../../../../../Git/Saf/GameUniHack/PixelPerfect/Saved/UI_PuzzleA642BEEB424D14B989F02A996020E8C7.tmp' to '../../../../../../Git/Saf/GameUniHack/PixelPerfect/Content/Puzzle/Widgets/UI_Puzzle.uasset'
[2025.11.16-10.27.00:965][461]AssetCheck: New page: Asset Save: UI_Puzzle
[2025.11.16-10.27.00:965][461]LogContentValidation: Display: Validating Blueprint /Game/Puzzle/Widgets/UI_Puzzle.UI_Puzzle
[2025.11.16-10.27.06:667][797]BlueprintLog: New page: Compile UI_Puzzle
[2025.11.16-10.27.06:716][797]LogUObjectHash: Compacting FUObjectHashTables data took   2.34ms
[2025.11.16-10.27.06:972][809]Cmd: OBJ SAVEPACKAGE PACKAGE="/Game/Puzzle/Widgets/UI_Puzzle" FILE="../../../../../../Git/Saf/GameUniHack/PixelPerfect/Content/Puzzle/Widgets/UI_Puzzle.uasset" SILENT=true
[2025.11.16-10.27.07:000][809]LogSavePackage: Moving '../../../../../../Git/Saf/GameUniHack/PixelPerfect/Saved/UI_PuzzleD6BB8E95404BE6587F9784ADA9952680.tmp' to '../../../../../../Git/Saf/GameUniHack/PixelPerfect/Content/Puzzle/Widgets/UI_Puzzle.uasset'
[2025.11.16-10.27.07:023][809]AssetCheck: New page: Asset Save: UI_Puzzle
[2025.11.16-10.27.07:023][809]LogContentValidation: Display: Validating Blueprint /Game/Puzzle/Widgets/UI_Puzzle.UI_Puzzle
[2025.11.16-10.27.08:616][903]Cmd: OBJ SAVEPACKAGE PACKAGE="/Game/Puzzle/Widgets/UI_Puzzle" FILE="../../../../../../Git/Saf/GameUniHack/PixelPerfect/Content/Puzzle/Widgets/UI_Puzzle.uasset" SILENT=true
[2025.11.16-10.27.08:647][903]LogSavePackage: Moving '../../../../../../Git/Saf/GameUniHack/PixelPerfect/Saved/UI_PuzzleBED4CA6C4DA7D536B759CE9DB28601F8.tmp' to '../../../../../../Git/Saf/GameUniHack/PixelPerfect/Content/Puzzle/Widgets/UI_Puzzle.uasset'
[2025.11.16-10.27.08:666][903]AssetCheck: New page: Asset Save: UI_Puzzle
[2025.11.16-10.27.08:666][903]LogContentValidation: Display: Validating Blueprint /Game/Puzzle/Widgets/UI_Puzzle.UI_Puzzle
[2025.11.16-10.27.16:049][326]BlueprintLog: New page: Compile UI_Puzzle
[2025.11.16-10.27.16:098][326]LogUObjectHash: Compacting FUObjectHashTables data took   1.84ms
[2025.11.16-10.27.16:306][335]Cmd: OBJ SAVEPACKAGE PACKAGE="/Game/Puzzle/Widgets/UI_Puzzle" FILE="../../../../../../Git/Saf/GameUniHack/PixelPerfect/Content/Puzzle/Widgets/UI_Puzzle.uasset" SILENT=true
[2025.11.16-10.27.16:330][335]LogSavePackage: Moving '../../../../../../Git/Saf/GameUniHack/PixelPerfect/Saved/UI_Puzzle0D93D49847FC7A9508C461822689FAC0.tmp' to '../../../../../../Git/Saf/GameUniHack/PixelPerfect/Content/Puzzle/Widgets/UI_Puzzle.uasset'
[2025.11.16-10.27.16:347][335]AssetCheck: New page: Asset Save: UI_Puzzle
[2025.11.16-10.27.16:347][335]LogContentValidation: Display: Validating Blueprint /Game/Puzzle/Widgets/UI_Puzzle.UI_Puzzle
[2025.11.16-10.27.20:712][587]BlueprintLog: New page: Compile UI_Puzzle
[2025.11.16-10.27.20:764][587]LogUObjectHash: Compacting FUObjectHashTables data took   1.72ms
[2025.11.16-10.27.20:990][598]Cmd: OBJ SAVEPACKAGE PACKAGE="/Game/Puzzle/Widgets/UI_Puzzle" FILE="../../../../../../Git/Saf/GameUniHack/PixelPerfect/Content/Puzzle/Widgets/UI_Puzzle.uasset" SILENT=true
[2025.11.16-10.27.21:016][598]LogSavePackage: Moving '../../../../../../Git/Saf/GameUniHack/PixelPerfect/Saved/UI_PuzzleA4A0E0014E3AA1F43CA6D1B1F1C3BA3A.tmp' to '../../../../../../Git/Saf/GameUniHack/PixelPerfect/Content/Puzzle/Widgets/UI_Puzzle.uasset'
[2025.11.16-10.27.21:032][598]AssetCheck: New page: Asset Save: UI_Puzzle
[2025.11.16-10.27.21:032][598]LogContentValidation: Display: Validating Blueprint /Game/Puzzle/Widgets/UI_Puzzle.UI_Puzzle
[2025.11.16-10.27.21:754][639]Cmd: OBJ SAVEPACKAGE PACKAGE="/Game/Puzzle/Widgets/UI_Puzzle" FILE="../../../../../../Git/Saf/GameUniHack/PixelPerfect/Content/Puzzle/Widgets/UI_Puzzle.uasset" SILENT=true
[2025.11.16-10.27.21:780][639]LogSavePackage: Moving '../../../../../../Git/Saf/GameUniHack/PixelPerfect/Saved/UI_PuzzleC03A95304248C169C52973B5BA47030D.tmp' to '../../../../../../Git/Saf/GameUniHack/PixelPerfect/Content/Puzzle/Widgets/UI_Puzzle.uasset'
[2025.11.16-10.27.21:793][639]AssetCheck: New page: Asset Save: UI_Puzzle
[2025.11.16-10.27.21:793][639]LogContentValidation: Display: Validating Blueprint /Game/Puzzle/Widgets/UI_Puzzle.UI_Puzzle
[2025.11.16-10.27.29:254][ 80]Cmd: OBJ SAVEPACKAGE PACKAGE="/Game/Levels/Main" FILE="../../../../../../Git/Saf/GameUniHack/PixelPerfect/Content/Levels/Main.umap" SILENT=true AUTOSAVING=false KEEPDIRTY=false
[2025.11.16-10.27.29:297][ 80]LogUObjectHash: Compacting FUObjectHashTables data took   1.84ms
[2025.11.16-10.27.29:335][ 80]LogSavePackage: Moving '../../../../../../Git/Saf/GameUniHack/PixelPerfect/Saved/Main4BE7B45A43B2464A862E5487269090E1.tmp' to '../../../../../../Git/Saf/GameUniHack/PixelPerfect/Content/Levels/Main.umap'
[2025.11.16-10.27.29:374][ 80]AssetCheck: New page: Asset Save: Main
[2025.11.16-10.27.29:374][ 80]LogContentValidation: Display: Validating World /Game/Levels/Main.Main
[2025.11.16-10.27.38:936][638]LogEditorViewport: Clicking on Actor (LMB): BP_Sky_Sphere_C (BP_Sky_Sphere)
[2025.11.16-10.27.39:265][655]Cmd: OBJ SAVEPACKAGE PACKAGE="/Game/Levels/Main" FILE="../../../../../../Git/Saf/GameUniHack/PixelPerfect/Content/Levels/Main.umap" SILENT=true AUTOSAVING=false KEEPDIRTY=false
[2025.11.16-10.27.39:302][655]LogUObjectHash: Compacting FUObjectHashTables data took   1.52ms
[2025.11.16-10.27.39:335][655]LogSavePackage: Moving '../../../../../../Git/Saf/GameUniHack/PixelPerfect/Saved/Main07F9C42945C4BC5A5A91E8BC12011264.tmp' to '../../../../../../Git/Saf/GameUniHack/PixelPerfect/Content/Levels/Main.umap'
[2025.11.16-10.27.39:375][655]AssetCheck: New page: Asset Save: Main
[2025.11.16-10.27.39:375][655]LogContentValidation: Display: Validating World /Game/Levels/Main.Main
[2025.11.16-10.27.39:772][679]LogTemp: Repeating last play command: Selected Viewport
[2025.11.16-10.27.39:788][679]LogPlayLevel: PlayLevel: No blueprints needed recompiling
[2025.11.16-10.27.39:788][679]PIE: New page: PIE session: Main (Nov 16, 2025, 2:27:39 PM)
[2025.11.16-10.27.39:788][679]LogPlayLevel: Creating play world package: /Game/Levels/UEDPIE_0_Main
[2025.11.16-10.27.39:792][679]LogPlayLevel: PIE: StaticDuplicateObject took: (0.004442s)
[2025.11.16-10.27.39:794][679]LogAIModule: Creating AISystem for world Main
[2025.11.16-10.27.39:794][679]LogAISub: UAISubsystem::UAISubsystem EnvQueryManager (0000022100B93000), frame # 22679
[2025.11.16-10.27.39:794][679]LogAISub: UAISubsystem::UAISubsystem AIPerceptionSystem (00000220A799F9C0), frame # 22679
[2025.11.16-10.27.39:794][679]LogPlayLevel: PIE: World Init took: (0.001322s)
[2025.11.16-10.27.39:794][679]LogPlayLevel: PIE: Created PIE world by copying editor world from /Game/Levels/Main.Main to /Game/Levels/UEDPIE_0_Main.Main (0.005884s)
[2025.11.16-10.27.39:818][679]LogUObjectHash: Compacting FUObjectHashTables data took   1.37ms
[2025.11.16-10.27.39:819][679]LogAudioMixer: Display: Audio Mixer Platform Settings:
[2025.11.16-10.27.39:819][679]LogAudioMixer: Display: 	Sample Rate:						  48000
[2025.11.16-10.27.39:819][679]LogAudioMixer: Display: 	Callback Buffer Frame Size Requested: 1024
[2025.11.16-10.27.39:819][679]LogAudioMixer: Display: 	Callback Buffer Frame Size To Use:	  1024
[2025.11.16-10.27.39:819][679]LogAudioMixer: Display: 	Number of buffers to queue:			  2
[2025.11.16-10.27.39:819][679]LogAudioMixer: Display: 	Max Channels (voices):				  32
[2025.11.16-10.27.39:819][679]LogAudioMixer: Display: 	Number of Async Source Workers:		  0
[2025.11.16-10.27.39:819][679]LogAudio: Display: AudioDevice MaxSources: 32
[2025.11.16-10.27.39:820][679]LogAudio: Display: Using built-in audio occlusion.
[2025.11.16-10.27.39:820][679]LogAudioMixer: Display: Initializing audio mixer.
[2025.11.16-10.27.39:824][679]LogAudioMixer: Display: 0: FrontLeft
[2025.11.16-10.27.39:824][679]LogAudioMixer: Display: 1: FrontRight
[2025.11.16-10.27.39:837][679]LogAudioMixer: Display: Using Audio Device FxSound Speakers (FxSound Audio Enhancer)
[2025.11.16-10.27.39:837][679]LogAudioMixer: Display: Initializing Sound Submixes...
[2025.11.16-10.27.39:838][679]LogAudioMixer: Display: Creating Master Submix 'MasterSubmixDefault'
[2025.11.16-10.27.39:838][679]LogAudioMixer: Display: Creating Master Submix 'MasterReverbSubmixDefault'
[2025.11.16-10.27.39:838][679]LogAudioMixer: Display: Creating Master Submix 'MasterEQSubmixDefault'
[2025.11.16-10.27.39:855][679]LogInit: FAudioDevice initialized.
[2025.11.16-10.27.39:867][679]LogLoad: Game class is 'PlayerGameModeBase_C'
[2025.11.16-10.27.39:870][679]LogSkeletalMesh: USkeletalMeshComponent::InitArticulated : Could not find root physics body: '/Game/Levels/UEDPIE_0_Main.Main:PersistentLevel.ComputerBoss_2.CharacterMesh0'
[2025.11.16-10.27.39:870][679]LogSkeletalMesh: USkeletalMeshComponent::InitArticulated : Could not find root physics body: '/Game/Levels/UEDPIE_0_Main.Main:PersistentLevel.Phone_2.CharacterMesh0'
[2025.11.16-10.27.39:870][679]LogWorld: Bringing World /Game/Levels/UEDPIE_0_Main.Main up for play (max tick rate 60) at 2025.11.16-12.27.39
[2025.11.16-10.27.39:872][679]LogWorld: Bringing up level for play took: 0.003772
[2025.11.16-10.27.39:872][679]LogOnline: OSS: Creating online subsystem instance for: :Context_7
[2025.11.16-10.27.39:876][679]PIE: Server logged in
[2025.11.16-10.27.39:877][679]PIE: Play in editor total start time 0.09 seconds.
[2025.11.16-10.27.43:106][870]LogSlate: Updating window title bar state: overlay mode, drag disabled, window buttons hidden, title bar hidden
[2025.11.16-10.27.43:106][870]LogWorld: BeginTearingDown for /Game/Levels/UEDPIE_0_Main
[2025.11.16-10.27.43:107][870]LogWorld: UWorld::CleanupWorld for Main, bSessionEnded=true, bCleanupResources=true
[2025.11.16-10.27.43:107][870]LogSlate: InvalidateAllWidgets triggered.  All widgets were invalidated
[2025.11.16-10.27.43:146][870]LogPlayLevel: Display: Shutting down PIE online subsystems
[2025.11.16-10.27.43:148][870]LogSlate: InvalidateAllWidgets triggered.  All widgets were invalidated
[2025.11.16-10.27.43:180][870]LogSlate: Updating window title bar state: overlay mode, drag disabled, window buttons hidden, title bar hidden
[2025.11.16-10.27.43:200][870]LogAISub: UAISubsystem::~UAISubsystem AIPerceptionSystem (00000220A799F9C0), frame # 22870
[2025.11.16-10.27.43:200][870]LogAISub: UAISubsystem::~UAISubsystem EnvQueryManager (0000022100B93000), frame # 22870
[2025.11.16-10.27.43:202][870]LogUObjectHash: Compacting FUObjectHashTables data took   1.67ms
[2025.11.16-10.27.43:232][871]LogPlayLevel: Display: Destroying online subsystem :Context_7
[2025.11.16-10.28.00:139][817]LogAssetEditorSubsystem: Opening Asset editor for WidgetBlueprint /Game/Puzzle/Widgets/MathWidget.MathWidget
[2025.11.16-10.28.25:694][189]BlueprintLog: New page: Compile MathWidget
[2025.11.16-10.28.25:767][189]LogUObjectHash: Compacting FUObjectHashTables data took   2.89ms
[2025.11.16-10.28.26:203][210]Cmd: OBJ SAVEPACKAGE PACKAGE="/Game/Puzzle/Widgets/MathWidget" FILE="../../../../../../Git/Saf/GameUniHack/PixelPerfect/Content/Puzzle/Widgets/MathWidget.uasset" SILENT=true
[2025.11.16-10.28.26:239][210]LogSavePackage: Moving '../../../../../../Git/Saf/GameUniHack/PixelPerfect/Saved/MathWidget0649204B470334473A440099E5454C62.tmp' to '../../../../../../Git/Saf/GameUniHack/PixelPerfect/Content/Puzzle/Widgets/MathWidget.uasset'
[2025.11.16-10.28.26:259][210]AssetCheck: New page: Asset Save: MathWidget
[2025.11.16-10.28.26:259][210]LogContentValidation: Display: Validating WidgetBlueprint /Game/Puzzle/Widgets/MathWidget.MathWidget
[2025.11.16-10.28.26:971][250]Cmd: OBJ SAVEPACKAGE PACKAGE="/Game/Puzzle/Widgets/MathWidget" FILE="../../../../../../Git/Saf/GameUniHack/PixelPerfect/Content/Puzzle/Widgets/MathWidget.uasset" SILENT=true
[2025.11.16-10.28.27:005][250]LogSavePackage: Moving '../../../../../../Git/Saf/GameUniHack/PixelPerfect/Saved/MathWidget71FB130B4F76D0F143664987517A0E86.tmp' to '../../../../../../Git/Saf/GameUniHack/PixelPerfect/Content/Puzzle/Widgets/MathWidget.uasset'
[2025.11.16-10.28.27:022][250]AssetCheck: New page: Asset Save: MathWidget
[2025.11.16-10.28.27:022][250]LogContentValidation: Display: Validating WidgetBlueprint /Game/Puzzle/Widgets/MathWidget.MathWidget
[2025.11.16-10.28.27:962][300]Cmd: OBJ SAVEPACKAGE PACKAGE="/Game/Levels/Main" FILE="../../../../../../Git/Saf/GameUniHack/PixelPerfect/Content/Levels/Main.umap" SILENT=true AUTOSAVING=false KEEPDIRTY=false
[2025.11.16-10.28.28:007][300]LogUObjectHash: Compacting FUObjectHashTables data took   2.60ms
[2025.11.16-10.28.28:050][300]LogSavePackage: Moving '../../../../../../Git/Saf/GameUniHack/PixelPerfect/Saved/Main96573882420CEC666E5E98B87E948795.tmp' to '../../../../../../Git/Saf/GameUniHack/PixelPerfect/Content/Levels/Main.umap'
[2025.11.16-10.28.28:093][300]AssetCheck: New page: Asset Save: Main
[2025.11.16-10.28.28:093][300]LogContentValidation: Display: Validating World /Game/Levels/Main.Main
[2025.11.16-10.28.28:255][310]LogEditorViewport: Clicking on Actor (LMB): BP_Sky_Sphere_C (BP_Sky_Sphere)
[2025.11.16-10.28.37:165][834]Cmd: OBJ SAVEPACKAGE PACKAGE="/Game/Puzzle/Widgets/MathWidget" FILE="../../../../../../Git/Saf/GameUniHack/PixelPerfect/Content/Puzzle/Widgets/MathWidget.uasset" SILENT=true
[2025.11.16-10.28.37:199][834]LogSavePackage: Moving '../../../../../../Git/Saf/GameUniHack/PixelPerfect/Saved/MathWidgetEFB2F78A471D83518CF028B99B8293A9.tmp' to '../../../../../../Git/Saf/GameUniHack/PixelPerfect/Content/Puzzle/Widgets/MathWidget.uasset'
[2025.11.16-10.28.37:214][834]AssetCheck: New page: Asset Save: MathWidget
[2025.11.16-10.28.37:214][834]LogContentValidation: Display: Validating WidgetBlueprint /Game/Puzzle/Widgets/MathWidget.MathWidget
[2025.11.16-10.28.39:608][971]LogEditorViewport: Clicking on Actor (LMB): BP_Sky_Sphere_C (BP_Sky_Sphere)
[2025.11.16-10.28.40:114][  1]LogTemp: Repeating last play command: Selected Viewport
[2025.11.16-10.28.40:128][  1]LogPlayLevel: PlayLevel: No blueprints needed recompiling
[2025.11.16-10.28.40:128][  1]PIE: New page: PIE session: Main (Nov 16, 2025, 2:28:40 PM)
[2025.11.16-10.28.40:128][  1]LogPlayLevel: Creating play world package: /Game/Levels/UEDPIE_0_Main
[2025.11.16-10.28.40:132][  1]LogPlayLevel: PIE: StaticDuplicateObject took: (0.003877s)
[2025.11.16-10.28.40:132][  1]LogAIModule: Creating AISystem for world Main
[2025.11.16-10.28.40:132][  1]LogAISub: UAISubsystem::UAISubsystem EnvQueryManager (0000022100B92800), frame # 26001
[2025.11.16-10.28.40:132][  1]LogAISub: UAISubsystem::UAISubsystem AIPerceptionSystem (000002214BBE1800), frame # 26001
[2025.11.16-10.28.40:133][  1]LogPlayLevel: PIE: World Init took: (0.000894s)
[2025.11.16-10.28.40:133][  1]LogPlayLevel: PIE: Created PIE world by copying editor world from /Game/Levels/Main.Main to /Game/Levels/UEDPIE_0_Main.Main (0.004868s)
[2025.11.16-10.28.40:164][  1]LogUObjectHash: Compacting FUObjectHashTables data took   2.11ms
[2025.11.16-10.28.40:166][  1]LogAudioMixer: Display: Audio Mixer Platform Settings:
[2025.11.16-10.28.40:166][  1]LogAudioMixer: Display: 	Sample Rate:						  48000
[2025.11.16-10.28.40:166][  1]LogAudioMixer: Display: 	Callback Buffer Frame Size Requested: 1024
[2025.11.16-10.28.40:166][  1]LogAudioMixer: Display: 	Callback Buffer Frame Size To Use:	  1024
[2025.11.16-10.28.40:166][  1]LogAudioMixer: Display: 	Number of buffers to queue:			  2
[2025.11.16-10.28.40:166][  1]LogAudioMixer: Display: 	Max Channels (voices):				  32
[2025.11.16-10.28.40:166][  1]LogAudioMixer: Display: 	Number of Async Source Workers:		  0
[2025.11.16-10.28.40:166][  1]LogAudio: Display: AudioDevice MaxSources: 32
[2025.11.16-10.28.40:167][  1]LogAudio: Display: Using built-in audio occlusion.
[2025.11.16-10.28.40:167][  1]LogAudioMixer: Display: Initializing audio mixer.
[2025.11.16-10.28.40:170][  1]LogAudioMixer: Display: 0: FrontLeft
[2025.11.16-10.28.40:170][  1]LogAudioMixer: Display: 1: FrontRight
[2025.11.16-10.28.40:181][  1]LogAudioMixer: Display: Using Audio Device FxSound Speakers (FxSound Audio Enhancer)
[2025.11.16-10.28.40:182][  1]LogAudioMixer: Display: Initializing Sound Submixes...
[2025.11.16-10.28.40:182][  1]LogAudioMixer: Display: Creating Master Submix 'MasterSubmixDefault'
[2025.11.16-10.28.40:182][  1]LogAudioMixer: Display: Creating Master Submix 'MasterReverbSubmixDefault'
[2025.11.16-10.28.40:182][  1]LogAudioMixer: Display: Creating Master Submix 'MasterEQSubmixDefault'
[2025.11.16-10.28.40:195][  1]LogInit: FAudioDevice initialized.
[2025.11.16-10.28.40:202][  1]LogLoad: Game class is 'PlayerGameModeBase_C'
[2025.11.16-10.28.40:204][  1]LogSkeletalMesh: USkeletalMeshComponent::InitArticulated : Could not find root physics body: '/Game/Levels/UEDPIE_0_Main.Main:PersistentLevel.ComputerBoss_2.CharacterMesh0'
[2025.11.16-10.28.40:204][  1]LogSkeletalMesh: USkeletalMeshComponent::InitArticulated : Could not find root physics body: '/Game/Levels/UEDPIE_0_Main.Main:PersistentLevel.Phone_2.CharacterMesh0'
[2025.11.16-10.28.40:204][  1]LogWorld: Bringing World /Game/Levels/UEDPIE_0_Main.Main up for play (max tick rate 60) at 2025.11.16-12.28.40
[2025.11.16-10.28.40:205][  1]LogWorld: Bringing up level for play took: 0.002338
[2025.11.16-10.28.40:205][  1]LogOnline: OSS: Creating online subsystem instance for: :Context_10
[2025.11.16-10.28.40:208][  1]PIE: Server logged in
[2025.11.16-10.28.40:209][  1]PIE: Play in editor total start time 0.081 seconds.
[2025.11.16-10.28.41:905][101]LogSlate: Updating window title bar state: overlay mode, drag disabled, window buttons hidden, title bar hidden
[2025.11.16-10.28.41:905][101]LogWorld: BeginTearingDown for /Game/Levels/UEDPIE_0_Main
[2025.11.16-10.28.41:906][101]LogWorld: UWorld::CleanupWorld for Main, bSessionEnded=true, bCleanupResources=true
[2025.11.16-10.28.41:906][101]LogSlate: InvalidateAllWidgets triggered.  All widgets were invalidated
[2025.11.16-10.28.41:936][101]LogPlayLevel: Display: Shutting down PIE online subsystems
[2025.11.16-10.28.41:940][101]LogSlate: InvalidateAllWidgets triggered.  All widgets were invalidated
[2025.11.16-10.28.42:003][101]LogSlate: Updating window title bar state: overlay mode, drag disabled, window buttons hidden, title bar hidden
[2025.11.16-10.28.42:004][101]LogAISub: UAISubsystem::~UAISubsystem AIPerceptionSystem (000002214BBE1800), frame # 26101
[2025.11.16-10.28.42:004][101]LogAISub: UAISubsystem::~UAISubsystem EnvQueryManager (0000022100B92800), frame # 26101
[2025.11.16-10.28.42:007][101]LogUObjectHash: Compacting FUObjectHashTables data took   2.54ms
[2025.11.16-10.28.42:040][102]LogPlayLevel: Display: Destroying online subsystem :Context_10
[2025.11.16-10.28.54:208][769]BlueprintLog: New page: Compile MathWidget
[2025.11.16-10.28.54:252][769]LogUObjectHash: Compacting FUObjectHashTables data took   2.08ms
[2025.11.16-10.28.54:912][804]Cmd: OBJ SAVEPACKAGE PACKAGE="/Game/Puzzle/Widgets/MathWidget" FILE="../../../../../../Git/Saf/GameUniHack/PixelPerfect/Content/Puzzle/Widgets/MathWidget.uasset" SILENT=true
[2025.11.16-10.28.54:946][804]LogSavePackage: Moving '../../../../../../Git/Saf/GameUniHack/PixelPerfect/Saved/MathWidget0B3F8DCB4F8922934D59B9B5A3C6E377.tmp' to '../../../../../../Git/Saf/GameUniHack/PixelPerfect/Content/Puzzle/Widgets/MathWidget.uasset'
[2025.11.16-10.28.54:963][804]AssetCheck: New page: Asset Save: MathWidget
[2025.11.16-10.28.54:963][804]LogContentValidation: Display: Validating WidgetBlueprint /Game/Puzzle/Widgets/MathWidget.MathWidget
[2025.11.16-10.29.29:229][761]BlueprintLog: New page: Compile UI_Puzzle
[2025.11.16-10.29.29:290][761]LogUObjectHash: Compacting FUObjectHashTables data took   2.79ms
[2025.11.16-10.29.29:557][773]Cmd: OBJ SAVEPACKAGE PACKAGE="/Game/Puzzle/Widgets/UI_Puzzle" FILE="../../../../../../Git/Saf/GameUniHack/PixelPerfect/Content/Puzzle/Widgets/UI_Puzzle.uasset" SILENT=true
[2025.11.16-10.29.29:599][773]LogSavePackage: Moving '../../../../../../Git/Saf/GameUniHack/PixelPerfect/Saved/UI_Puzzle0AB7F5A144CDA8CCFD21C19623FAF185.tmp' to '../../../../../../Git/Saf/GameUniHack/PixelPerfect/Content/Puzzle/Widgets/UI_Puzzle.uasset'
[2025.11.16-10.29.29:634][773]AssetCheck: New page: Asset Save: UI_Puzzle
[2025.11.16-10.29.29:634][773]LogContentValidation: Display: Validating Blueprint /Game/Puzzle/Widgets/UI_Puzzle.UI_Puzzle
[2025.11.16-10.29.30:241][807]Cmd: OBJ SAVEPACKAGE PACKAGE="/Game/Puzzle/Widgets/UI_Puzzle" FILE="../../../../../../Git/Saf/GameUniHack/PixelPerfect/Content/Puzzle/Widgets/UI_Puzzle.uasset" SILENT=true
[2025.11.16-10.29.30:269][807]LogSavePackage: Moving '../../../../../../Git/Saf/GameUniHack/PixelPerfect/Saved/UI_Puzzle888263B043B74D801694E6A284A8A9D2.tmp' to '../../../../../../Git/Saf/GameUniHack/PixelPerfect/Content/Puzzle/Widgets/UI_Puzzle.uasset'
[2025.11.16-10.29.30:306][807]AssetCheck: New page: Asset Save: UI_Puzzle
[2025.11.16-10.29.30:306][807]LogContentValidation: Display: Validating Blueprint /Game/Puzzle/Widgets/UI_Puzzle.UI_Puzzle
[2025.11.16-10.29.30:870][838]Cmd: OBJ SAVEPACKAGE PACKAGE="/Game/Levels/Main" FILE="../../../../../../Git/Saf/GameUniHack/PixelPerfect/Content/Levels/Main.umap" SILENT=true AUTOSAVING=false KEEPDIRTY=false
[2025.11.16-10.29.30:898][838]LogUObjectHash: Compacting FUObjectHashTables data took   2.59ms
[2025.11.16-10.29.30:932][838]LogSavePackage: Moving '../../../../../../Git/Saf/GameUniHack/PixelPerfect/Saved/MainEFB816194F9A592BBFC7B5A2CF33058A.tmp' to '../../../../../../Git/Saf/GameUniHack/PixelPerfect/Content/Levels/Main.umap'
[2025.11.16-10.29.30:970][838]AssetCheck: New page: Asset Save: Main
[2025.11.16-10.29.30:970][838]LogContentValidation: Display: Validating World /Game/Levels/Main.Main
[2025.11.16-10.29.31:197][852]LogEditorViewport: Clicking on Actor (LMB): BP_Sky_Sphere_C (BP_Sky_Sphere)
[2025.11.16-10.29.31:679][880]LogTemp: Repeating last play command: Selected Viewport
[2025.11.16-10.29.31:692][880]LogPlayLevel: PlayLevel: No blueprints needed recompiling
[2025.11.16-10.29.31:692][880]PIE: New page: PIE session: Main (Nov 16, 2025, 2:29:31 PM)
[2025.11.16-10.29.31:724][880]LogPlayLevel: Creating play world package: /Game/Levels/UEDPIE_0_Main
[2025.11.16-10.29.31:731][880]LogPlayLevel: PIE: StaticDuplicateObject took: (0.005895s)
[2025.11.16-10.29.31:732][880]LogAIModule: Creating AISystem for world Main
[2025.11.16-10.29.31:732][880]LogAISub: UAISubsystem::UAISubsystem EnvQueryManager (0000022152914C00), frame # 28880
[2025.11.16-10.29.31:732][880]LogAISub: UAISubsystem::UAISubsystem AIPerceptionSystem (000002212AC26AC0), frame # 28880
[2025.11.16-10.29.31:732][880]LogPlayLevel: PIE: World Init took: (0.001138s)
[2025.11.16-10.29.31:732][880]LogPlayLevel: PIE: Created PIE world by copying editor world from /Game/Levels/Main.Main to /Game/Levels/UEDPIE_0_Main.Main (0.007255s)
[2025.11.16-10.29.31:772][880]LogUObjectHash: Compacting FUObjectHashTables data took   1.98ms
[2025.11.16-10.29.31:773][880]LogAudioMixer: Display: Audio Mixer Platform Settings:
[2025.11.16-10.29.31:774][880]LogAudioMixer: Display: 	Sample Rate:						  48000
[2025.11.16-10.29.31:774][880]LogAudioMixer: Display: 	Callback Buffer Frame Size Requested: 1024
[2025.11.16-10.29.31:774][880]LogAudioMixer: Display: 	Callback Buffer Frame Size To Use:	  1024
[2025.11.16-10.29.31:774][880]LogAudioMixer: Display: 	Number of buffers to queue:			  2
[2025.11.16-10.29.31:774][880]LogAudioMixer: Display: 	Max Channels (voices):				  32
[2025.11.16-10.29.31:774][880]LogAudioMixer: Display: 	Number of Async Source Workers:		  0
[2025.11.16-10.29.31:774][880]LogAudio: Display: AudioDevice MaxSources: 32
[2025.11.16-10.29.31:774][880]LogAudio: Display: Using built-in audio occlusion.
[2025.11.16-10.29.31:774][880]LogAudioMixer: Display: Initializing audio mixer.
[2025.11.16-10.29.31:777][880]LogAudioMixer: Display: 0: FrontLeft
[2025.11.16-10.29.31:777][880]LogAudioMixer: Display: 1: FrontRight
[2025.11.16-10.29.31:788][880]LogAudioMixer: Display: Using Audio Device FxSound Speakers (FxSound Audio Enhancer)
[2025.11.16-10.29.31:788][880]LogAudioMixer: Display: Initializing Sound Submixes...
[2025.11.16-10.29.31:788][880]LogAudioMixer: Display: Creating Master Submix 'MasterSubmixDefault'
[2025.11.16-10.29.31:788][880]LogAudioMixer: Display: Creating Master Submix 'MasterReverbSubmixDefault'
[2025.11.16-10.29.31:788][880]LogAudioMixer: Display: Creating Master Submix 'MasterEQSubmixDefault'
[2025.11.16-10.29.31:803][880]LogInit: FAudioDevice initialized.
[2025.11.16-10.29.31:817][880]LogLoad: Game class is 'PlayerGameModeBase_C'
[2025.11.16-10.29.31:819][880]LogSkeletalMesh: USkeletalMeshComponent::InitArticulated : Could not find root physics body: '/Game/Levels/UEDPIE_0_Main.Main:PersistentLevel.ComputerBoss_2.CharacterMesh0'
[2025.11.16-10.29.31:819][880]LogSkeletalMesh: USkeletalMeshComponent::InitArticulated : Could not find root physics body: '/Game/Levels/UEDPIE_0_Main.Main:PersistentLevel.Phone_2.CharacterMesh0'
[2025.11.16-10.29.31:819][880]LogWorld: Bringing World /Game/Levels/UEDPIE_0_Main.Main up for play (max tick rate 60) at 2025.11.16-12.29.31
[2025.11.16-10.29.31:820][880]LogWorld: Bringing up level for play took: 0.002940
[2025.11.16-10.29.31:820][880]LogOnline: OSS: Creating online subsystem instance for: :Context_11
[2025.11.16-10.29.31:824][880]PIE: Server logged in
[2025.11.16-10.29.31:826][880]PIE: Play in editor total start time 0.134 seconds.
[2025.11.16-10.29.33:656][988]LogSlate: Updating window title bar state: overlay mode, drag disabled, window buttons hidden, title bar hidden
[2025.11.16-10.29.33:656][988]LogWorld: BeginTearingDown for /Game/Levels/UEDPIE_0_Main
[2025.11.16-10.29.33:657][988]LogWorld: UWorld::CleanupWorld for Main, bSessionEnded=true, bCleanupResources=true
[2025.11.16-10.29.33:657][988]LogSlate: InvalidateAllWidgets triggered.  All widgets were invalidated
[2025.11.16-10.29.33:690][988]LogPlayLevel: Display: Shutting down PIE online subsystems
[2025.11.16-10.29.33:694][988]LogSlate: InvalidateAllWidgets triggered.  All widgets were invalidated
[2025.11.16-10.29.33:754][988]LogSlate: Updating window title bar state: overlay mode, drag disabled, window buttons hidden, title bar hidden
[2025.11.16-10.29.33:756][988]LogAISub: UAISubsystem::~UAISubsystem AIPerceptionSystem (000002212AC26AC0), frame # 28988
[2025.11.16-10.29.33:756][988]LogAISub: UAISubsystem::~UAISubsystem EnvQueryManager (0000022152914C00), frame # 28988
[2025.11.16-10.29.33:759][988]LogUObjectHash: Compacting FUObjectHashTables data took   2.63ms
[2025.11.16-10.29.33:791][989]LogPlayLevel: Display: Destroying online subsystem :Context_11
[2025.11.16-10.29.47:302][756]Cmd: OBJ SAVEPACKAGE PACKAGE="/Game/Levels/Main" FILE="../../../../../../Git/Saf/GameUniHack/PixelPerfect/Content/Levels/Main.umap" SILENT=true AUTOSAVING=false KEEPDIRTY=false
[2025.11.16-10.29.47:342][756]LogUObjectHash: Compacting FUObjectHashTables data took   1.84ms
[2025.11.16-10.29.47:376][756]LogSavePackage: Moving '../../../../../../Git/Saf/GameUniHack/PixelPerfect/Saved/Main41665CC14ADB24CF4189F6A82FF8D3FF.tmp' to '../../../../../../Git/Saf/GameUniHack/PixelPerfect/Content/Levels/Main.umap'
[2025.11.16-10.29.47:422][756]AssetCheck: New page: Asset Save: Main
[2025.11.16-10.29.47:422][756]LogContentValidation: Display: Validating World /Game/Levels/Main.Main
[2025.11.16-10.30.05:752][827]BlueprintLog: New page: Compile MathWidget
[2025.11.16-10.30.05:792][827]LogUObjectHash: Compacting FUObjectHashTables data took   2.24ms
[2025.11.16-10.30.06:031][837]Cmd: OBJ SAVEPACKAGE PACKAGE="/Game/Puzzle/Widgets/MathWidget" FILE="../../../../../../Git/Saf/GameUniHack/PixelPerfect/Content/Puzzle/Widgets/MathWidget.uasset" SILENT=true
[2025.11.16-10.30.06:070][837]LogSavePackage: Moving '../../../../../../Git/Saf/GameUniHack/PixelPerfect/Saved/MathWidget98D2ADD84EA2A1FDEE3E6CA32D9149FD.tmp' to '../../../../../../Git/Saf/GameUniHack/PixelPerfect/Content/Puzzle/Widgets/MathWidget.uasset'
[2025.11.16-10.30.06:088][837]AssetCheck: New page: Asset Save: MathWidget
[2025.11.16-10.30.06:088][837]LogContentValidation: Display: Validating WidgetBlueprint /Game/Puzzle/Widgets/MathWidget.MathWidget
[2025.11.16-10.30.08:033][945]Cmd: OBJ SAVEPACKAGE PACKAGE="/Game/Puzzle/Widgets/MathWidget" FILE="../../../../../../Git/Saf/GameUniHack/PixelPerfect/Content/Puzzle/Widgets/MathWidget.uasset" SILENT=true
[2025.11.16-10.30.08:068][945]LogSavePackage: Moving '../../../../../../Git/Saf/GameUniHack/PixelPerfect/Saved/MathWidgetD5C3DF694C2959876CC158B213468D44.tmp' to '../../../../../../Git/Saf/GameUniHack/PixelPerfect/Content/Puzzle/Widgets/MathWidget.uasset'
[2025.11.16-10.30.08:083][945]AssetCheck: New page: Asset Save: MathWidget
[2025.11.16-10.30.08:083][945]LogContentValidation: Display: Validating WidgetBlueprint /Game/Puzzle/Widgets/MathWidget.MathWidget
[2025.11.16-10.30.09:549][ 32]LogEditorViewport: Clicking on Actor (LMB): NavMeshBoundsVolume (NavMeshBoundsVolume)
[2025.11.16-10.30.09:693][ 37]Cmd: OBJ SAVEPACKAGE PACKAGE="/Game/Levels/Main" FILE="../../../../../../Git/Saf/GameUniHack/PixelPerfect/Content/Levels/Main.umap" SILENT=true AUTOSAVING=false KEEPDIRTY=false
[2025.11.16-10.30.09:727][ 37]LogUObjectHash: Compacting FUObjectHashTables data took   3.58ms
[2025.11.16-10.30.09:762][ 37]LogSavePackage: Moving '../../../../../../Git/Saf/GameUniHack/PixelPerfect/Saved/MainA06180B343F9BEDEDF08F08CA2631628.tmp' to '../../../../../../Git/Saf/GameUniHack/PixelPerfect/Content/Levels/Main.umap'
[2025.11.16-10.30.09:800][ 37]AssetCheck: New page: Asset Save: Main
[2025.11.16-10.30.09:800][ 37]LogContentValidation: Display: Validating World /Game/Levels/Main.Main
[2025.11.16-10.30.11:717][152]LogTemp: Repeating last play command: Selected Viewport
[2025.11.16-10.30.11:732][152]LogPlayLevel: PlayLevel: No blueprints needed recompiling
[2025.11.16-10.30.11:732][152]PIE: New page: PIE session: Main (Nov 16, 2025, 2:30:11 PM)
[2025.11.16-10.30.11:774][152]LogPlayLevel: Creating play world package: /Game/Levels/UEDPIE_0_Main
[2025.11.16-10.30.11:781][152]LogPlayLevel: PIE: StaticDuplicateObject took: (0.007171s)
[2025.11.16-10.30.11:782][152]LogAIModule: Creating AISystem for world Main
[2025.11.16-10.30.11:783][152]LogAISub: UAISubsystem::UAISubsystem EnvQueryManager (000002213F27F400), frame # 31152
[2025.11.16-10.30.11:783][152]LogAISub: UAISubsystem::UAISubsystem AIPerceptionSystem (00000220A0989080), frame # 31152
[2025.11.16-10.30.11:783][152]LogPlayLevel: PIE: World Init took: (0.002309s)
[2025.11.16-10.30.11:783][152]LogPlayLevel: PIE: Created PIE world by copying editor world from /Game/Levels/Main.Main to /Game/Levels/UEDPIE_0_Main.Main (0.009880s)
[2025.11.16-10.30.11:828][152]LogUObjectHash: Compacting FUObjectHashTables data took   2.01ms
[2025.11.16-10.30.11:829][152]LogAudioMixer: Display: Audio Mixer Platform Settings:
[2025.11.16-10.30.11:829][152]LogAudioMixer: Display: 	Sample Rate:						  48000
[2025.11.16-10.30.11:829][152]LogAudioMixer: Display: 	Callback Buffer Frame Size Requested: 1024
[2025.11.16-10.30.11:829][152]LogAudioMixer: Display: 	Callback Buffer Frame Size To Use:	  1024
[2025.11.16-10.30.11:829][152]LogAudioMixer: Display: 	Number of buffers to queue:			  2
[2025.11.16-10.30.11:829][152]LogAudioMixer: Display: 	Max Channels (voices):				  32
[2025.11.16-10.30.11:829][152]LogAudioMixer: Display: 	Number of Async Source Workers:		  0
[2025.11.16-10.30.11:829][152]LogAudio: Display: AudioDevice MaxSources: 32
[2025.11.16-10.30.11:829][152]LogAudio: Display: Using built-in audio occlusion.
[2025.11.16-10.30.11:829][152]LogAudioMixer: Display: Initializing audio mixer.
[2025.11.16-10.30.11:833][152]LogAudioMixer: Display: 0: FrontLeft
[2025.11.16-10.30.11:833][152]LogAudioMixer: Display: 1: FrontRight
[2025.11.16-10.30.11:845][152]LogAudioMixer: Display: Using Audio Device FxSound Speakers (FxSound Audio Enhancer)
[2025.11.16-10.30.11:846][152]LogAudioMixer: Display: Initializing Sound Submixes...
[2025.11.16-10.30.11:846][152]LogAudioMixer: Display: Creating Master Submix 'MasterSubmixDefault'
[2025.11.16-10.30.11:846][152]LogAudioMixer: Display: Creating Master Submix 'MasterReverbSubmixDefault'
[2025.11.16-10.30.11:846][152]LogAudioMixer: Display: Creating Master Submix 'MasterEQSubmixDefault'
[2025.11.16-10.30.11:860][152]LogInit: FAudioDevice initialized.
[2025.11.16-10.30.11:872][152]LogLoad: Game class is 'PlayerGameModeBase_C'
[2025.11.16-10.30.11:875][152]LogSkeletalMesh: USkeletalMeshComponent::InitArticulated : Could not find root physics body: '/Game/Levels/UEDPIE_0_Main.Main:PersistentLevel.ComputerBoss_2.CharacterMesh0'
[2025.11.16-10.30.11:875][152]LogSkeletalMesh: USkeletalMeshComponent::InitArticulated : Could not find root physics body: '/Game/Levels/UEDPIE_0_Main.Main:PersistentLevel.Phone_2.CharacterMesh0'
[2025.11.16-10.30.11:875][152]LogWorld: Bringing World /Game/Levels/UEDPIE_0_Main.Main up for play (max tick rate 60) at 2025.11.16-12.30.11
[2025.11.16-10.30.11:876][152]LogWorld: Bringing up level for play took: 0.002440
[2025.11.16-10.30.11:876][152]LogOnline: OSS: Creating online subsystem instance for: :Context_12
[2025.11.16-10.30.11:880][152]PIE: Server logged in
[2025.11.16-10.30.11:881][152]PIE: Play in editor total start time 0.149 seconds.
[2025.11.16-10.30.19:804][627]LogBlueprintUserMessages: [ComputerBoss_2] AHHH

[2025.11.16-10.30.22:056][760]LogSlate: Updating window title bar state: overlay mode, drag disabled, window buttons hidden, title bar hidden
[2025.11.16-10.30.22:056][760]LogWorld: BeginTearingDown for /Game/Levels/UEDPIE_0_Main
[2025.11.16-10.30.22:056][760]LogWorld: UWorld::CleanupWorld for Main, bSessionEnded=true, bCleanupResources=true
[2025.11.16-10.30.22:056][760]LogSlate: InvalidateAllWidgets triggered.  All widgets were invalidated
[2025.11.16-10.30.22:066][760]LogPlayLevel: Display: Shutting down PIE online subsystems
[2025.11.16-10.30.22:069][760]LogSlate: InvalidateAllWidgets triggered.  All widgets were invalidated
[2025.11.16-10.30.22:126][760]LogSlate: Updating window title bar state: overlay mode, drag disabled, window buttons hidden, title bar hidden
[2025.11.16-10.30.22:127][760]LogAISub: UAISubsystem::~UAISubsystem AIPerceptionSystem (00000220A0989080), frame # 31760
[2025.11.16-10.30.22:127][760]LogAISub: UAISubsystem::~UAISubsystem EnvQueryManager (000002213F27F400), frame # 31760
[2025.11.16-10.30.22:130][760]LogUObjectHash: Compacting FUObjectHashTables data took   1.93ms
[2025.11.16-10.30.22:162][761]LogPlayLevel: Display: Destroying online subsystem :Context_12
[2025.11.16-10.30.36:499][567]LogEditorViewport: Clicking on Actor (LMB): BP_Sky_Sphere_C (BP_Sky_Sphere)
[2025.11.16-10.30.36:589][570]Cmd: OBJ SAVEPACKAGE PACKAGE="/Game/Levels/Main" FILE="../../../../../../Git/Saf/GameUniHack/PixelPerfect/Content/Levels/Main.umap" SILENT=true AUTOSAVING=false KEEPDIRTY=false
[2025.11.16-10.30.36:626][570]LogUObjectHash: Compacting FUObjectHashTables data took   0.88ms
[2025.11.16-10.30.36:663][570]LogSavePackage: Moving '../../../../../../Git/Saf/GameUniHack/PixelPerfect/Saved/MainF9939204465F1EADA4E04EAA4B54E7FB.tmp' to '../../../../../../Git/Saf/GameUniHack/PixelPerfect/Content/Levels/Main.umap'
[2025.11.16-10.30.36:706][570]AssetCheck: New page: Asset Save: Main
[2025.11.16-10.30.36:706][570]LogContentValidation: Display: Validating World /Game/Levels/Main.Main
[2025.11.16-10.31.05:303][189]BlueprintLog: New page: Compile MathWidget
[2025.11.16-10.31.05:360][189]LogUObjectHash: Compacting FUObjectHashTables data took   3.10ms
[2025.11.16-10.31.05:707][200]Cmd: OBJ SAVEPACKAGE PACKAGE="/Game/Puzzle/Widgets/MathWidget" FILE="../../../../../../Git/Saf/GameUniHack/PixelPerfect/Content/Puzzle/Widgets/MathWidget.uasset" SILENT=true
[2025.11.16-10.31.05:768][200]LogSavePackage: Moving '../../../../../../Git/Saf/GameUniHack/PixelPerfect/Saved/MathWidget16C459914EA738EF94D8D59F3EFDFF72.tmp' to '../../../../../../Git/Saf/GameUniHack/PixelPerfect/Content/Puzzle/Widgets/MathWidget.uasset'
[2025.11.16-10.31.05:794][200]AssetCheck: New page: Asset Save: MathWidget
[2025.11.16-10.31.05:794][200]LogContentValidation: Display: Validating WidgetBlueprint /Game/Puzzle/Widgets/MathWidget.MathWidget
[2025.11.16-10.31.06:063][215]Cmd: OBJ SAVEPACKAGE PACKAGE="/Game/Puzzle/Widgets/MathWidget" FILE="../../../../../../Git/Saf/GameUniHack/PixelPerfect/Content/Puzzle/Widgets/MathWidget.uasset" SILENT=true
[2025.11.16-10.31.06:101][215]LogSavePackage: Moving '../../../../../../Git/Saf/GameUniHack/PixelPerfect/Saved/MathWidget35DFE8AE49424A5C4DEA7C8882FD2CE1.tmp' to '../../../../../../Git/Saf/GameUniHack/PixelPerfect/Content/Puzzle/Widgets/MathWidget.uasset'
[2025.11.16-10.31.06:116][215]AssetCheck: New page: Asset Save: MathWidget
[2025.11.16-10.31.06:116][215]LogContentValidation: Display: Validating WidgetBlueprint /Game/Puzzle/Widgets/MathWidget.MathWidget
[2025.11.16-10.31.06:864][252]Cmd: OBJ SAVEPACKAGE PACKAGE="/Game/Levels/Main" FILE="../../../../../../Git/Saf/GameUniHack/PixelPerfect/Content/Levels/Main.umap" SILENT=true AUTOSAVING=false KEEPDIRTY=false
[2025.11.16-10.31.06:906][252]LogUObjectHash: Compacting FUObjectHashTables data took   2.65ms
[2025.11.16-10.31.06:941][252]LogSavePackage: Moving '../../../../../../Git/Saf/GameUniHack/PixelPerfect/Saved/Main85F47F2A40EF5CD5E3B54D897A865D69.tmp' to '../../../../../../Git/Saf/GameUniHack/PixelPerfect/Content/Levels/Main.umap'
[2025.11.16-10.31.06:984][252]AssetCheck: New page: Asset Save: Main
[2025.11.16-10.31.06:984][252]LogContentValidation: Display: Validating World /Game/Levels/Main.Main
[2025.11.16-10.31.07:215][266]LogEditorViewport: Clicking on Actor (LMB): BP_Sky_Sphere_C (BP_Sky_Sphere)
[2025.11.16-10.31.07:543][285]LogEditorViewport: Clicking on Actor (LMB): BP_Sky_Sphere_C (BP_Sky_Sphere)
[2025.11.16-10.31.08:117][319]LogTemp: Repeating last play command: Selected Viewport
[2025.11.16-10.31.08:132][319]LogPlayLevel: PlayLevel: No blueprints needed recompiling
[2025.11.16-10.31.08:132][319]PIE: New page: PIE session: Main (Nov 16, 2025, 2:31:08 PM)
[2025.11.16-10.31.08:132][319]LogPlayLevel: Creating play world package: /Game/Levels/UEDPIE_0_Main
[2025.11.16-10.31.08:137][319]LogPlayLevel: PIE: StaticDuplicateObject took: (0.004647s)
[2025.11.16-10.31.08:138][319]LogAIModule: Creating AISystem for world Main
[2025.11.16-10.31.08:138][319]LogAISub: UAISubsystem::UAISubsystem EnvQueryManager (000002215913CA00), frame # 34319
[2025.11.16-10.31.08:138][319]LogAISub: UAISubsystem::UAISubsystem AIPerceptionSystem (000002214106CCC0), frame # 34319
[2025.11.16-10.31.08:138][319]LogPlayLevel: PIE: World Init took: (0.000949s)
[2025.11.16-10.31.08:138][319]LogPlayLevel: PIE: Created PIE world by copying editor world from /Game/Levels/Main.Main to /Game/Levels/UEDPIE_0_Main.Main (0.005705s)
[2025.11.16-10.31.08:166][319]LogUObjectHash: Compacting FUObjectHashTables data took   1.92ms
[2025.11.16-10.31.08:167][319]LogAudioMixer: Display: Audio Mixer Platform Settings:
[2025.11.16-10.31.08:167][319]LogAudioMixer: Display: 	Sample Rate:						  48000
[2025.11.16-10.31.08:167][319]LogAudioMixer: Display: 	Callback Buffer Frame Size Requested: 1024
[2025.11.16-10.31.08:167][319]LogAudioMixer: Display: 	Callback Buffer Frame Size To Use:	  1024
[2025.11.16-10.31.08:167][319]LogAudioMixer: Display: 	Number of buffers to queue:			  2
[2025.11.16-10.31.08:167][319]LogAudioMixer: Display: 	Max Channels (voices):				  32
[2025.11.16-10.31.08:167][319]LogAudioMixer: Display: 	Number of Async Source Workers:		  0
[2025.11.16-10.31.08:167][319]LogAudio: Display: AudioDevice MaxSources: 32
[2025.11.16-10.31.08:168][319]LogAudio: Display: Using built-in audio occlusion.
[2025.11.16-10.31.08:168][319]LogAudioMixer: Display: Initializing audio mixer.
[2025.11.16-10.31.08:172][319]LogAudioMixer: Display: 0: FrontLeft
[2025.11.16-10.31.08:172][319]LogAudioMixer: Display: 1: FrontRight
[2025.11.16-10.31.08:183][319]LogAudioMixer: Display: Using Audio Device FxSound Speakers (FxSound Audio Enhancer)
[2025.11.16-10.31.08:183][319]LogAudioMixer: Display: Initializing Sound Submixes...
[2025.11.16-10.31.08:183][319]LogAudioMixer: Display: Creating Master Submix 'MasterSubmixDefault'
[2025.11.16-10.31.08:183][319]LogAudioMixer: Display: Creating Master Submix 'MasterReverbSubmixDefault'
[2025.11.16-10.31.08:184][319]LogAudioMixer: Display: Creating Master Submix 'MasterEQSubmixDefault'
[2025.11.16-10.31.08:197][319]LogInit: FAudioDevice initialized.
[2025.11.16-10.31.08:209][319]LogLoad: Game class is 'PlayerGameModeBase_C'
[2025.11.16-10.31.08:212][319]LogSkeletalMesh: USkeletalMeshComponent::InitArticulated : Could not find root physics body: '/Game/Levels/UEDPIE_0_Main.Main:PersistentLevel.ComputerBoss_2.CharacterMesh0'
[2025.11.16-10.31.08:212][319]LogSkeletalMesh: USkeletalMeshComponent::InitArticulated : Could not find root physics body: '/Game/Levels/UEDPIE_0_Main.Main:PersistentLevel.Phone_2.CharacterMesh0'
[2025.11.16-10.31.08:212][319]LogWorld: Bringing World /Game/Levels/UEDPIE_0_Main.Main up for play (max tick rate 60) at 2025.11.16-12.31.08
[2025.11.16-10.31.08:216][319]LogWorld: Bringing up level for play took: 0.006142
[2025.11.16-10.31.08:217][319]LogOnline: OSS: Creating online subsystem instance for: :Context_13
[2025.11.16-10.31.08:222][319]PIE: Server logged in
[2025.11.16-10.31.08:223][319]PIE: Play in editor total start time 0.092 seconds.
[2025.11.16-10.31.16:271][800]LogBlueprintUserMessages: [ComputerBoss_2] AHHH

[2025.11.16-10.31.22:966][199]LogSlate: Updating window title bar state: overlay mode, drag disabled, window buttons hidden, title bar hidden
[2025.11.16-10.31.22:966][199]LogWorld: BeginTearingDown for /Game/Levels/UEDPIE_0_Main
[2025.11.16-10.31.22:966][199]LogWorld: UWorld::CleanupWorld for Main, bSessionEnded=true, bCleanupResources=true
[2025.11.16-10.31.22:967][199]LogSlate: InvalidateAllWidgets triggered.  All widgets were invalidated
[2025.11.16-10.31.23:003][199]LogPlayLevel: Display: Shutting down PIE online subsystems
[2025.11.16-10.31.23:008][199]LogSlate: InvalidateAllWidgets triggered.  All widgets were invalidated
[2025.11.16-10.31.23:066][199]LogSlate: Updating window title bar state: overlay mode, drag disabled, window buttons hidden, title bar hidden
[2025.11.16-10.31.23:066][199]LogAISub: UAISubsystem::~UAISubsystem AIPerceptionSystem (000002214106CCC0), frame # 35199
[2025.11.16-10.31.23:066][199]LogAISub: UAISubsystem::~UAISubsystem EnvQueryManager (000002215913CA00), frame # 35199
[2025.11.16-10.31.23:070][199]LogUObjectHash: Compacting FUObjectHashTables data took   2.56ms
[2025.11.16-10.31.23:100][200]LogPlayLevel: Display: Destroying online subsystem :Context_13
[2025.11.16-10.31.24:264][267]Cmd: OBJ SAVEPACKAGE PACKAGE="/Game/Levels/Main" FILE="../../../../../../Git/Saf/GameUniHack/PixelPerfect/Content/Levels/Main.umap" SILENT=true AUTOSAVING=false KEEPDIRTY=false
[2025.11.16-10.31.24:304][267]LogUObjectHash: Compacting FUObjectHashTables data took   1.40ms
[2025.11.16-10.31.24:338][267]LogSavePackage: Moving '../../../../../../Git/Saf/GameUniHack/PixelPerfect/Saved/Main07A09F4B4A1559CB18D6DB91C3384B30.tmp' to '../../../../../../Git/Saf/GameUniHack/PixelPerfect/Content/Levels/Main.umap'
[2025.11.16-10.31.24:380][267]AssetCheck: New page: Asset Save: Main
[2025.11.16-10.31.24:380][267]LogContentValidation: Display: Validating World /Game/Levels/Main.Main
[2025.11.16-10.32.23:583][675]BlueprintLog: New page: Compile UI_Puzzle
[2025.11.16-10.32.23:649][675]LogUObjectHash: Compacting FUObjectHashTables data took   2.67ms
[2025.11.16-10.32.24:005][693]Cmd: OBJ SAVEPACKAGE PACKAGE="/Game/Puzzle/Widgets/UI_Puzzle" FILE="../../../../../../Git/Saf/GameUniHack/PixelPerfect/Content/Puzzle/Widgets/UI_Puzzle.uasset" SILENT=true
[2025.11.16-10.32.24:033][693]LogSavePackage: Moving '../../../../../../Git/Saf/GameUniHack/PixelPerfect/Saved/UI_PuzzleC46B50274943499F8E4354B0281CF8FE.tmp' to '../../../../../../Git/Saf/GameUniHack/PixelPerfect/Content/Puzzle/Widgets/UI_Puzzle.uasset'
[2025.11.16-10.32.24:064][693]AssetCheck: New page: Asset Save: UI_Puzzle
[2025.11.16-10.32.24:064][693]LogContentValidation: Display: Validating Blueprint /Game/Puzzle/Widgets/UI_Puzzle.UI_Puzzle
[2025.11.16-10.32.24:688][728]Cmd: OBJ SAVEPACKAGE PACKAGE="/Game/Puzzle/Widgets/UI_Puzzle" FILE="../../../../../../Git/Saf/GameUniHack/PixelPerfect/Content/Puzzle/Widgets/UI_Puzzle.uasset" SILENT=true
[2025.11.16-10.32.24:718][728]LogSavePackage: Moving '../../../../../../Git/Saf/GameUniHack/PixelPerfect/Saved/UI_Puzzle4A4D2B19456CA0278F301A9CA2A84D3D.tmp' to '../../../../../../Git/Saf/GameUniHack/PixelPerfect/Content/Puzzle/Widgets/UI_Puzzle.uasset'
[2025.11.16-10.32.24:750][728]AssetCheck: New page: Asset Save: UI_Puzzle
[2025.11.16-10.32.24:750][728]LogContentValidation: Display: Validating Blueprint /Game/Puzzle/Widgets/UI_Puzzle.UI_Puzzle
[2025.11.16-10.32.25:404][762]Cmd: OBJ SAVEPACKAGE PACKAGE="/Game/Levels/Main" FILE="../../../../../../Git/Saf/GameUniHack/PixelPerfect/Content/Levels/Main.umap" SILENT=true AUTOSAVING=false KEEPDIRTY=false
[2025.11.16-10.32.25:438][762]LogUObjectHash: Compacting FUObjectHashTables data took   2.39ms
[2025.11.16-10.32.25:476][762]LogSavePackage: Moving '../../../../../../Git/Saf/GameUniHack/PixelPerfect/Saved/Main44DFC1F843F399929254F89127BD2C33.tmp' to '../../../../../../Git/Saf/GameUniHack/PixelPerfect/Content/Levels/Main.umap'
[2025.11.16-10.32.25:530][762]AssetCheck: New page: Asset Save: Main
[2025.11.16-10.32.25:530][762]LogContentValidation: Display: Validating World /Game/Levels/Main.Main
[2025.11.16-10.32.29:145][961]LogUObjectHash: Compacting FUObjectHashTables data took   2.40ms
[2025.11.16-10.32.30:373][ 31]Cmd: OBJ SAVEPACKAGE PACKAGE="/Game/Levels/Main" FILE="../../../../../../Git/Saf/GameUniHack/PixelPerfect/Content/Levels/Main.umap" SILENT=true AUTOSAVING=false KEEPDIRTY=false
[2025.11.16-10.32.30:418][ 31]LogUObjectHash: Compacting FUObjectHashTables data took   2.64ms
[2025.11.16-10.32.30:455][ 31]LogSavePackage: Moving '../../../../../../Git/Saf/GameUniHack/PixelPerfect/Saved/Main868CB73345E2A728F5CE8F9EFCEFFAE4.tmp' to '../../../../../../Git/Saf/GameUniHack/PixelPerfect/Content/Levels/Main.umap'
[2025.11.16-10.32.30:496][ 31]AssetCheck: New page: Asset Save: Main
[2025.11.16-10.32.30:496][ 31]LogContentValidation: Display: Validating World /Game/Levels/Main.Main
[2025.11.16-10.32.31:157][ 65]LogAssetEditorSubsystem: Opening Asset editor for Blueprint /Game/Puzzle/Widgets/UI_Puzzle2.UI_Puzzle2
[2025.11.16-10.32.33:747][193]LogSlate: Prevented a slow task dialog from being summoned while a context menu was open
[2025.11.16-10.32.35:682][245]LogSlate: Prevented a slow task dialog from being summoned while a context menu was open
[2025.11.16-10.32.36:316][280]BlueprintLog: New page: Compile UI_Puzzle2
[2025.11.16-10.32.36:362][280]LogUObjectHash: Compacting FUObjectHashTables data took   2.47ms
[2025.11.16-10.32.36:571][289]Cmd: OBJ SAVEPACKAGE PACKAGE="/Game/Puzzle/Widgets/UI_Puzzle2" FILE="../../../../../../Git/Saf/GameUniHack/PixelPerfect/Content/Puzzle/Widgets/UI_Puzzle2.uasset" SILENT=true
[2025.11.16-10.32.36:579][289]LogSavePackage: Moving '../../../../../../Git/Saf/GameUniHack/PixelPerfect/Saved/UI_Puzzle24F21C51B4DF80AD9C8499DB5DD7FCF57.tmp' to '../../../../../../Git/Saf/GameUniHack/PixelPerfect/Content/Puzzle/Widgets/UI_Puzzle2.uasset'
[2025.11.16-10.32.36:605][289]AssetCheck: New page: Asset Save: UI_Puzzle2
[2025.11.16-10.32.36:605][289]LogContentValidation: Display: Validating Blueprint /Game/Puzzle/Widgets/UI_Puzzle2.UI_Puzzle2
[2025.11.16-10.32.38:906][413]LogAssetEditorSubsystem: Opening Asset editor for WidgetBlueprint /Game/Puzzle/Widgets/Quizz.Quizz
[2025.11.16-10.32.46:582][850]BlueprintLog: New page: Compile Quizz
[2025.11.16-10.32.46:633][850]LogUObjectHash: Compacting FUObjectHashTables data took   3.21ms
[2025.11.16-10.32.46:893][858]Cmd: OBJ SAVEPACKAGE PACKAGE="/Game/Puzzle/Widgets/Quizz" FILE="../../../../../../Git/Saf/GameUniHack/PixelPerfect/Content/Puzzle/Widgets/Quizz.uasset" SILENT=true
[2025.11.16-10.32.46:918][858]LogSavePackage: Moving '../../../../../../Git/Saf/GameUniHack/PixelPerfect/Saved/QuizzE5F2DD5F4E7AE9DAFC03D0B333F93CAC.tmp' to '../../../../../../Git/Saf/GameUniHack/PixelPerfect/Content/Puzzle/Widgets/Quizz.uasset'
[2025.11.16-10.32.46:935][858]AssetCheck: New page: Asset Save: Quizz
[2025.11.16-10.32.46:935][858]LogContentValidation: Display: Validating WidgetBlueprint /Game/Puzzle/Widgets/Quizz.Quizz
[2025.11.16-10.32.47:933][914]LogSlate: Took 0.012713 seconds to synchronously load lazily loaded font '../../../Engine/Content/Slate/Fonts/DroidSansFallback.ttf' (3848K)
[2025.11.16-10.33.10:656][259]BlueprintLog: New page: Compile Quizz
[2025.11.16-10.33.10:699][259]LogUObjectHash: Compacting FUObjectHashTables data took   2.43ms
[2025.11.16-10.33.11:085][275]Cmd: OBJ SAVEPACKAGE PACKAGE="/Game/Puzzle/Widgets/Quizz" FILE="../../../../../../Git/Saf/GameUniHack/PixelPerfect/Content/Puzzle/Widgets/Quizz.uasset" SILENT=true
[2025.11.16-10.33.11:111][275]LogSavePackage: Moving '../../../../../../Git/Saf/GameUniHack/PixelPerfect/Saved/QuizzFB8D2C4342094543A7A986AEE7C1B658.tmp' to '../../../../../../Git/Saf/GameUniHack/PixelPerfect/Content/Puzzle/Widgets/Quizz.uasset'
[2025.11.16-10.33.11:142][275]AssetCheck: New page: Asset Save: Quizz
[2025.11.16-10.33.11:142][275]LogContentValidation: Display: Validating WidgetBlueprint /Game/Puzzle/Widgets/Quizz.Quizz
[2025.11.16-10.33.17:024][611]BlueprintLog: New page: Compile Quizz
[2025.11.16-10.33.17:076][611]LogUObjectHash: Compacting FUObjectHashTables data took   3.13ms
[2025.11.16-10.33.17:468][630]Cmd: OBJ SAVEPACKAGE PACKAGE="/Game/Puzzle/Widgets/Quizz" FILE="../../../../../../Git/Saf/GameUniHack/PixelPerfect/Content/Puzzle/Widgets/Quizz.uasset" SILENT=true
[2025.11.16-10.33.17:504][630]LogSavePackage: Moving '../../../../../../Git/Saf/GameUniHack/PixelPerfect/Saved/Quizz8C93679346940249E077DCB7C4D6EF21.tmp' to '../../../../../../Git/Saf/GameUniHack/PixelPerfect/Content/Puzzle/Widgets/Quizz.uasset'
[2025.11.16-10.33.17:532][630]AssetCheck: New page: Asset Save: Quizz
[2025.11.16-10.33.17:532][630]LogContentValidation: Display: Validating WidgetBlueprint /Game/Puzzle/Widgets/Quizz.Quizz
[2025.11.16-10.33.40:286][925]BlueprintLog: New page: Compile Quizz
[2025.11.16-10.33.40:291][925]LogBlueprint: Warning: [Compiler Quizz] Could not find a variable named "ComputerBoss_Ref" in 'Quizz_C'.
Make sure 'Quizz_C' has been compiled for  Set ComputerBoss_Ref
[2025.11.16-10.33.40:291][925]LogBlueprint: Error: [Compiler Quizz] The property associated with  Computer Boss Ref  could not be found in '/Game/Puzzle/Widgets/Quizz.Quizz_C'
[2025.11.16-10.33.40:332][925]LogUObjectHash: Compacting FUObjectHashTables data took   2.71ms
[2025.11.16-10.33.40:676][942]Cmd: OBJ SAVEPACKAGE PACKAGE="/Game/Puzzle/Widgets/Quizz" FILE="../../../../../../Git/Saf/GameUniHack/PixelPerfect/Content/Puzzle/Widgets/Quizz.uasset" SILENT=true
[2025.11.16-10.33.40:704][942]LogSavePackage: Moving '../../../../../../Git/Saf/GameUniHack/PixelPerfect/Saved/Quizz5FDDE34B4DC0D2F173EE5CACD76C3066.tmp' to '../../../../../../Git/Saf/GameUniHack/PixelPerfect/Content/Puzzle/Widgets/Quizz.uasset'
[2025.11.16-10.33.40:745][942]AssetCheck: New page: Asset Save: Quizz
[2025.11.16-10.33.40:745][942]LogContentValidation: Display: Validating WidgetBlueprint /Game/Puzzle/Widgets/Quizz.Quizz
[2025.11.16-10.33.43:018][ 70]BlueprintLog: New page: Compile Quizz
[2025.11.16-10.33.43:061][ 70]LogUObjectHash: Compacting FUObjectHashTables data took   2.99ms
[2025.11.16-10.33.44:391][146]Cmd: OBJ SAVEPACKAGE PACKAGE="/Game/Puzzle/Widgets/Quizz" FILE="../../../../../../Git/Saf/GameUniHack/PixelPerfect/Content/Puzzle/Widgets/Quizz.uasset" SILENT=true
[2025.11.16-10.33.44:417][146]LogSavePackage: Moving '../../../../../../Git/Saf/GameUniHack/PixelPerfect/Saved/Quizz107C415C4CF2E603ACAC51933B9BD7B4.tmp' to '../../../../../../Git/Saf/GameUniHack/PixelPerfect/Content/Puzzle/Widgets/Quizz.uasset'
[2025.11.16-10.33.44:440][146]AssetCheck: New page: Asset Save: Quizz
[2025.11.16-10.33.44:440][146]LogContentValidation: Display: Validating WidgetBlueprint /Game/Puzzle/Widgets/Quizz.Quizz
[2025.11.16-10.33.44:906][173]Cmd: OBJ SAVEPACKAGE PACKAGE="/Game/Puzzle/Widgets/Quizz" FILE="../../../../../../Git/Saf/GameUniHack/PixelPerfect/Content/Puzzle/Widgets/Quizz.uasset" SILENT=true
[2025.11.16-10.33.44:933][173]LogSavePackage: Moving '../../../../../../Git/Saf/GameUniHack/PixelPerfect/Saved/Quizz2F5D2BA14860E7B0E0FE58A5BBA9A01D.tmp' to '../../../../../../Git/Saf/GameUniHack/PixelPerfect/Content/Puzzle/Widgets/Quizz.uasset'
[2025.11.16-10.33.44:951][173]AssetCheck: New page: Asset Save: Quizz
[2025.11.16-10.33.44:951][173]LogContentValidation: Display: Validating WidgetBlueprint /Game/Puzzle/Widgets/Quizz.Quizz
[2025.11.16-10.34.07:008][447]BlueprintLog: New page: Compile Quizz
[2025.11.16-10.34.07:058][447]LogUObjectHash: Compacting FUObjectHashTables data took   2.64ms
[2025.11.16-10.34.07:451][467]Cmd: OBJ SAVEPACKAGE PACKAGE="/Game/Puzzle/Widgets/Quizz" FILE="../../../../../../Git/Saf/GameUniHack/PixelPerfect/Content/Puzzle/Widgets/Quizz.uasset" SILENT=true
[2025.11.16-10.34.07:479][467]LogSavePackage: Moving '../../../../../../Git/Saf/GameUniHack/PixelPerfect/Saved/Quizz35390F6A47755B6C8C8DE4A38E8D987A.tmp' to '../../../../../../Git/Saf/GameUniHack/PixelPerfect/Content/Puzzle/Widgets/Quizz.uasset'
[2025.11.16-10.34.07:504][467]AssetCheck: New page: Asset Save: Quizz
[2025.11.16-10.34.07:504][467]LogContentValidation: Display: Validating WidgetBlueprint /Game/Puzzle/Widgets/Quizz.Quizz
[2025.11.16-10.34.08:436][521]Cmd: OBJ SAVEPACKAGE PACKAGE="/Game/Puzzle/Widgets/Quizz" FILE="../../../../../../Git/Saf/GameUniHack/PixelPerfect/Content/Puzzle/Widgets/Quizz.uasset" SILENT=true
[2025.11.16-10.34.08:465][521]LogSavePackage: Moving '../../../../../../Git/Saf/GameUniHack/PixelPerfect/Saved/QuizzAEF35C4745023B8F6088949AE369806E.tmp' to '../../../../../../Git/Saf/GameUniHack/PixelPerfect/Content/Puzzle/Widgets/Quizz.uasset'
[2025.11.16-10.34.08:479][521]AssetCheck: New page: Asset Save: Quizz
[2025.11.16-10.34.08:479][521]LogContentValidation: Display: Validating WidgetBlueprint /Game/Puzzle/Widgets/Quizz.Quizz
[2025.11.16-10.34.16:894][998]Cmd: OBJ SAVEPACKAGE PACKAGE="/Game/Puzzle/Widgets/UI_Puzzle2" FILE="../../../../../../Git/Saf/GameUniHack/PixelPerfect/Content/Puzzle/Widgets/UI_Puzzle2.uasset" SILENT=true
[2025.11.16-10.34.16:921][998]LogSavePackage: Moving '../../../../../../Git/Saf/GameUniHack/PixelPerfect/Saved/UI_Puzzle2D3243A3B40A0508D370907856A26D4A2.tmp' to '../../../../../../Git/Saf/GameUniHack/PixelPerfect/Content/Puzzle/Widgets/UI_Puzzle2.uasset'
[2025.11.16-10.34.16:936][998]AssetCheck: New page: Asset Save: UI_Puzzle2
[2025.11.16-10.34.16:936][998]LogContentValidation: Display: Validating Blueprint /Game/Puzzle/Widgets/UI_Puzzle2.UI_Puzzle2
[2025.11.16-10.34.18:205][ 69]Cmd: OBJ SAVEPACKAGE PACKAGE="/Game/Levels/Main" FILE="../../../../../../Git/Saf/GameUniHack/PixelPerfect/Content/Levels/Main.umap" SILENT=true AUTOSAVING=false KEEPDIRTY=false
[2025.11.16-10.34.18:244][ 69]LogUObjectHash: Compacting FUObjectHashTables data took   2.45ms
[2025.11.16-10.34.18:278][ 69]LogSavePackage: Moving '../../../../../../Git/Saf/GameUniHack/PixelPerfect/Saved/Main4BE8CCAB47AC9819F0A972B7A6D30895.tmp' to '../../../../../../Git/Saf/GameUniHack/PixelPerfect/Content/Levels/Main.umap'
[2025.11.16-10.34.18:325][ 69]AssetCheck: New page: Asset Save: Main
[2025.11.16-10.34.18:326][ 69]LogContentValidation: Display: Validating World /Game/Levels/Main.Main
[2025.11.16-10.34.23:905][392]LogEditorViewport: Clicking on Actor (LMB): BP_Sky_Sphere_C (BP_Sky_Sphere)
[2025.11.16-10.34.24:048][398]Cmd: OBJ SAVEPACKAGE PACKAGE="/Game/Levels/Main" FILE="../../../../../../Git/Saf/GameUniHack/PixelPerfect/Content/Levels/Main.umap" SILENT=true AUTOSAVING=false KEEPDIRTY=false
[2025.11.16-10.34.24:096][398]LogUObjectHash: Compacting FUObjectHashTables data took   2.22ms
[2025.11.16-10.34.24:130][398]LogSavePackage: Moving '../../../../../../Git/Saf/GameUniHack/PixelPerfect/Saved/Main50375044473A0411B412F7BC41D7B341.tmp' to '../../../../../../Git/Saf/GameUniHack/PixelPerfect/Content/Levels/Main.umap'
[2025.11.16-10.34.24:168][398]AssetCheck: New page: Asset Save: Main
[2025.11.16-10.34.24:169][398]LogContentValidation: Display: Validating World /Game/Levels/Main.Main
[2025.11.16-10.34.24:978][447]LogTemp: Repeating last play command: Selected Viewport
[2025.11.16-10.34.24:997][447]LogPlayLevel: PlayLevel: No blueprints needed recompiling
[2025.11.16-10.34.24:997][447]PIE: New page: PIE session: Main (Nov 16, 2025, 2:34:24 PM)
[2025.11.16-10.34.24:997][447]LogPlayLevel: Creating play world package: /Game/Levels/UEDPIE_0_Main
[2025.11.16-10.34.25:003][447]LogPlayLevel: PIE: StaticDuplicateObject took: (0.006591s)
[2025.11.16-10.34.25:004][447]LogAIModule: Creating AISystem for world Main
[2025.11.16-10.34.25:004][447]LogAISub: UAISubsystem::UAISubsystem EnvQueryManager (00000221573DBE00), frame # 45447
[2025.11.16-10.34.25:004][447]LogAISub: UAISubsystem::UAISubsystem AIPerceptionSystem (00000221945F0A40), frame # 45447
[2025.11.16-10.34.25:004][447]LogPlayLevel: PIE: World Init took: (0.001068s)
[2025.11.16-10.34.25:004][447]LogPlayLevel: PIE: Created PIE world by copying editor world from /Game/Levels/Main.Main to /Game/Levels/UEDPIE_0_Main.Main (0.007759s)
[2025.11.16-10.34.25:039][447]LogUObjectHash: Compacting FUObjectHashTables data took   1.89ms
[2025.11.16-10.34.25:040][447]LogAudioMixer: Display: Audio Mixer Platform Settings:
[2025.11.16-10.34.25:040][447]LogAudioMixer: Display: 	Sample Rate:						  48000
[2025.11.16-10.34.25:040][447]LogAudioMixer: Display: 	Callback Buffer Frame Size Requested: 1024
[2025.11.16-10.34.25:040][447]LogAudioMixer: Display: 	Callback Buffer Frame Size To Use:	  1024
[2025.11.16-10.34.25:040][447]LogAudioMixer: Display: 	Number of buffers to queue:			  2
[2025.11.16-10.34.25:040][447]LogAudioMixer: Display: 	Max Channels (voices):				  32
[2025.11.16-10.34.25:040][447]LogAudioMixer: Display: 	Number of Async Source Workers:		  0
[2025.11.16-10.34.25:040][447]LogAudio: Display: AudioDevice MaxSources: 32
[2025.11.16-10.34.25:040][447]LogAudio: Display: Using built-in audio occlusion.
[2025.11.16-10.34.25:040][447]LogAudioMixer: Display: Initializing audio mixer.
[2025.11.16-10.34.25:043][447]LogAudioMixer: Display: 0: FrontLeft
[2025.11.16-10.34.25:043][447]LogAudioMixer: Display: 1: FrontRight
[2025.11.16-10.34.25:056][447]LogAudioMixer: Display: Using Audio Device FxSound Speakers (FxSound Audio Enhancer)
[2025.11.16-10.34.25:056][447]LogAudioMixer: Display: Initializing Sound Submixes...
[2025.11.16-10.34.25:056][447]LogAudioMixer: Display: Creating Master Submix 'MasterSubmixDefault'
[2025.11.16-10.34.25:056][447]LogAudioMixer: Display: Creating Master Submix 'MasterReverbSubmixDefault'
[2025.11.16-10.34.25:056][447]LogAudioMixer: Display: Creating Master Submix 'MasterEQSubmixDefault'
[2025.11.16-10.34.25:071][447]LogInit: FAudioDevice initialized.
[2025.11.16-10.34.25:080][447]LogLoad: Game class is 'PlayerGameModeBase_C'
[2025.11.16-10.34.25:082][447]LogSkeletalMesh: USkeletalMeshComponent::InitArticulated : Could not find root physics body: '/Game/Levels/UEDPIE_0_Main.Main:PersistentLevel.ComputerBoss_2.CharacterMesh0'
[2025.11.16-10.34.25:082][447]LogSkeletalMesh: USkeletalMeshComponent::InitArticulated : Could not find root physics body: '/Game/Levels/UEDPIE_0_Main.Main:PersistentLevel.Phone_2.CharacterMesh0'
[2025.11.16-10.34.25:083][447]LogWorld: Bringing World /Game/Levels/UEDPIE_0_Main.Main up for play (max tick rate 60) at 2025.11.16-12.34.25
[2025.11.16-10.34.25:083][447]LogWorld: Bringing up level for play took: 0.002176
[2025.11.16-10.34.25:084][447]LogOnline: OSS: Creating online subsystem instance for: :Context_17
[2025.11.16-10.34.25:087][447]PIE: Server logged in
[2025.11.16-10.34.25:087][447]PIE: Play in editor total start time 0.092 seconds.
[2025.11.16-10.34.27:270][578]LogBlueprintUserMessages: [ComputerBoss_2] AHHH

[2025.11.16-10.34.28:695][661]LogSlate: Updating window title bar state: overlay mode, drag disabled, window buttons hidden, title bar hidden
[2025.11.16-10.34.28:695][661]LogWorld: BeginTearingDown for /Game/Levels/UEDPIE_0_Main
[2025.11.16-10.34.28:696][661]LogWorld: UWorld::CleanupWorld for Main, bSessionEnded=true, bCleanupResources=true
[2025.11.16-10.34.28:696][661]LogSlate: InvalidateAllWidgets triggered.  All widgets were invalidated
[2025.11.16-10.34.28:735][661]LogPlayLevel: Display: Shutting down PIE online subsystems
[2025.11.16-10.34.28:738][661]LogSlate: InvalidateAllWidgets triggered.  All widgets were invalidated
[2025.11.16-10.34.28:805][661]LogSlate: Updating window title bar state: overlay mode, drag disabled, window buttons hidden, title bar hidden
[2025.11.16-10.34.28:806][661]LogAISub: UAISubsystem::~UAISubsystem AIPerceptionSystem (00000221945F0A40), frame # 45661
[2025.11.16-10.34.28:806][661]LogAISub: UAISubsystem::~UAISubsystem EnvQueryManager (00000221573DBE00), frame # 45661
[2025.11.16-10.34.28:808][661]LogUObjectHash: Compacting FUObjectHashTables data took   2.39ms
[2025.11.16-10.34.28:843][662]LogPlayLevel: Display: Destroying online subsystem :Context_17
[2025.11.16-10.34.30:326][748]LogTemp: Repeating last play command: Selected Viewport
[2025.11.16-10.34.30:343][748]LogPlayLevel: PlayLevel: No blueprints needed recompiling
[2025.11.16-10.34.30:343][748]PIE: New page: PIE session: Main (Nov 16, 2025, 2:34:30 PM)
[2025.11.16-10.34.30:374][748]LogPlayLevel: Creating play world package: /Game/Levels/UEDPIE_0_Main
[2025.11.16-10.34.30:382][748]LogPlayLevel: PIE: StaticDuplicateObject took: (0.007329s)
[2025.11.16-10.34.30:382][748]LogAIModule: Creating AISystem for world Main
[2025.11.16-10.34.30:382][748]LogAISub: UAISubsystem::UAISubsystem EnvQueryManager (0000022140FF7000), frame # 45748
[2025.11.16-10.34.30:382][748]LogAISub: UAISubsystem::UAISubsystem AIPerceptionSystem (0000022194DD2340), frame # 45748
[2025.11.16-10.34.30:383][748]LogPlayLevel: PIE: World Init took: (0.001150s)
[2025.11.16-10.34.30:383][748]LogPlayLevel: PIE: Created PIE world by copying editor world from /Game/Levels/Main.Main to /Game/Levels/UEDPIE_0_Main.Main (0.008675s)
[2025.11.16-10.34.30:422][748]LogUObjectHash: Compacting FUObjectHashTables data took   2.27ms
[2025.11.16-10.34.30:424][748]LogAudioMixer: Display: Audio Mixer Platform Settings:
[2025.11.16-10.34.30:424][748]LogAudioMixer: Display: 	Sample Rate:						  48000
[2025.11.16-10.34.30:424][748]LogAudioMixer: Display: 	Callback Buffer Frame Size Requested: 1024
[2025.11.16-10.34.30:424][748]LogAudioMixer: Display: 	Callback Buffer Frame Size To Use:	  1024
[2025.11.16-10.34.30:424][748]LogAudioMixer: Display: 	Number of buffers to queue:			  2
[2025.11.16-10.34.30:424][748]LogAudioMixer: Display: 	Max Channels (voices):				  32
[2025.11.16-10.34.30:424][748]LogAudioMixer: Display: 	Number of Async Source Workers:		  0
[2025.11.16-10.34.30:424][748]LogAudio: Display: AudioDevice MaxSources: 32
[2025.11.16-10.34.30:424][748]LogAudio: Display: Using built-in audio occlusion.
[2025.11.16-10.34.30:424][748]LogAudioMixer: Display: Initializing audio mixer.
[2025.11.16-10.34.30:428][748]LogAudioMixer: Display: 0: FrontLeft
[2025.11.16-10.34.30:428][748]LogAudioMixer: Display: 1: FrontRight
[2025.11.16-10.34.30:441][748]LogAudioMixer: Display: Using Audio Device FxSound Speakers (FxSound Audio Enhancer)
[2025.11.16-10.34.30:441][748]LogAudioMixer: Display: Initializing Sound Submixes...
[2025.11.16-10.34.30:441][748]LogAudioMixer: Display: Creating Master Submix 'MasterSubmixDefault'
[2025.11.16-10.34.30:441][748]LogAudioMixer: Display: Creating Master Submix 'MasterReverbSubmixDefault'
[2025.11.16-10.34.30:442][748]LogAudioMixer: Display: Creating Master Submix 'MasterEQSubmixDefault'
[2025.11.16-10.34.30:459][748]LogInit: FAudioDevice initialized.
[2025.11.16-10.34.30:469][748]LogLoad: Game class is 'PlayerGameModeBase_C'
[2025.11.16-10.34.30:472][748]LogSkeletalMesh: USkeletalMeshComponent::InitArticulated : Could not find root physics body: '/Game/Levels/UEDPIE_0_Main.Main:PersistentLevel.ComputerBoss_2.CharacterMesh0'
[2025.11.16-10.34.30:472][748]LogSkeletalMesh: USkeletalMeshComponent::InitArticulated : Could not find root physics body: '/Game/Levels/UEDPIE_0_Main.Main:PersistentLevel.Phone_2.CharacterMesh0'
[2025.11.16-10.34.30:472][748]LogWorld: Bringing World /Game/Levels/UEDPIE_0_Main.Main up for play (max tick rate 60) at 2025.11.16-12.34.30
[2025.11.16-10.34.30:473][748]LogWorld: Bringing up level for play took: 0.002931
[2025.11.16-10.34.30:474][748]LogOnline: OSS: Creating online subsystem instance for: :Context_18
[2025.11.16-10.34.30:479][748]PIE: Server logged in
[2025.11.16-10.34.30:479][748]PIE: Play in editor total start time 0.138 seconds.
[2025.11.16-10.34.32:996][896]LogSlate: Updating window title bar state: overlay mode, drag disabled, window buttons hidden, title bar hidden
[2025.11.16-10.34.32:996][896]LogWorld: BeginTearingDown for /Game/Levels/UEDPIE_0_Main
[2025.11.16-10.34.32:996][896]LogWorld: UWorld::CleanupWorld for Main, bSessionEnded=true, bCleanupResources=true
[2025.11.16-10.34.32:997][896]LogSlate: InvalidateAllWidgets triggered.  All widgets were invalidated
[2025.11.16-10.34.33:012][896]LogPlayLevel: Display: Shutting down PIE online subsystems
[2025.11.16-10.34.33:017][896]LogSlate: InvalidateAllWidgets triggered.  All widgets were invalidated
[2025.11.16-10.34.33:081][896]LogSlate: Updating window title bar state: overlay mode, drag disabled, window buttons hidden, title bar hidden
[2025.11.16-10.34.33:082][896]LogAISub: UAISubsystem::~UAISubsystem AIPerceptionSystem (0000022194DD2340), frame # 45896
[2025.11.16-10.34.33:082][896]LogAISub: UAISubsystem::~UAISubsystem EnvQueryManager (0000022140FF7000), frame # 45896
[2025.11.16-10.34.33:085][896]LogUObjectHash: Compacting FUObjectHashTables data took   2.10ms
[2025.11.16-10.34.33:116][897]LogPlayLevel: Display: Destroying online subsystem :Context_18
[2025.11.16-10.35.27:422][ 24]BlueprintLog: New page: Compile Quizz
[2025.11.16-10.35.27:474][ 24]LogUObjectHash: Compacting FUObjectHashTables data took   2.40ms
[2025.11.16-10.35.27:845][ 41]Cmd: OBJ SAVEPACKAGE PACKAGE="/Game/Puzzle/Widgets/Quizz" FILE="../../../../../../Git/Saf/GameUniHack/PixelPerfect/Content/Puzzle/Widgets/Quizz.uasset" SILENT=true
[2025.11.16-10.35.27:876][ 41]LogSavePackage: Moving '../../../../../../Git/Saf/GameUniHack/PixelPerfect/Saved/Quizz8CECDFC34AE59DD36F1321A77850E5B4.tmp' to '../../../../../../Git/Saf/GameUniHack/PixelPerfect/Content/Puzzle/Widgets/Quizz.uasset'
[2025.11.16-10.35.27:917][ 41]AssetCheck: New page: Asset Save: Quizz
[2025.11.16-10.35.27:917][ 41]LogContentValidation: Display: Validating WidgetBlueprint /Game/Puzzle/Widgets/Quizz.Quizz
[2025.11.16-10.35.29:252][119]Cmd: OBJ SAVEPACKAGE PACKAGE="/Game/Puzzle/Widgets/Quizz" FILE="../../../../../../Git/Saf/GameUniHack/PixelPerfect/Content/Puzzle/Widgets/Quizz.uasset" SILENT=true
[2025.11.16-10.35.29:284][119]LogSavePackage: Moving '../../../../../../Git/Saf/GameUniHack/PixelPerfect/Saved/Quizz5F9B4CD1489284D891C76C926E1597D7.tmp' to '../../../../../../Git/Saf/GameUniHack/PixelPerfect/Content/Puzzle/Widgets/Quizz.uasset'
[2025.11.16-10.35.29:298][119]AssetCheck: New page: Asset Save: Quizz
[2025.11.16-10.35.29:298][119]LogContentValidation: Display: Validating WidgetBlueprint /Game/Puzzle/Widgets/Quizz.Quizz
[2025.11.16-10.35.30:059][162]Cmd: OBJ SAVEPACKAGE PACKAGE="/Game/Levels/Main" FILE="../../../../../../Git/Saf/GameUniHack/PixelPerfect/Content/Levels/Main.umap" SILENT=true AUTOSAVING=false KEEPDIRTY=false
[2025.11.16-10.35.30:098][162]LogUObjectHash: Compacting FUObjectHashTables data took   2.54ms
[2025.11.16-10.35.30:134][162]LogSavePackage: Moving '../../../../../../Git/Saf/GameUniHack/PixelPerfect/Saved/Main6433A34049CB367689E222B9E467582F.tmp' to '../../../../../../Git/Saf/GameUniHack/PixelPerfect/Content/Levels/Main.umap'
[2025.11.16-10.35.30:178][162]AssetCheck: New page: Asset Save: Main
[2025.11.16-10.35.30:178][162]LogContentValidation: Display: Validating World /Game/Levels/Main.Main
[2025.11.16-10.35.30:441][178]LogEditorViewport: Clicking on Actor (LMB): BP_Sky_Sphere_C (BP_Sky_Sphere)
[2025.11.16-10.35.31:237][224]LogTemp: Repeating last play command: Selected Viewport
[2025.11.16-10.35.31:255][224]LogPlayLevel: PlayLevel: No blueprints needed recompiling
[2025.11.16-10.35.31:255][224]PIE: New page: PIE session: Main (Nov 16, 2025, 2:35:31 PM)
[2025.11.16-10.35.31:255][224]LogPlayLevel: Creating play world package: /Game/Levels/UEDPIE_0_Main
[2025.11.16-10.35.31:259][224]LogPlayLevel: PIE: StaticDuplicateObject took: (0.004366s)
[2025.11.16-10.35.31:260][224]LogAIModule: Creating AISystem for world Main
[2025.11.16-10.35.31:260][224]LogAISub: UAISubsystem::UAISubsystem EnvQueryManager (000002216CF56200), frame # 49224
[2025.11.16-10.35.31:260][224]LogAISub: UAISubsystem::UAISubsystem AIPerceptionSystem (000002211D8356C0), frame # 49224
[2025.11.16-10.35.31:260][224]LogPlayLevel: PIE: World Init took: (0.001141s)
[2025.11.16-10.35.31:260][224]LogPlayLevel: PIE: Created PIE world by copying editor world from /Game/Levels/Main.Main to /Game/Levels/UEDPIE_0_Main.Main (0.005620s)
[2025.11.16-10.35.31:300][224]LogUObjectHash: Compacting FUObjectHashTables data took   2.04ms
[2025.11.16-10.35.31:301][224]LogAudioMixer: Display: Audio Mixer Platform Settings:
[2025.11.16-10.35.31:301][224]LogAudioMixer: Display: 	Sample Rate:						  48000
[2025.11.16-10.35.31:301][224]LogAudioMixer: Display: 	Callback Buffer Frame Size Requested: 1024
[2025.11.16-10.35.31:301][224]LogAudioMixer: Display: 	Callback Buffer Frame Size To Use:	  1024
[2025.11.16-10.35.31:301][224]LogAudioMixer: Display: 	Number of buffers to queue:			  2
[2025.11.16-10.35.31:301][224]LogAudioMixer: Display: 	Max Channels (voices):				  32
[2025.11.16-10.35.31:301][224]LogAudioMixer: Display: 	Number of Async Source Workers:		  0
[2025.11.16-10.35.31:301][224]LogAudio: Display: AudioDevice MaxSources: 32
[2025.11.16-10.35.31:302][224]LogAudio: Display: Using built-in audio occlusion.
[2025.11.16-10.35.31:302][224]LogAudioMixer: Display: Initializing audio mixer.
[2025.11.16-10.35.31:305][224]LogAudioMixer: Display: 0: FrontLeft
[2025.11.16-10.35.31:305][224]LogAudioMixer: Display: 1: FrontRight
[2025.11.16-10.35.31:318][224]LogAudioMixer: Display: Using Audio Device FxSound Speakers (FxSound Audio Enhancer)
[2025.11.16-10.35.31:318][224]LogAudioMixer: Display: Initializing Sound Submixes...
[2025.11.16-10.35.31:318][224]LogAudioMixer: Display: Creating Master Submix 'MasterSubmixDefault'
[2025.11.16-10.35.31:318][224]LogAudioMixer: Display: Creating Master Submix 'MasterReverbSubmixDefault'
[2025.11.16-10.35.31:320][224]LogAudioMixer: Display: Creating Master Submix 'MasterEQSubmixDefault'
[2025.11.16-10.35.31:334][224]LogInit: FAudioDevice initialized.
[2025.11.16-10.35.31:342][224]LogLoad: Game class is 'PlayerGameModeBase_C'
[2025.11.16-10.35.31:345][224]LogSkeletalMesh: USkeletalMeshComponent::InitArticulated : Could not find root physics body: '/Game/Levels/UEDPIE_0_Main.Main:PersistentLevel.ComputerBoss_2.CharacterMesh0'
[2025.11.16-10.35.31:345][224]LogSkeletalMesh: USkeletalMeshComponent::InitArticulated : Could not find root physics body: '/Game/Levels/UEDPIE_0_Main.Main:PersistentLevel.Phone_2.CharacterMesh0'
[2025.11.16-10.35.31:345][224]LogWorld: Bringing World /Game/Levels/UEDPIE_0_Main.Main up for play (max tick rate 60) at 2025.11.16-12.35.31
[2025.11.16-10.35.31:346][224]LogWorld: Bringing up level for play took: 0.003503
[2025.11.16-10.35.31:347][224]LogOnline: OSS: Creating online subsystem instance for: :Context_19
[2025.11.16-10.35.31:351][224]PIE: Server logged in
[2025.11.16-10.35.31:352][224]PIE: Play in editor total start time 0.098 seconds.
[2025.11.16-10.35.32:065][266]LogPlayerController: Error: InputMode:UIOnly - Attempting to focus Non-Focusable widget SObjectWidget [Widget.cpp(799)]!
[2025.11.16-10.35.32:880][315]LogBlueprintUserMessages: [ComputerBoss_2] AHHH

[2025.11.16-10.35.34:025][382]LogSlate: Updating window title bar state: overlay mode, drag disabled, window buttons hidden, title bar hidden
[2025.11.16-10.35.34:025][382]LogWorld: BeginTearingDown for /Game/Levels/UEDPIE_0_Main
[2025.11.16-10.35.34:026][382]LogWorld: UWorld::CleanupWorld for Main, bSessionEnded=true, bCleanupResources=true
[2025.11.16-10.35.34:026][382]LogSlate: InvalidateAllWidgets triggered.  All widgets were invalidated
[2025.11.16-10.35.34:055][382]LogPlayLevel: Display: Shutting down PIE online subsystems
[2025.11.16-10.35.34:058][382]LogSlate: InvalidateAllWidgets triggered.  All widgets were invalidated
[2025.11.16-10.35.34:099][382]LogSlate: Updating window title bar state: overlay mode, drag disabled, window buttons hidden, title bar hidden
[2025.11.16-10.35.34:118][382]LogAISub: UAISubsystem::~UAISubsystem AIPerceptionSystem (000002211D8356C0), frame # 49382
[2025.11.16-10.35.34:118][382]LogAISub: UAISubsystem::~UAISubsystem EnvQueryManager (000002216CF56200), frame # 49382
[2025.11.16-10.35.34:122][382]LogUObjectHash: Compacting FUObjectHashTables data took   2.50ms
[2025.11.16-10.35.34:156][383]LogPlayLevel: Display: Destroying online subsystem :Context_19
[2025.11.16-10.35.35:189][444]LogEditorViewport: Clicking on Actor (LMB): BP_Sky_Sphere_C (BP_Sky_Sphere)
[2025.11.16-10.35.35:545][463]Cmd: OBJ SAVEPACKAGE PACKAGE="/Game/Levels/Main" FILE="../../../../../../Git/Saf/GameUniHack/PixelPerfect/Content/Levels/Main.umap" SILENT=true AUTOSAVING=false KEEPDIRTY=false
[2025.11.16-10.35.35:588][463]LogUObjectHash: Compacting FUObjectHashTables data took   1.52ms
[2025.11.16-10.35.35:622][463]LogSavePackage: Moving '../../../../../../Git/Saf/GameUniHack/PixelPerfect/Saved/Main925C9C774850A12E9E2936A199615271.tmp' to '../../../../../../Git/Saf/GameUniHack/PixelPerfect/Content/Levels/Main.umap'
[2025.11.16-10.35.35:659][463]AssetCheck: New page: Asset Save: Main
[2025.11.16-10.35.35:659][463]LogContentValidation: Display: Validating World /Game/Levels/Main.Main
[2025.11.16-10.35.37:856][594]LogEditorViewport: Clicking on Actor (LMB): StaticMeshActor (Cube)
[2025.11.16-10.35.38:383][624]LogEditorViewport: Clicking on Actor (LMB): StaticMeshActor (Cube)
[2025.11.16-10.35.38:822][650]LogEditorViewport: Clicking on Actor (LMB): StaticMeshActor (Cube)
[2025.11.16-10.35.39:243][675]LogEditorViewport: Clicking on Actor (LMB): UI_Puzzle2_C (UI_Puzzle2)
[2025.11.16-10.35.40:343][739]LogEditorViewport: Clicking on Actor (LMB): BP_Sky_Sphere_C (BP_Sky_Sphere)
[2025.11.16-10.35.40:760][763]LogTemp: Repeating last play command: Selected Viewport
[2025.11.16-10.35.40:774][763]LogPlayLevel: PlayLevel: No blueprints needed recompiling
[2025.11.16-10.35.40:774][763]PIE: New page: PIE session: Main (Nov 16, 2025, 2:35:40 PM)
[2025.11.16-10.35.40:774][763]LogPlayLevel: Creating play world package: /Game/Levels/UEDPIE_0_Main
[2025.11.16-10.35.40:781][763]LogPlayLevel: PIE: StaticDuplicateObject took: (0.006161s)
[2025.11.16-10.35.40:782][763]LogAIModule: Creating AISystem for world Main
[2025.11.16-10.35.40:782][763]LogAISub: UAISubsystem::UAISubsystem EnvQueryManager (000002213D890600), frame # 49763
[2025.11.16-10.35.40:782][763]LogAISub: UAISubsystem::UAISubsystem AIPerceptionSystem (0000022170B63240), frame # 49763
[2025.11.16-10.35.40:782][763]LogPlayLevel: PIE: World Init took: (0.001240s)
[2025.11.16-10.35.40:782][763]LogPlayLevel: PIE: Created PIE world by copying editor world from /Game/Levels/Main.Main to /Game/Levels/UEDPIE_0_Main.Main (0.007549s)
[2025.11.16-10.35.40:808][763]LogUObjectHash: Compacting FUObjectHashTables data took   2.21ms
[2025.11.16-10.35.40:812][763]LogAudioMixer: Display: Audio Mixer Platform Settings:
[2025.11.16-10.35.40:812][763]LogAudioMixer: Display: 	Sample Rate:						  48000
[2025.11.16-10.35.40:812][763]LogAudioMixer: Display: 	Callback Buffer Frame Size Requested: 1024
[2025.11.16-10.35.40:812][763]LogAudioMixer: Display: 	Callback Buffer Frame Size To Use:	  1024
[2025.11.16-10.35.40:812][763]LogAudioMixer: Display: 	Number of buffers to queue:			  2
[2025.11.16-10.35.40:812][763]LogAudioMixer: Display: 	Max Channels (voices):				  32
[2025.11.16-10.35.40:812][763]LogAudioMixer: Display: 	Number of Async Source Workers:		  0
[2025.11.16-10.35.40:812][763]LogAudio: Display: AudioDevice MaxSources: 32
[2025.11.16-10.35.40:812][763]LogAudio: Display: Using built-in audio occlusion.
[2025.11.16-10.35.40:812][763]LogAudioMixer: Display: Initializing audio mixer.
[2025.11.16-10.35.40:816][763]LogAudioMixer: Display: 0: FrontLeft
[2025.11.16-10.35.40:816][763]LogAudioMixer: Display: 1: FrontRight
[2025.11.16-10.35.40:826][763]LogAudioMixer: Display: Using Audio Device FxSound Speakers (FxSound Audio Enhancer)
[2025.11.16-10.35.40:826][763]LogAudioMixer: Display: Initializing Sound Submixes...
[2025.11.16-10.35.40:826][763]LogAudioMixer: Display: Creating Master Submix 'MasterSubmixDefault'
[2025.11.16-10.35.40:826][763]LogAudioMixer: Display: Creating Master Submix 'MasterReverbSubmixDefault'
[2025.11.16-10.35.40:827][763]LogAudioMixer: Display: Creating Master Submix 'MasterEQSubmixDefault'
[2025.11.16-10.35.40:840][763]LogInit: FAudioDevice initialized.
[2025.11.16-10.35.40:848][763]LogLoad: Game class is 'PlayerGameModeBase_C'
[2025.11.16-10.35.40:851][763]LogSkeletalMesh: USkeletalMeshComponent::InitArticulated : Could not find root physics body: '/Game/Levels/UEDPIE_0_Main.Main:PersistentLevel.ComputerBoss_2.CharacterMesh0'
[2025.11.16-10.35.40:851][763]LogSkeletalMesh: USkeletalMeshComponent::InitArticulated : Could not find root physics body: '/Game/Levels/UEDPIE_0_Main.Main:PersistentLevel.Phone_2.CharacterMesh0'
[2025.11.16-10.35.40:851][763]LogWorld: Bringing World /Game/Levels/UEDPIE_0_Main.Main up for play (max tick rate 60) at 2025.11.16-12.35.40
[2025.11.16-10.35.40:852][763]LogWorld: Bringing up level for play took: 0.002031
[2025.11.16-10.35.40:852][763]LogOnline: OSS: Creating online subsystem instance for: :Context_20
[2025.11.16-10.35.40:856][763]PIE: Server logged in
[2025.11.16-10.35.40:856][763]PIE: Play in editor total start time 0.082 seconds.
[2025.11.16-10.35.41:692][813]LogPlayerController: Error: InputMode:UIOnly - Attempting to focus Non-Focusable widget SObjectWidget [Widget.cpp(799)]!
[2025.11.16-10.35.42:506][862]LogBlueprintUserMessages: [ComputerBoss_2] AHHH

[2025.11.16-10.35.54:195][563]LogBlueprintUserMessages: [ComputerBoss_2] AHHH

[2025.11.16-10.35.57:618][768]LogScript: Warning: Accessed None trying to read property CallFunc_GetPlayerCharacter_ReturnValue
	BTTASK_LastPlayerLocation_C /Game/Levels/UEDPIE_0_Main.Main:PersistentLevel.Computer_Boss_Ai_Controller_C_0.BTComponent.BTTASK_LastPlayerLocation_C_0
	Function /Game/Enemy/Anomaly/BTTASK_LastPlayerLocation.BTTASK_LastPlayerLocation_C:ExecuteUbergraph_BTTASK_LastPlayerLocation:0054
[2025.11.16-10.35.57:618][768]PIE: Error: Blueprint Runtime Error: "Accessed None trying to read property CallFunc_GetPlayerCharacter_ReturnValue". Blueprint:  BTTASK_LastPlayerLocation Function:  Execute Ubergraph BTTASK Last Player Location Graph:  EventGraph Node:  Set Blackboard Value as Vector
[2025.11.16-10.36.24:118][356]LogBlueprintUserMessages: [GrabCamera_5] Hello
[2025.11.16-10.36.29:545][677]LogSlate: Updating window title bar state: overlay mode, drag disabled, window buttons hidden, title bar hidden
[2025.11.16-10.36.29:545][677]LogWorld: BeginTearingDown for /Game/Levels/UEDPIE_0_Main
[2025.11.16-10.36.29:545][677]LogWorld: UWorld::CleanupWorld for Main, bSessionEnded=true, bCleanupResources=true
[2025.11.16-10.36.29:546][677]LogSlate: InvalidateAllWidgets triggered.  All widgets were invalidated
[2025.11.16-10.36.29:561][677]LogPlayLevel: Display: Shutting down PIE online subsystems
[2025.11.16-10.36.29:566][677]LogSlate: InvalidateAllWidgets triggered.  All widgets were invalidated
[2025.11.16-10.36.29:629][677]LogSlate: Updating window title bar state: overlay mode, drag disabled, window buttons hidden, title bar hidden
[2025.11.16-10.36.29:629][677]LogAISub: UAISubsystem::~UAISubsystem AIPerceptionSystem (0000022170B63240), frame # 52677
[2025.11.16-10.36.29:630][677]LogAISub: UAISubsystem::~UAISubsystem EnvQueryManager (000002213D890600), frame # 52677
[2025.11.16-10.36.29:632][677]LogUObjectHash: Compacting FUObjectHashTables data took   2.13ms
[2025.11.16-10.36.29:810][678]LogPlayLevel: Display: Destroying online subsystem :Context_20
[2025.11.16-10.36.31:605][773]LogSlate: Window 'Message Log' being destroyed
[2025.11.16-10.36.31:613][773]LogSlate: Window 'Message Log' being destroyed
[2025.11.16-10.36.32:517][826]LogEditorViewport: Clicking on Actor (LMB): BP_Sky_Sphere_C (BP_Sky_Sphere)
[2025.11.16-10.36.32:592][827]Cmd: OBJ SAVEPACKAGE PACKAGE="/Game/Levels/Main" FILE="../../../../../../Git/Saf/GameUniHack/PixelPerfect/Content/Levels/Main.umap" SILENT=true AUTOSAVING=false KEEPDIRTY=false
[2025.11.16-10.36.32:635][827]LogUObjectHash: Compacting FUObjectHashTables data took   0.96ms
[2025.11.16-10.36.32:670][827]LogSavePackage: Moving '../../../../../../Git/Saf/GameUniHack/PixelPerfect/Saved/Main0D8985C44BD78F20B6A71E90A13C7112.tmp' to '../../../../../../Git/Saf/GameUniHack/PixelPerfect/Content/Levels/Main.umap'
[2025.11.16-10.36.32:710][827]AssetCheck: New page: Asset Save: Main
[2025.11.16-10.36.32:710][827]LogContentValidation: Display: Validating World /Game/Levels/Main.Main
[2025.11.16-10.36.37:176][ 91]LogEditorViewport: Clicking on Actor (LMB): StaticMeshActor (Cube)
[2025.11.16-10.36.37:722][120]LogEditorViewport: Clicking on Actor (LMB): StaticMeshActor (Cube)
[2025.11.16-10.36.39:033][198]LogEditorViewport: Clicking on Actor (LMB): BP_Sky_Sphere_C (BP_Sky_Sphere)
[2025.11.16-10.38.01:267][456]BlueprintLog: New page: Compile Puzzle
[2025.11.16-10.38.01:369][456]LogUObjectHash: Compacting FUObjectHashTables data took   2.27ms
[2025.11.16-10.38.01:668][466]Cmd: OBJ SAVEPACKAGE PACKAGE="/Game/Puzzle/Puzzle" FILE="../../../../../../Git/Saf/GameUniHack/PixelPerfect/Content/Puzzle/Puzzle.uasset" SILENT=true
[2025.11.16-10.38.01:731][466]LogSavePackage: Moving '../../../../../../Git/Saf/GameUniHack/PixelPerfect/Saved/PuzzleA7564D344711380BF3AF9FB98563E7A8.tmp' to '../../../../../../Git/Saf/GameUniHack/PixelPerfect/Content/Puzzle/Puzzle.uasset'
[2025.11.16-10.38.01:752][466]AssetCheck: New page: Asset Save: Puzzle
[2025.11.16-10.38.01:753][466]LogContentValidation: Display: Validating Blueprint /Game/Puzzle/Puzzle.Puzzle
[2025.11.16-10.38.14:582][167]BlueprintLog: New page: Compile Puzzle
[2025.11.16-10.38.14:688][167]LogUObjectHash: Compacting FUObjectHashTables data took   2.92ms
[2025.11.16-10.38.15:039][181]Cmd: OBJ SAVEPACKAGE PACKAGE="/Game/Puzzle/Puzzle" FILE="../../../../../../Git/Saf/GameUniHack/PixelPerfect/Content/Puzzle/Puzzle.uasset" SILENT=true
[2025.11.16-10.38.15:113][181]LogSavePackage: Moving '../../../../../../Git/Saf/GameUniHack/PixelPerfect/Saved/Puzzle64094BB6481A3FBDA92504BA1917F712.tmp' to '../../../../../../Git/Saf/GameUniHack/PixelPerfect/Content/Puzzle/Puzzle.uasset'
[2025.11.16-10.38.15:136][181]AssetCheck: New page: Asset Save: Puzzle
[2025.11.16-10.38.15:136][181]LogContentValidation: Display: Validating Blueprint /Game/Puzzle/Puzzle.Puzzle
[2025.11.16-10.38.46:122][ 24]BlueprintLog: New page: Compile Puzzle
[2025.11.16-10.38.46:260][ 24]LogUObjectHash: Compacting FUObjectHashTables data took   2.93ms
[2025.11.16-10.38.46:495][ 32]Cmd: OBJ SAVEPACKAGE PACKAGE="/Game/Puzzle/Puzzle" FILE="../../../../../../Git/Saf/GameUniHack/PixelPerfect/Content/Puzzle/Puzzle.uasset" SILENT=true
[2025.11.16-10.38.46:562][ 32]LogSavePackage: Moving '../../../../../../Git/Saf/GameUniHack/PixelPerfect/Saved/PuzzleB72AE1B249DC278293B9D8B629E7FDBB.tmp' to '../../../../../../Git/Saf/GameUniHack/PixelPerfect/Content/Puzzle/Puzzle.uasset'
[2025.11.16-10.38.46:588][ 32]AssetCheck: New page: Asset Save: Puzzle
[2025.11.16-10.38.46:588][ 32]LogContentValidation: Display: Validating Blueprint /Game/Puzzle/Puzzle.Puzzle
[2025.11.16-10.38.46:831][ 45]Cmd: OBJ SAVEPACKAGE PACKAGE="/Game/Puzzle/Puzzle" FILE="../../../../../../Git/Saf/GameUniHack/PixelPerfect/Content/Puzzle/Puzzle.uasset" SILENT=true
[2025.11.16-10.38.46:889][ 45]LogSavePackage: Moving '../../../../../../Git/Saf/GameUniHack/PixelPerfect/Saved/Puzzle73F427764137241F5CD78C83A6F59D76.tmp' to '../../../../../../Git/Saf/GameUniHack/PixelPerfect/Content/Puzzle/Puzzle.uasset'
[2025.11.16-10.38.46:905][ 45]AssetCheck: New page: Asset Save: Puzzle
[2025.11.16-10.38.46:905][ 45]LogContentValidation: Display: Validating Blueprint /Game/Puzzle/Puzzle.Puzzle
[2025.11.16-10.39.13:298][500]BlueprintLog: New page: Compile Puzzle
[2025.11.16-10.39.13:399][500]LogUObjectHash: Compacting FUObjectHashTables data took   2.76ms
[2025.11.16-10.39.18:996][809]BlueprintLog: New page: Compile Puzzle
[2025.11.16-10.39.19:086][809]LogUObjectHash: Compacting FUObjectHashTables data took   2.95ms
[2025.11.16-10.39.19:475][825]Cmd: OBJ SAVEPACKAGE PACKAGE="/Game/Puzzle/Puzzle" FILE="../../../../../../Git/Saf/GameUniHack/PixelPerfect/Content/Puzzle/Puzzle.uasset" SILENT=true
[2025.11.16-10.39.19:543][825]LogSavePackage: Moving '../../../../../../Git/Saf/GameUniHack/PixelPerfect/Saved/PuzzleF118A24845E04276BC71ADA89D180EC6.tmp' to '../../../../../../Git/Saf/GameUniHack/PixelPerfect/Content/Puzzle/Puzzle.uasset'
[2025.11.16-10.39.19:565][825]AssetCheck: New page: Asset Save: Puzzle
[2025.11.16-10.39.19:565][825]LogContentValidation: Display: Validating Blueprint /Game/Puzzle/Puzzle.Puzzle
[2025.11.16-10.39.24:095][ 85]BlueprintLog: New page: Compile Puzzle
[2025.11.16-10.39.24:186][ 85]LogUObjectHash: Compacting FUObjectHashTables data took   2.81ms
[2025.11.16-10.39.24:499][ 95]Cmd: OBJ SAVEPACKAGE PACKAGE="/Game/Puzzle/Puzzle" FILE="../../../../../../Git/Saf/GameUniHack/PixelPerfect/Content/Puzzle/Puzzle.uasset" SILENT=true
[2025.11.16-10.39.24:567][ 95]LogSavePackage: Moving '../../../../../../Git/Saf/GameUniHack/PixelPerfect/Saved/Puzzle2C5FF935402816ED7849C6966843BDEA.tmp' to '../../../../../../Git/Saf/GameUniHack/PixelPerfect/Content/Puzzle/Puzzle.uasset'
[2025.11.16-10.39.24:592][ 95]AssetCheck: New page: Asset Save: Puzzle
[2025.11.16-10.39.24:592][ 95]LogContentValidation: Display: Validating Blueprint /Game/Puzzle/Puzzle.Puzzle
[2025.11.16-10.39.25:063][121]Cmd: OBJ SAVEPACKAGE PACKAGE="/Game/Puzzle/Puzzle" FILE="../../../../../../Git/Saf/GameUniHack/PixelPerfect/Content/Puzzle/Puzzle.uasset" SILENT=true
[2025.11.16-10.39.25:131][121]LogSavePackage: Moving '../../../../../../Git/Saf/GameUniHack/PixelPerfect/Saved/PuzzleB0A42FA34B87EC0F26E961A3EA80193F.tmp' to '../../../../../../Git/Saf/GameUniHack/PixelPerfect/Content/Puzzle/Puzzle.uasset'
[2025.11.16-10.39.25:151][121]AssetCheck: New page: Asset Save: Puzzle
[2025.11.16-10.39.25:151][121]LogContentValidation: Display: Validating Blueprint /Game/Puzzle/Puzzle.Puzzle
[2025.11.16-10.39.26:005][168]Cmd: OBJ SAVEPACKAGE PACKAGE="/Game/Levels/Main" FILE="../../../../../../Git/Saf/GameUniHack/PixelPerfect/Content/Levels/Main.umap" SILENT=true AUTOSAVING=false KEEPDIRTY=false
[2025.11.16-10.39.26:046][168]LogUObjectHash: Compacting FUObjectHashTables data took   2.56ms
[2025.11.16-10.39.26:083][168]LogSavePackage: Moving '../../../../../../Git/Saf/GameUniHack/PixelPerfect/Saved/Main3B46F21B4F970704C932CEBBB7422BC1.tmp' to '../../../../../../Git/Saf/GameUniHack/PixelPerfect/Content/Levels/Main.umap'
[2025.11.16-10.39.26:122][168]AssetCheck: New page: Asset Save: Main
[2025.11.16-10.39.26:122][168]LogContentValidation: Display: Validating World /Game/Levels/Main.Main
[2025.11.16-10.39.26:236][175]LogEditorViewport: Clicking on Actor (LMB): BP_Sky_Sphere_C (BP_Sky_Sphere)
[2025.11.16-10.39.28:064][283]LogEditorViewport: Clicking on Actor (LMB): StaticMeshActor (Cube3)
[2025.11.16-10.39.28:185][289]Cmd: EDIT CUT
[2025.11.16-10.39.28:204][289]LogEditorActor: Deleted Actor: StaticMeshActor
[2025.11.16-10.39.28:242][289]LogUObjectHash: Compacting FUObjectHashTables data took   2.11ms
[2025.11.16-10.39.28:246][289]LogEditorActor: Deleted 1 Actors (0.046 secs)
[2025.11.16-10.39.28:344][295]LogEditorViewport: Clicking on Actor (double click): StaticMeshActor (Cube2)
[2025.11.16-10.39.28:649][312]Cmd: EDIT CUT
[2025.11.16-10.39.28:655][312]LogEditorActor: Deleted Actor: StaticMeshActor
[2025.11.16-10.39.28:696][312]LogUObjectHash: Compacting FUObjectHashTables data took   0.54ms
[2025.11.16-10.39.28:697][312]LogEditorActor: Deleted 1 Actors (0.044 secs)
[2025.11.16-10.39.28:930][324]Cmd: OBJ SAVEPACKAGE PACKAGE="/Game/Levels/Main" FILE="../../../../../../Git/Saf/GameUniHack/PixelPerfect/Content/Levels/Main.umap" SILENT=true AUTOSAVING=false KEEPDIRTY=false
[2025.11.16-10.39.28:962][324]LogUObjectHash: Compacting FUObjectHashTables data took   0.53ms
[2025.11.16-10.39.28:998][324]LogSavePackage: Moving '../../../../../../Git/Saf/GameUniHack/PixelPerfect/Saved/Main5945E97445926AF727A22881887EC6A5.tmp' to '../../../../../../Git/Saf/GameUniHack/PixelPerfect/Content/Levels/Main.umap'
[2025.11.16-10.39.29:061][324]AssetCheck: New page: Asset Save: Main
[2025.11.16-10.39.29:061][324]LogContentValidation: Display: Validating World /Game/Levels/Main.Main
[2025.11.16-10.45.15:006][568]AssetReimport: New page: Outstanding source content changes 2:45:15 PM
[2025.11.16-10.45.15:010][568]LogFactory: FactoryCreateFile: StaticMesh with FbxFactory (0 0 C:/Git/Saf/GameUniHack/PixelPerfect/Content/Assets/Warehouse/Models/Warehouse.fbx)
[2025.11.16-10.45.15:036][568]LogFbx: Loading FBX Scene from C:/Git/Saf/GameUniHack/PixelPerfect/Content/Assets/Warehouse/Models/Warehouse.fbx
[2025.11.16-10.45.15:054][568]LogFbx: FBX Scene Loaded Succesfully
[2025.11.16-10.45.16:761][568]LogSlate: Window 'FBX Import Options' being destroyed
[2025.11.16-10.45.17:014][568]LogStaticMesh: Building static mesh Warehouse...
[2025.11.16-10.45.17:162][568]LogStaticMesh: Built static mesh [0.15s] /Game/Assets/Warehouse/Models/Warehouse.Warehouse
[2025.11.16-10.45.17:431][569]Cmd: OBJ SAVEPACKAGE PACKAGE="/Game/Assets/Warehouse/Models/Warehouse" FILE="../../../../../../Git/Saf/GameUniHack/PixelPerfect/Content/Assets/Warehouse/Models/Warehouse.uasset" SILENT=true
[2025.11.16-10.45.17:467][569]LogSavePackage: Moving '../../../../../../Git/Saf/GameUniHack/PixelPerfect/Saved/WarehouseFEA41DDC4C6BBB82F4249687D5CFD220.tmp' to '../../../../../../Git/Saf/GameUniHack/PixelPerfect/Content/Assets/Warehouse/Models/Warehouse.uasset'
[2025.11.16-10.45.17:515][570]AssetCheck: New page: Asset Save: Warehouse
[2025.11.16-10.45.17:515][570]LogContentValidation: Display: Validating StaticMesh /Game/Assets/Warehouse/Models/Warehouse.Warehouse
[2025.11.16-10.45.18:638][632]LogSlate: Window 'Message Log' being destroyed
[2025.11.16-10.45.18:648][632]LogSlate: Window 'Message Log' being destroyed
[2025.11.16-10.45.20:490][741]AssetReimport: Importing new asset /Game/Assets/Warehouse/Models/Warehouse.
[2025.11.16-10.45.26:218][ 74]LogActorFactory: Actor Factory created Warehouse
[2025.11.16-10.45.26:436][ 85]LogActorFactory: Actor Factory created Warehouse
[2025.11.16-10.45.34:575][565]LogAssetEditorSubsystem: Opening Asset editor for StaticMesh /Game/Assets/Warehouse/Models/Warehouse.Warehouse
[2025.11.16-10.45.35:035][565]LogWorld: UWorld::CleanupWorld for World_10, bSessionEnded=true, bCleanupResources=true
[2025.11.16-10.45.35:035][565]LogSlate: InvalidateAllWidgets triggered.  All widgets were invalidated
[2025.11.16-10.45.35:566][566]LogRenderer: Reallocating scene render targets to support 1144x696 Format 10 NumSamples 1 (Frame:1).
[2025.11.16-10.45.47:542][236]Cmd: OBJ SAVEPACKAGE PACKAGE="/Game/Assets/Warehouse/Models/Warehouse" FILE="../../../../../../Git/Saf/GameUniHack/PixelPerfect/Content/Assets/Warehouse/Models/Warehouse.uasset" SILENT=true
[2025.11.16-10.45.47:593][236]LogSavePackage: Moving '../../../../../../Git/Saf/GameUniHack/PixelPerfect/Saved/Warehouse4DE288314274FD03ACE34A83ED5E8BBF.tmp' to '../../../../../../Git/Saf/GameUniHack/PixelPerfect/Content/Assets/Warehouse/Models/Warehouse.uasset'
[2025.11.16-10.45.47:615][236]AssetCheck: New page: Asset Save: Warehouse
[2025.11.16-10.45.47:615][236]LogContentValidation: Display: Validating StaticMesh /Game/Assets/Warehouse/Models/Warehouse.Warehouse
[2025.11.16-10.45.49:944][371]LogAssetEditorSubsystem: Opening Asset editor for Material /Game/Puzzle/Assets/Materials/VectorMat/Red.Red
[2025.11.16-10.45.49:949][371]LogMaterial: Display: Missing cached shader map for material Red, compiling. 
[2025.11.16-10.45.50:029][371]LogMaterial: Display: Missing cached shader map for material Red, compiling. 
[2025.11.16-10.45.50:038][371]LogMaterial: Display: Missing cached shader map for material Red, compiling. 
[2025.11.16-10.45.50:048][371]LogShaderCompilers: Display: Worker (1/9): shaders left to compile 9
[2025.11.16-10.45.50:048][371]LogShaderCompilers: Display: Worker (2/9): shaders left to compile 8
[2025.11.16-10.45.50:048][371]LogShaderCompilers: Display: Worker (3/9): shaders left to compile 7
[2025.11.16-10.45.50:048][371]LogShaderCompilers: Display: Worker (4/9): shaders left to compile 6
[2025.11.16-10.45.50:048][371]LogShaderCompilers: Display: Worker (5/9): shaders left to compile 5
[2025.11.16-10.45.50:048][371]LogShaderCompilers: Display: Worker (6/9): shaders left to compile 4
[2025.11.16-10.45.50:048][371]LogShaderCompilers: Display: Worker (7/9): shaders left to compile 3
[2025.11.16-10.45.50:048][371]LogShaderCompilers: Display: Worker (8/9): shaders left to compile 2
[2025.11.16-10.45.50:054][371]LogMaterial: Display: Missing cached shader map for material FMatExpressionPreview MaterialExpressionConstant3Vector_0, compiling. 
[2025.11.16-10.45.50:858][404]LogShaderCompilers: Display: Worker (3/9): shaders left to compile 5
[2025.11.16-10.45.50:896][407]LogShaderCompilers: Display: Worker (6/9): shaders left to compile 4
[2025.11.16-10.45.51:074][415]LogShaderCompilers: Display: Worker (2/9): shaders left to compile 3
[2025.11.16-10.45.51:176][421]LogShaderCompilers: Display: Worker (8/9): shaders left to compile 2
[2025.11.16-10.45.51:243][425]LogShaderCompilers: Display: Worker (7/9): shaders left to compile 1
[2025.11.16-10.45.51:434][434]MaterialEditorStats: Base pass shader: 118 instructions
[2025.11.16-10.45.51:434][434]MaterialEditorStats: Base pass shader with Volumetric Lightmap: 192 instructions
[2025.11.16-10.45.51:434][434]MaterialEditorStats: Base pass vertex shader: 40 instructions
[2025.11.16-10.45.51:434][434]MaterialEditorStats: Texture samplers: 2/16
[2025.11.16-10.45.54:749][631]LogMaterial: Display: Missing cached shader map for material Red, compiling. 
[2025.11.16-10.45.54:762][631]LogMaterial: Display: Missing cached shader map for material Red, compiling. 
[2025.11.16-10.45.54:770][631]LogShaderCompilers: Display: Worker (1/9): shaders left to compile 14
[2025.11.16-10.45.54:770][631]LogShaderCompilers: Display: Worker (2/9): shaders left to compile 13
[2025.11.16-10.45.54:770][631]LogShaderCompilers: Display: Worker (3/9): shaders left to compile 12
[2025.11.16-10.45.54:770][631]LogShaderCompilers: Display: Worker (4/9): shaders left to compile 11
[2025.11.16-10.45.54:770][631]LogShaderCompilers: Display: Worker (5/9): shaders left to compile 10
[2025.11.16-10.45.54:770][631]LogShaderCompilers: Display: Worker (6/9): shaders left to compile 9
[2025.11.16-10.45.54:770][631]LogShaderCompilers: Display: Worker (7/9): shaders left to compile 8
[2025.11.16-10.45.54:770][631]LogShaderCompilers: Display: Worker (8/9): shaders left to compile 7
[2025.11.16-10.45.54:771][631]LogMaterial: Display: Missing cached shader map for material Red, compiling. 
[2025.11.16-10.45.55:020][645]LogShaderCompilers: Display: Worker (3/9): shaders left to compile 14
[2025.11.16-10.45.55:215][655]LogShaderCompilers: Display: Worker (2/9): shaders left to compile 13
[2025.11.16-10.45.55:398][659]LogShaderCompilers: Display: Worker (5/9): shaders left to compile 12
[2025.11.16-10.45.55:398][659]LogShaderCompilers: Display: Worker (8/9): shaders left to compile 11
[2025.11.16-10.45.55:555][669]LogShaderCompilers: Display: Worker (4/9): shaders left to compile 10
[2025.11.16-10.45.55:634][674]LogShaderCompilers: Display: Worker (5/9): shaders left to compile 9
[2025.11.16-10.45.55:668][676]LogShaderCompilers: Display: Worker (2/9): shaders left to compile 8
[2025.11.16-10.45.55:748][678]LogShaderCompilers: Display: Worker (6/9): shaders left to compile 7
[2025.11.16-10.45.55:748][678]LogShaderCompilers: Display: Worker (1/9): shaders left to compile 6
[2025.11.16-10.45.55:753][679]LogShaderCompilers: Display: Worker (7/9): shaders left to compile 5
[2025.11.16-10.45.55:986][693]LogShaderCompilers: Display: Worker (3/9): shaders left to compile 4
[2025.11.16-10.45.56:067][698]LogShaderCompilers: Display: Worker (7/9): shaders left to compile 3
[2025.11.16-10.45.56:117][701]LogShaderCompilers: Display: Worker (4/9): shaders left to compile 2
[2025.11.16-10.45.56:137][702]LogMaterialEditor: Saving and Compiling material Red
[2025.11.16-10.45.56:791][702]LogShaderCompilers: Display: Worker (8/9): shaders left to compile 1
[2025.11.16-10.45.56:812][702]LogMaterial: Display: Missing cached shader map for material Red, compiling. 
[2025.11.16-10.45.56:842][702]LogShaderCompilers: Display: Worker (1/9): shaders left to compile 14
[2025.11.16-10.45.56:842][702]LogShaderCompilers: Display: Worker (2/9): shaders left to compile 13
[2025.11.16-10.45.56:842][702]LogShaderCompilers: Display: Worker (3/9): shaders left to compile 12
[2025.11.16-10.45.56:842][702]LogShaderCompilers: Display: Worker (4/9): shaders left to compile 11
[2025.11.16-10.45.56:842][702]LogShaderCompilers: Display: Worker (5/9): shaders left to compile 10
[2025.11.16-10.45.56:842][702]LogShaderCompilers: Display: Worker (6/9): shaders left to compile 9
[2025.11.16-10.45.56:842][702]LogShaderCompilers: Display: Worker (7/9): shaders left to compile 8
[2025.11.16-10.45.56:842][702]LogShaderCompilers: Display: Worker (8/9): shaders left to compile 7
[2025.11.16-10.45.56:893][702]LogMaterial: Display: Missing cached shader map for material Red, compiling. 
[2025.11.16-10.45.56:995][702]LogUObjectHash: Compacting FUObjectHashTables data took   5.42ms
[2025.11.16-10.45.57:006][702]LogMaterial: Display: Missing cached shader map for material DebugViewMode MaterialTexCoordScale, compiling. 
[2025.11.16-10.45.57:535][702]LogShaderCompilers: Display: Worker (3/9): shaders left to compile 28
[2025.11.16-10.45.57:535][702]LogShaderCompilers: Display: Worker (2/9): shaders left to compile 27
[2025.11.16-10.45.57:535][702]LogShaderCompilers: Display: Worker (8/9): shaders left to compile 26
[2025.11.16-10.45.57:535][702]LogShaderCompilers: Display: Worker (5/9): shaders left to compile 25
[2025.11.16-10.45.57:535][702]LogShaderCompilers: Display: Worker (2/9): shaders left to compile 24
[2025.11.16-10.45.57:535][702]LogShaderCompilers: Display: Worker (4/9): shaders left to compile 23
[2025.11.16-10.45.57:886][702]LogShaderCompilers: Display: Worker (1/9): shaders left to compile 22
[2025.11.16-10.45.57:886][702]LogShaderCompilers: Display: Worker (6/9): shaders left to compile 21
[2025.11.16-10.45.57:886][702]LogShaderCompilers: Display: Worker (7/9): shaders left to compile 20
[2025.11.16-10.45.57:886][702]LogShaderCompilers: Display: Worker (5/9): shaders left to compile 17
[2025.11.16-10.45.57:886][702]LogShaderCompilers: Display: Worker (3/9): shaders left to compile 14
[2025.11.16-10.45.57:886][702]LogShaderCompilers: Display: Worker (1/9): shaders left to compile 12
[2025.11.16-10.45.57:886][702]LogShaderCompilers: Display: Worker (2/9): shaders left to compile 10
[2025.11.16-10.45.57:886][702]LogShaderCompilers: Display: Worker (8/9): shaders left to compile 8
[2025.11.16-10.45.57:886][702]LogShaderCompilers: Display: Worker (6/9): shaders left to compile 6
[2025.11.16-10.45.57:896][702]TextureStreamingBuild: Display: Compiling optional shaders took 0.898 seconds.
[2025.11.16-10.45.57:950][702]LogUObjectHash: Compacting FUObjectHashTables data took   5.47ms
[2025.11.16-10.45.58:559][702]LogShaderCompilers: Display: Worker (4/9): shaders left to compile 5
[2025.11.16-10.45.58:559][702]LogShaderCompilers: Display: Worker (6/9): shaders left to compile 4
[2025.11.16-10.45.58:559][702]LogShaderCompilers: Display: Worker (4/9): shaders left to compile 3
[2025.11.16-10.45.59:098][702]LogShaderCompilers: Display: Worker (2/9): shaders left to compile 2
[2025.11.16-10.45.59:098][702]LogShaderCompilers: Display: Worker (6/9): shaders left to compile 1
[2025.11.16-10.45.59:168][702]Cmd: OBJ SAVEPACKAGE PACKAGE="/Game/Puzzle/Assets/Materials/VectorMat/Red" FILE="../../../../../../Git/Saf/GameUniHack/PixelPerfect/Content/Puzzle/Assets/Materials/VectorMat/Red.uasset" SILENT=true
[2025.11.16-10.45.59:191][702]LogSavePackage: Moving '../../../../../../Git/Saf/GameUniHack/PixelPerfect/Saved/RedF5F0FF1743E88873D8CE47BA92E731C7.tmp' to '../../../../../../Git/Saf/GameUniHack/PixelPerfect/Content/Puzzle/Assets/Materials/VectorMat/Red.uasset'
[2025.11.16-10.45.59:239][702]AssetCheck: New page: Asset Save: Red
[2025.11.16-10.45.59:240][702]LogContentValidation: Display: Validating Material /Game/Puzzle/Assets/Materials/VectorMat/Red.Red
[2025.11.16-10.45.59:252][702]MaterialEditorStats: Base pass shader: 123 instructions
[2025.11.16-10.45.59:252][702]MaterialEditorStats: Base pass shader with Volumetric Lightmap: 197 instructions
[2025.11.16-10.45.59:252][702]MaterialEditorStats: Base pass vertex shader: 45 instructions
[2025.11.16-10.45.59:252][702]MaterialEditorStats: Texture samplers: 3/16
[2025.11.16-10.46.06:504][122]LogMaterial: Display: Missing cached shader map for material DarkerGrey, compiling. 
[2025.11.16-10.46.06:535][123]LogShaderCompilers: Display: Worker (1/9): shaders left to compile 15
[2025.11.16-10.46.06:535][123]LogShaderCompilers: Display: Worker (2/9): shaders left to compile 13
[2025.11.16-10.46.06:535][123]LogShaderCompilers: Display: Worker (3/9): shaders left to compile 11
[2025.11.16-10.46.06:535][123]LogShaderCompilers: Display: Worker (4/9): shaders left to compile 9
[2025.11.16-10.46.06:535][123]LogShaderCompilers: Display: Worker (5/9): shaders left to compile 7
[2025.11.16-10.46.06:535][123]LogShaderCompilers: Display: Worker (6/9): shaders left to compile 5
[2025.11.16-10.46.06:535][123]LogShaderCompilers: Display: Worker (7/9): shaders left to compile 3
[2025.11.16-10.46.06:535][123]LogShaderCompilers: Display: Worker (8/9): shaders left to compile 1
[2025.11.16-10.46.07:777][176]LogAssetEditorSubsystem: Opening Asset editor for Material /Game/Puzzle/Assets/Materials/VectorMat/DarkerGrey.DarkerGrey
[2025.11.16-10.46.07:778][176]LogMaterial: Display: Missing cached shader map for material DarkerGrey, compiling. 
[2025.11.16-10.46.07:786][176]LogShaderCompilers: Display: Worker (1/9): shaders left to compile 9
[2025.11.16-10.46.07:786][176]LogShaderCompilers: Display: Worker (2/9): shaders left to compile 8
[2025.11.16-10.46.07:786][176]LogShaderCompilers: Display: Worker (4/9): shaders left to compile 7
[2025.11.16-10.46.07:786][176]LogShaderCompilers: Display: Worker (6/9): shaders left to compile 6
[2025.11.16-10.46.07:786][176]LogShaderCompilers: Display: Worker (7/9): shaders left to compile 5
[2025.11.16-10.46.07:786][176]LogShaderCompilers: Display: Worker (8/9): shaders left to compile 4
[2025.11.16-10.46.07:870][176]LogMaterial: Display: Missing cached shader map for material DarkerGrey, compiling. 
[2025.11.16-10.46.07:878][176]LogMaterial: Display: Missing cached shader map for material DarkerGrey, compiling. 
[2025.11.16-10.46.07:896][176]LogMaterial: Display: Missing cached shader map for material FMatExpressionPreview MaterialExpressionConstant3Vector_1, compiling. 
[2025.11.16-10.46.08:000][177]LogShaderCompilers: Display: Worker (5/9): shaders left to compile 13
[2025.11.16-10.46.08:000][177]LogShaderCompilers: Display: Worker (3/9): shaders left to compile 12
[2025.11.16-10.46.08:382][193]LogShaderCompilers: Display: Worker (4/9): shaders left to compile 11
[2025.11.16-10.46.08:419][195]LogShaderCompilers: Display: Worker (8/9): shaders left to compile 10
[2025.11.16-10.46.08:632][208]LogShaderCompilers: Display: Worker (2/9): shaders left to compile 9
[2025.11.16-10.46.08:715][210]LogShaderCompilers: Display: Worker (6/9): shaders left to compile 8
[2025.11.16-10.46.08:757][211]LogShaderCompilers: Display: Worker (1/9): shaders left to compile 7
[2025.11.16-10.46.08:757][211]LogShaderCompilers: Display: Worker (7/9): shaders left to compile 6
[2025.11.16-10.46.08:837][216]LogShaderCompilers: Display: Worker (3/9): shaders left to compile 5
[2025.11.16-10.46.08:970][222]LogShaderCompilers: Display: Worker (4/9): shaders left to compile 4
[2025.11.16-10.46.08:997][223]LogShaderCompilers: Display: Worker (5/9): shaders left to compile 3
[2025.11.16-10.46.09:307][237]LogShaderCompilers: Display: Worker (6/9): shaders left to compile 2
[2025.11.16-10.46.09:307][237]LogShaderCompilers: Display: Worker (8/9): shaders left to compile 1
[2025.11.16-10.46.09:704][259]MaterialEditorStats: Base pass shader: 118 instructions
[2025.11.16-10.46.09:704][259]MaterialEditorStats: Base pass shader with Volumetric Lightmap: 192 instructions
[2025.11.16-10.46.09:704][259]MaterialEditorStats: Base pass vertex shader: 40 instructions
[2025.11.16-10.46.09:704][259]MaterialEditorStats: Texture samplers: 2/16
[2025.11.16-10.46.13:217][463]LogMaterial: Display: Missing cached shader map for material FMatExpressionPreview MaterialExpressionConstant3Vector_1, compiling. 
[2025.11.16-10.46.13:223][463]LogMaterial: Display: Missing cached shader map for material DarkerGrey, compiling. 
[2025.11.16-10.46.13:230][463]LogShaderCompilers: Display: Worker (1/9): shaders left to compile 4
[2025.11.16-10.46.13:230][463]LogShaderCompilers: Display: Worker (2/9): shaders left to compile 3
[2025.11.16-10.46.13:230][463]LogShaderCompilers: Display: Worker (3/9): shaders left to compile 2
[2025.11.16-10.46.13:230][463]LogShaderCompilers: Display: Worker (4/9): shaders left to compile 1
[2025.11.16-10.46.13:251][464]LogShaderCompilers: Display: Worker (5/9): shaders left to compile 9
[2025.11.16-10.46.13:251][464]LogShaderCompilers: Display: Worker (6/9): shaders left to compile 8
[2025.11.16-10.46.13:251][464]LogShaderCompilers: Display: Worker (7/9): shaders left to compile 7
[2025.11.16-10.46.13:251][464]LogShaderCompilers: Display: Worker (8/9): shaders left to compile 6
[2025.11.16-10.46.13:747][490]LogMaterial: Display: Missing cached shader map for material DarkerGrey, compiling. 
[2025.11.16-10.46.13:767][490]LogMaterial: Display: Missing cached shader map for material FMatExpressionPreview MaterialExpressionConstant3Vector_1, compiling. 
[2025.11.16-10.46.13:787][490]LogMaterial: Display: Missing cached shader map for material FMatExpressionPreview MaterialExpressionConstant3Vector_1, compiling. 
[2025.11.16-10.46.13:792][490]LogShaderCompilers: Display: Worker (4/9): shaders left to compile 13
[2025.11.16-10.46.13:792][490]LogShaderCompilers: Display: Worker (7/9): shaders left to compile 12
[2025.11.16-10.46.13:797][490]LogMaterial: Display: Missing cached shader map for material DarkerGrey, compiling. 
[2025.11.16-10.46.13:813][490]LogMaterial: Display: Missing cached shader map for material FMatExpressionPreview MaterialExpressionConstant3Vector_1, compiling. 
[2025.11.16-10.46.13:819][490]LogShaderCompilers: Display: Worker (1/9): shaders left to compile 9
[2025.11.16-10.46.13:822][490]LogMaterial: Display: Missing cached shader map for material DarkerGrey, compiling. 
[2025.11.16-10.46.13:838][490]LogMaterial: Display: Missing cached shader map for material FMatExpressionPreview MaterialExpressionConstant3Vector_1, compiling. 
[2025.11.16-10.46.13:848][490]LogMaterial: Display: Missing cached shader map for material DarkerGrey, compiling. 
[2025.11.16-10.46.13:857][490]LogSlate: Window 'Color Picker' being destroyed
[2025.11.16-10.46.13:912][493]LogShaderCompilers: Display: Worker (3/9): shaders left to compile 13
[2025.11.16-10.46.13:930][494]LogShaderCompilers: Display: Worker (2/9): shaders left to compile 12
[2025.11.16-10.46.14:036][499]LogShaderCompilers: Display: Worker (6/9): shaders left to compile 11
[2025.11.16-10.46.14:119][504]LogShaderCompilers: Display: Worker (8/9): shaders left to compile 10
[2025.11.16-10.46.14:157][506]LogShaderCompilers: Display: Worker (5/9): shaders left to compile 9
[2025.11.16-10.46.14:532][528]LogShaderCompilers: Display: Worker (3/9): shaders left to compile 8
[2025.11.16-10.46.14:631][534]LogShaderCompilers: Display: Worker (7/9): shaders left to compile 7
[2025.11.16-10.46.14:631][534]LogShaderCompilers: Display: Worker (2/9): shaders left to compile 6
[2025.11.16-10.46.14:761][542]LogShaderCompilers: Display: Worker (8/9): shaders left to compile 5
[2025.11.16-10.46.14:777][543]LogShaderCompilers: Display: Worker (6/9): shaders left to compile 4
[2025.11.16-10.46.14:796][544]LogShaderCompilers: Display: Worker (4/9): shaders left to compile 3
[2025.11.16-10.46.14:796][544]LogShaderCompilers: Display: Worker (1/9): shaders left to compile 2
[2025.11.16-10.46.15:132][564]LogShaderCompilers: Display: Worker (5/9): shaders left to compile 1
[2025.11.16-10.46.15:608][591]LogMaterialEditor: Saving and Compiling material DarkerGrey
[2025.11.16-10.46.16:267][591]LogMaterial: Display: Missing cached shader map for material DarkerGrey, compiling. 
[2025.11.16-10.46.16:322][591]LogShaderCompilers: Display: Worker (1/9): shaders left to compile 9
[2025.11.16-10.46.16:322][591]LogShaderCompilers: Display: Worker (2/9): shaders left to compile 8
[2025.11.16-10.46.16:322][591]LogShaderCompilers: Display: Worker (3/9): shaders left to compile 7
[2025.11.16-10.46.16:322][591]LogShaderCompilers: Display: Worker (4/9): shaders left to compile 6
[2025.11.16-10.46.16:322][591]LogShaderCompilers: Display: Worker (5/9): shaders left to compile 5
[2025.11.16-10.46.16:322][591]LogShaderCompilers: Display: Worker (6/9): shaders left to compile 4
[2025.11.16-10.46.16:322][591]LogShaderCompilers: Display: Worker (7/9): shaders left to compile 3
[2025.11.16-10.46.16:322][591]LogShaderCompilers: Display: Worker (8/9): shaders left to compile 2
[2025.11.16-10.46.16:353][591]LogMaterial: Display: Missing cached shader map for material DarkerGrey, compiling. 
[2025.11.16-10.46.16:415][591]LogUObjectHash: Compacting FUObjectHashTables data took   3.87ms
[2025.11.16-10.46.16:425][591]LogMaterial: Display: Missing cached shader map for material DebugViewMode MaterialTexCoordScale, compiling. 
[2025.11.16-10.46.16:957][591]LogShaderCompilers: Display: Worker (3/9): shaders left to compile 18
[2025.11.16-10.46.16:957][591]LogShaderCompilers: Display: Worker (6/9): shaders left to compile 17
[2025.11.16-10.46.17:257][591]LogShaderCompilers: Display: Worker (2/9): shaders left to compile 16
[2025.11.16-10.46.17:257][591]LogShaderCompilers: Display: Worker (8/9): shaders left to compile 15
[2025.11.16-10.46.17:257][591]LogShaderCompilers: Display: Worker (4/9): shaders left to compile 13
[2025.11.16-10.46.17:257][591]LogShaderCompilers: Display: Worker (6/9): shaders left to compile 11
[2025.11.16-10.46.17:257][591]LogShaderCompilers: Display: Worker (5/9): shaders left to compile 9
[2025.11.16-10.46.17:257][591]LogShaderCompilers: Display: Worker (7/9): shaders left to compile 7
[2025.11.16-10.46.17:257][591]LogShaderCompilers: Display: Worker (1/9): shaders left to compile 5
[2025.11.16-10.46.17:257][591]LogShaderCompilers: Display: Worker (3/9): shaders left to compile 4
[2025.11.16-10.46.17:257][591]LogShaderCompilers: Display: Worker (2/9): shaders left to compile 3
[2025.11.16-10.46.17:261][591]TextureStreamingBuild: Display: Compiling optional shaders took 0.843 seconds.
[2025.11.16-10.46.17:312][591]LogUObjectHash: Compacting FUObjectHashTables data took   1.44ms
[2025.11.16-10.46.17:919][591]LogShaderCompilers: Display: Worker (2/9): shaders left to compile 2
[2025.11.16-10.46.17:919][591]LogShaderCompilers: Display: Worker (3/9): shaders left to compile 1
[2025.11.16-10.46.18:156][591]LogSavePackage: Moving '../../../../../../Git/Saf/GameUniHack/PixelPerfect/Saved/DarkerGreyB94DA02349876427BEED8096D737985B.tmp' to '../../../../../../Git/Saf/GameUniHack/PixelPerfect/Content/Puzzle/Assets/Materials/VectorMat/DarkerGrey.uasset'
[2025.11.16-10.46.18:203][591]AssetCheck: New page: Asset Save: DarkerGrey
[2025.11.16-10.46.18:204][591]LogContentValidation: Display: Validating Material /Game/Puzzle/Assets/Materials/VectorMat/DarkerGrey.DarkerGrey
[2025.11.16-10.46.18:209][591]MaterialEditorStats: Base pass shader: 118 instructions
[2025.11.16-10.46.18:209][591]MaterialEditorStats: Base pass shader with Volumetric Lightmap: 192 instructions
[2025.11.16-10.46.18:209][591]MaterialEditorStats: Base pass vertex shader: 40 instructions
[2025.11.16-10.46.18:209][591]MaterialEditorStats: Texture samplers: 3/16
[2025.11.16-10.46.30:401][309]LogMaterial: Display: Missing cached shader map for material DarkerGrey, compiling. 
[2025.11.16-10.46.30:413][309]LogMaterial: Display: Missing cached shader map for material DarkerGrey, compiling. 
[2025.11.16-10.46.30:421][309]LogMaterial: Display: Missing cached shader map for material DarkerGrey, compiling. 
[2025.11.16-10.46.30:444][310]LogShaderCompilers: Display: Worker (1/9): shaders left to compile 14
[2025.11.16-10.46.30:444][310]LogShaderCompilers: Display: Worker (2/9): shaders left to compile 13
[2025.11.16-10.46.30:444][310]LogShaderCompilers: Display: Worker (3/9): shaders left to compile 12
[2025.11.16-10.46.30:444][310]LogShaderCompilers: Display: Worker (4/9): shaders left to compile 11
[2025.11.16-10.46.30:444][310]LogShaderCompilers: Display: Worker (5/9): shaders left to compile 10
[2025.11.16-10.46.30:444][310]LogShaderCompilers: Display: Worker (6/9): shaders left to compile 9
[2025.11.16-10.46.30:444][310]LogShaderCompilers: Display: Worker (7/9): shaders left to compile 8
[2025.11.16-10.46.30:444][310]LogShaderCompilers: Display: Worker (8/9): shaders left to compile 7
[2025.11.16-10.46.30:750][328]LogShaderCompilers: Display: Worker (3/9): shaders left to compile 6
[2025.11.16-10.46.30:933][338]LogShaderCompilers: Display: Worker (2/9): shaders left to compile 5
[2025.11.16-10.46.31:049][344]LogShaderCompilers: Display: Worker (5/9): shaders left to compile 4
[2025.11.16-10.46.31:050][344]LogShaderCompilers: Display: Worker (8/9): shaders left to compile 3
[2025.11.16-10.46.31:257][356]LogMaterialEditor: Saving and Compiling material DarkerGrey
[2025.11.16-10.46.31:866][356]LogShaderCompilers: Display: Worker (2/9): shaders left to compile 2
[2025.11.16-10.46.31:866][356]LogShaderCompilers: Display: Worker (4/9): shaders left to compile 1
[2025.11.16-10.46.31:886][356]LogMaterial: Display: Missing cached shader map for material DarkerGrey, compiling. 
[2025.11.16-10.46.31:923][356]LogShaderCompilers: Display: Worker (1/9): shaders left to compile 14
[2025.11.16-10.46.31:923][356]LogShaderCompilers: Display: Worker (2/9): shaders left to compile 13
[2025.11.16-10.46.31:923][356]LogShaderCompilers: Display: Worker (3/9): shaders left to compile 12
[2025.11.16-10.46.31:923][356]LogShaderCompilers: Display: Worker (4/9): shaders left to compile 11
[2025.11.16-10.46.31:923][356]LogShaderCompilers: Display: Worker (5/9): shaders left to compile 10
[2025.11.16-10.46.31:923][356]LogShaderCompilers: Display: Worker (6/9): shaders left to compile 9
[2025.11.16-10.46.31:923][356]LogShaderCompilers: Display: Worker (7/9): shaders left to compile 8
[2025.11.16-10.46.31:923][356]LogShaderCompilers: Display: Worker (8/9): shaders left to compile 7
[2025.11.16-10.46.31:941][356]LogMaterial: Display: Missing cached shader map for material DarkerGrey, compiling. 
[2025.11.16-10.46.31:999][356]LogUObjectHash: Compacting FUObjectHashTables data took   0.89ms
[2025.11.16-10.46.32:008][356]LogMaterial: Display: Missing cached shader map for material DebugViewMode MaterialTexCoordScale, compiling. 
[2025.11.16-10.46.32:541][356]LogShaderCompilers: Display: Worker (3/9): shaders left to compile 28
[2025.11.16-10.46.32:541][356]LogShaderCompilers: Display: Worker (2/9): shaders left to compile 27
[2025.11.16-10.46.32:541][356]LogShaderCompilers: Display: Worker (8/9): shaders left to compile 26
[2025.11.16-10.46.32:541][356]LogShaderCompilers: Display: Worker (5/9): shaders left to compile 25
[2025.11.16-10.46.32:541][356]LogShaderCompilers: Display: Worker (2/9): shaders left to compile 24
[2025.11.16-10.46.32:541][356]LogShaderCompilers: Display: Worker (4/9): shaders left to compile 23
[2025.11.16-10.46.32:915][356]LogShaderCompilers: Display: Worker (6/9): shaders left to compile 22
[2025.11.16-10.46.32:916][356]LogShaderCompilers: Display: Worker (1/9): shaders left to compile 21
[2025.11.16-10.46.32:916][356]LogShaderCompilers: Display: Worker (7/9): shaders left to compile 20
[2025.11.16-10.46.32:916][356]LogShaderCompilers: Display: Worker (5/9): shaders left to compile 17
[2025.11.16-10.46.32:916][356]LogShaderCompilers: Display: Worker (3/9): shaders left to compile 14
[2025.11.16-10.46.32:916][356]LogShaderCompilers: Display: Worker (6/9): shaders left to compile 12
[2025.11.16-10.46.32:916][356]LogShaderCompilers: Display: Worker (2/9): shaders left to compile 10
[2025.11.16-10.46.32:916][356]LogShaderCompilers: Display: Worker (8/9): shaders left to compile 8
[2025.11.16-10.46.32:916][356]LogShaderCompilers: Display: Worker (1/9): shaders left to compile 6
[2025.11.16-10.46.32:919][356]TextureStreamingBuild: Display: Compiling optional shaders took 0.917 seconds.
[2025.11.16-10.46.32:960][356]LogUObjectHash: Compacting FUObjectHashTables data took   0.98ms
[2025.11.16-10.46.33:557][356]LogShaderCompilers: Display: Worker (4/9): shaders left to compile 5
[2025.11.16-10.46.33:557][356]LogShaderCompilers: Display: Worker (1/9): shaders left to compile 4
[2025.11.16-10.46.33:557][356]LogShaderCompilers: Display: Worker (4/9): shaders left to compile 3
[2025.11.16-10.46.34:089][356]LogShaderCompilers: Display: Worker (2/9): shaders left to compile 2
[2025.11.16-10.46.34:089][356]LogShaderCompilers: Display: Worker (1/9): shaders left to compile 1
[2025.11.16-10.46.34:187][356]LogSavePackage: Moving '../../../../../../Git/Saf/GameUniHack/PixelPerfect/Saved/DarkerGreyBF7D85484492629439A15D85BDB6FD13.tmp' to '../../../../../../Git/Saf/GameUniHack/PixelPerfect/Content/Puzzle/Assets/Materials/VectorMat/DarkerGrey.uasset'
[2025.11.16-10.46.34:231][356]AssetCheck: New page: Asset Save: DarkerGrey
[2025.11.16-10.46.34:231][356]LogContentValidation: Display: Validating Material /Game/Puzzle/Assets/Materials/VectorMat/DarkerGrey.DarkerGrey
[2025.11.16-10.46.34:238][356]MaterialEditorStats: Base pass shader: 123 instructions
[2025.11.16-10.46.34:238][356]MaterialEditorStats: Base pass shader with Volumetric Lightmap: 197 instructions
[2025.11.16-10.46.34:238][356]MaterialEditorStats: Base pass vertex shader: 45 instructions
[2025.11.16-10.46.34:238][356]MaterialEditorStats: Texture samplers: 3/16
[2025.11.16-10.46.47:083][ 97]Cmd: OBJ SAVEPACKAGE PACKAGE="/Game/Assets/Warehouse/Models/Warehouse" FILE="../../../../../../Git/Saf/GameUniHack/PixelPerfect/Content/Assets/Warehouse/Models/Warehouse.uasset" SILENT=true
[2025.11.16-10.46.47:135][ 97]LogSavePackage: Moving '../../../../../../Git/Saf/GameUniHack/PixelPerfect/Saved/Warehouse22126ADF467CE844D175E88A22DE395B.tmp' to '../../../../../../Git/Saf/GameUniHack/PixelPerfect/Content/Assets/Warehouse/Models/Warehouse.uasset'
[2025.11.16-10.46.47:149][ 97]AssetCheck: New page: Asset Save: Warehouse
[2025.11.16-10.46.47:149][ 97]LogContentValidation: Display: Validating StaticMesh /Game/Assets/Warehouse/Models/Warehouse.Warehouse
[2025.11.16-10.47.07:847][274]LogEditorViewport: Clicking on Actor (LMB): StaticMeshActor (Cube)
[2025.11.16-10.47.08:183][292]LogEditorViewport: Clicking on Actor (LMB): StaticMeshActor (TableSmall)
[2025.11.16-10.47.38:069][ 21]Cmd: OBJ SAVEPACKAGE PACKAGE="/Game/Assets/Warehouse/Warehouse_Pipe_Grey" FILE="../../../../../../Git/Saf/GameUniHack/PixelPerfect/Content/Assets/Warehouse/Warehouse_Pipe_Grey.uasset" SILENT=true
[2025.11.16-10.47.38:078][ 21]LogSavePackage: Moving '../../../../../../Git/Saf/GameUniHack/PixelPerfect/Saved/Warehouse_Pipe_Grey137B03474578741313CC24991F8ED91B.tmp' to '../../../../../../Git/Saf/GameUniHack/PixelPerfect/Content/Assets/Warehouse/Warehouse_Pipe_Grey.uasset'
[2025.11.16-10.47.38:321][ 21]LogUObjectHash: Compacting FUObjectHashTables data took   2.19ms
[2025.11.16-10.47.38:365][ 21]LogUObjectHash: Compacting FUObjectHashTables data took   2.16ms
[2025.11.16-10.47.38:403][ 21]LogUObjectHash: Compacting FUObjectHashTables data took   0.77ms
[2025.11.16-10.47.38:439][ 21]AssetCheck: New page: Asset Save: Warehouse_Pipe_Grey
[2025.11.16-10.47.38:439][ 21]LogContentValidation: Display: Validating MaterialInstanceConstant /Game/Assets/Warehouse/Warehouse_Pipe_Grey.Warehouse_Pipe_Grey
[2025.11.16-10.47.39:119][ 58]LogAssetEditorSubsystem: Opening Asset editor for MaterialInstanceConstant /Game/Assets/Warehouse/Warehouse_Pipe_Grey.Warehouse_Pipe_Grey
[2025.11.16-10.47.47:756][552]LogSlate: Window 'Color Picker' being destroyed
[2025.11.16-10.47.48:535][591]Cmd: OBJ SAVEPACKAGE PACKAGE="/Game/Assets/Warehouse/Warehouse_Pipe_Grey" FILE="../../../../../../Git/Saf/GameUniHack/PixelPerfect/Content/Assets/Warehouse/Warehouse_Pipe_Grey.uasset" SILENT=true
[2025.11.16-10.47.48:578][591]LogUObjectHash: Compacting FUObjectHashTables data took   2.60ms
[2025.11.16-10.47.48:580][591]LogMaterial: Display: Missing cached shader map for material DebugViewMode MaterialTexCoordScale, compiling. 
[2025.11.16-10.47.48:902][591]LogShaderCompilers: Display: Worker (1/9): shaders left to compile 2
[2025.11.16-10.47.48:902][591]LogShaderCompilers: Display: Worker (2/9): shaders left to compile 1
[2025.11.16-10.47.48:904][591]TextureStreamingBuild: Display: Compiling optional shaders took 0.324 seconds.
[2025.11.16-10.47.48:967][591]LogUObjectHash: Compacting FUObjectHashTables data took   0.79ms
[2025.11.16-10.47.48:994][591]LogSavePackage: Moving '../../../../../../Git/Saf/GameUniHack/PixelPerfect/Saved/Warehouse_Pipe_Grey8731CA584550F3CFC977878C4CDFCC32.tmp' to '../../../../../../Git/Saf/GameUniHack/PixelPerfect/Content/Assets/Warehouse/Warehouse_Pipe_Grey.uasset'
[2025.11.16-10.47.49:010][591]AssetCheck: New page: Asset Save: Warehouse_Pipe_Grey
[2025.11.16-10.47.49:010][591]LogContentValidation: Display: Validating MaterialInstanceConstant /Game/Assets/Warehouse/Warehouse_Pipe_Grey.Warehouse_Pipe_Grey
[2025.11.16-10.47.49:500][618]Cmd: OBJ SAVEPACKAGE PACKAGE="/Game/Assets/Warehouse/Warehouse_Pipe_Grey" FILE="../../../../../../Git/Saf/GameUniHack/PixelPerfect/Content/Assets/Warehouse/Warehouse_Pipe_Grey.uasset" SILENT=true
[2025.11.16-10.47.49:545][618]LogUObjectHash: Compacting FUObjectHashTables data took   0.65ms
[2025.11.16-10.47.49:547][618]LogMaterial: Display: Missing cached shader map for material DebugViewMode MaterialTexCoordScale, compiling. 
[2025.11.16-10.47.49:753][618]LogShaderCompilers: Display: Worker (1/9): shaders left to compile 2
[2025.11.16-10.47.49:753][618]LogShaderCompilers: Display: Worker (2/9): shaders left to compile 1
[2025.11.16-10.47.49:758][618]TextureStreamingBuild: Display: Compiling optional shaders took 0.211 seconds.
[2025.11.16-10.47.49:810][618]LogUObjectHash: Compacting FUObjectHashTables data took   0.62ms
[2025.11.16-10.47.49:830][618]LogSavePackage: Moving '../../../../../../Git/Saf/GameUniHack/PixelPerfect/Saved/Warehouse_Pipe_Grey76CA73CD46993589630CF5AB5BF1A960.tmp' to '../../../../../../Git/Saf/GameUniHack/PixelPerfect/Content/Assets/Warehouse/Warehouse_Pipe_Grey.uasset'
[2025.11.16-10.47.49:846][618]AssetCheck: New page: Asset Save: Warehouse_Pipe_Grey
[2025.11.16-10.47.49:846][618]LogContentValidation: Display: Validating MaterialInstanceConstant /Game/Assets/Warehouse/Warehouse_Pipe_Grey.Warehouse_Pipe_Grey
[2025.11.16-10.47.58:998][148]Cmd: OBJ SAVEPACKAGE PACKAGE="/Game/Levels/Main" FILE="../../../../../../Git/Saf/GameUniHack/PixelPerfect/Content/Levels/Main.umap" SILENT=true AUTOSAVING=false KEEPDIRTY=false
[2025.11.16-10.47.59:052][148]LogUObjectHash: Compacting FUObjectHashTables data took   0.68ms
[2025.11.16-10.47.59:094][148]LogSavePackage: Moving '../../../../../../Git/Saf/GameUniHack/PixelPerfect/Saved/MainD13B49954B72EF432BCEA8A27530BF92.tmp' to '../../../../../../Git/Saf/GameUniHack/PixelPerfect/Content/Levels/Main.umap'
[2025.11.16-10.47.59:140][148]AssetCheck: New page: Asset Save: Main
[2025.11.16-10.47.59:140][148]LogContentValidation: Display: Validating World /Game/Levels/Main.Main
[2025.11.16-10.48.06:571][584]LogAssetEditorSubsystem: Opening Asset editor for Material /Game/Assets/MasterMaterial.MasterMaterial
[2025.11.16-10.48.06:573][584]LogMaterial: Display: Missing cached shader map for material MasterMaterial, compiling. 
[2025.11.16-10.48.06:636][584]LogMaterial: Display: Missing cached shader map for material MasterMaterial, compiling. 
[2025.11.16-10.48.06:642][584]LogMaterial: Display: Missing cached shader map for material MasterMaterial, compiling. 
[2025.11.16-10.48.06:653][584]LogMaterial: Display: Missing cached shader map for material FMatExpressionPreview MaterialExpressionVectorParameter_0, compiling. 
[2025.11.16-10.48.06:657][584]LogMaterial: Display: Missing cached shader map for material FMatExpressionPreview MaterialExpressionTextureObjectParameter_0, compiling. 
[2025.11.16-10.48.06:664][584]LogShaderCompilers: Display: Worker (1/9): shaders left to compile 13
[2025.11.16-10.48.06:665][584]LogShaderCompilers: Display: Worker (2/9): shaders left to compile 12
[2025.11.16-10.48.06:665][584]LogShaderCompilers: Display: Worker (3/9): shaders left to compile 11
[2025.11.16-10.48.06:665][584]LogShaderCompilers: Display: Worker (4/9): shaders left to compile 10
[2025.11.16-10.48.06:665][584]LogShaderCompilers: Display: Worker (5/9): shaders left to compile 9
[2025.11.16-10.48.06:665][584]LogShaderCompilers: Display: Worker (6/9): shaders left to compile 8
[2025.11.16-10.48.06:665][584]LogShaderCompilers: Display: Worker (7/9): shaders left to compile 7
[2025.11.16-10.48.06:665][584]LogShaderCompilers: Display: Worker (8/9): shaders left to compile 6
[2025.11.16-10.48.07:458][625]LogShaderCompilers: Display: Worker (2/9): shaders left to compile 9
[2025.11.16-10.48.07:458][625]LogShaderCompilers: Display: Worker (6/9): shaders left to compile 8
[2025.11.16-10.48.07:492][627]LogShaderCompilers: Display: Worker (3/9): shaders left to compile 7
[2025.11.16-10.48.07:679][638]LogShaderCompilers: Display: Worker (1/9): shaders left to compile 6
[2025.11.16-10.48.07:877][650]LogShaderCompilers: Display: Worker (8/9): shaders left to compile 5
[2025.11.16-10.48.07:891][651]LogShaderCompilers: Display: Worker (5/9): shaders left to compile 4
[2025.11.16-10.48.07:909][652]LogShaderCompilers: Display: Worker (7/9): shaders left to compile 3
[2025.11.16-10.48.07:957][655]LogShaderCompilers: Display: Worker (4/9): shaders left to compile 2
[2025.11.16-10.48.08:062][661]LogShaderCompilers: Display: Worker (6/9): shaders left to compile 1
[2025.11.16-10.48.08:110][663]MaterialEditorStats: Base pass shader: 129 instructions
[2025.11.16-10.48.08:110][663]MaterialEditorStats: Base pass shader with Volumetric Lightmap: 203 instructions
[2025.11.16-10.48.08:110][663]MaterialEditorStats: Base pass vertex shader: 41 instructions
[2025.11.16-10.48.08:110][663]MaterialEditorStats: Texture samplers: 3/16
[2025.11.16-10.48.08:110][663]MaterialEditorStats: Texture Lookups (Est.): VS(0), PS(3)
[2025.11.16-10.48.10:492][785]LogMaterial: Display: Missing cached shader map for material MasterMaterial, compiling. 
[2025.11.16-10.48.10:503][785]LogMaterial: Display: Missing cached shader map for material MasterMaterial, compiling. 
[2025.11.16-10.48.10:514][785]LogMaterial: Display: Missing cached shader map for material MasterMaterial, compiling. 
[2025.11.16-10.48.10:560][786]LogShaderCompilers: Display: Worker (1/9): shaders left to compile 14
[2025.11.16-10.48.10:560][786]LogShaderCompilers: Display: Worker (2/9): shaders left to compile 13
[2025.11.16-10.48.10:560][786]LogShaderCompilers: Display: Worker (3/9): shaders left to compile 12
[2025.11.16-10.48.10:560][786]LogShaderCompilers: Display: Worker (4/9): shaders left to compile 11
[2025.11.16-10.48.10:560][786]LogShaderCompilers: Display: Worker (5/9): shaders left to compile 10
[2025.11.16-10.48.10:560][786]LogShaderCompilers: Display: Worker (6/9): shaders left to compile 9
[2025.11.16-10.48.10:560][786]LogShaderCompilers: Display: Worker (7/9): shaders left to compile 8
[2025.11.16-10.48.10:560][786]LogShaderCompilers: Display: Worker (8/9): shaders left to compile 7
[2025.11.16-10.48.10:966][809]LogShaderCompilers: Display: Worker (3/9): shaders left to compile 6
[2025.11.16-10.48.11:199][821]LogShaderCompilers: Display: Worker (2/9): shaders left to compile 5
[2025.11.16-10.48.11:366][830]LogShaderCompilers: Display: Worker (5/9): shaders left to compile 4
[2025.11.16-10.48.11:366][830]LogShaderCompilers: Display: Worker (8/9): shaders left to compile 3
[2025.11.16-10.48.11:601][844]LogShaderCompilers: Display: Worker (2/9): shaders left to compile 2
[2025.11.16-10.48.11:735][852]LogShaderCompilers: Display: Worker (4/9): shaders left to compile 1
[2025.11.16-10.48.12:540][900]MaterialEditorStats: Base pass shader: 134 instructions
[2025.11.16-10.48.12:540][900]MaterialEditorStats: Base pass shader with Volumetric Lightmap: 208 instructions
[2025.11.16-10.48.12:540][900]MaterialEditorStats: Base pass vertex shader: 45 instructions
[2025.11.16-10.48.12:540][900]MaterialEditorStats: Texture samplers: 3/16
[2025.11.16-10.48.12:540][900]MaterialEditorStats: Texture Lookups (Est.): VS(0), PS(3)
[2025.11.16-10.48.12:889][921]LogMaterialEditor: Saving and Compiling material MasterMaterial
[2025.11.16-10.48.13:451][921]LogMaterial: Display: Missing cached shader map for material MasterMaterial, compiling. 
[2025.11.16-10.48.13:501][921]LogShaderCompilers: Display: Worker (1/9): shaders left to compile 14
[2025.11.16-10.48.13:501][921]LogShaderCompilers: Display: Worker (2/9): shaders left to compile 13
[2025.11.16-10.48.13:501][921]LogShaderCompilers: Display: Worker (3/9): shaders left to compile 12
[2025.11.16-10.48.13:501][921]LogShaderCompilers: Display: Worker (4/9): shaders left to compile 11
[2025.11.16-10.48.13:501][921]LogShaderCompilers: Display: Worker (5/9): shaders left to compile 10
[2025.11.16-10.48.13:501][921]LogShaderCompilers: Display: Worker (6/9): shaders left to compile 9
[2025.11.16-10.48.13:501][921]LogShaderCompilers: Display: Worker (7/9): shaders left to compile 8
[2025.11.16-10.48.13:501][921]LogShaderCompilers: Display: Worker (8/9): shaders left to compile 7
[2025.11.16-10.48.13:527][921]LogMaterial: Display: Missing cached shader map for material MasterMaterial, compiling. 
[2025.11.16-10.48.13:632][921]LogUObjectHash: Compacting FUObjectHashTables data took   3.62ms
[2025.11.16-10.48.13:642][921]LogMaterial: Display: Missing cached shader map for material DebugViewMode MaterialTexCoordScale, compiling. 
[2025.11.16-10.48.14:177][921]LogShaderCompilers: Display: Worker (3/9): shaders left to compile 28
[2025.11.16-10.48.14:177][921]LogShaderCompilers: Display: Worker (2/9): shaders left to compile 27
[2025.11.16-10.48.14:177][921]LogShaderCompilers: Display: Worker (5/9): shaders left to compile 26
[2025.11.16-10.48.14:177][921]LogShaderCompilers: Display: Worker (8/9): shaders left to compile 25
[2025.11.16-10.48.14:177][921]LogShaderCompilers: Display: Worker (2/9): shaders left to compile 24
[2025.11.16-10.48.14:177][921]LogShaderCompilers: Display: Worker (4/9): shaders left to compile 23
[2025.11.16-10.48.14:562][921]LogShaderCompilers: Display: Worker (6/9): shaders left to compile 22
[2025.11.16-10.48.14:562][921]LogShaderCompilers: Display: Worker (1/9): shaders left to compile 21
[2025.11.16-10.48.14:562][921]LogShaderCompilers: Display: Worker (7/9): shaders left to compile 20
[2025.11.16-10.48.14:562][921]LogShaderCompilers: Display: Worker (8/9): shaders left to compile 17
[2025.11.16-10.48.14:562][921]LogShaderCompilers: Display: Worker (3/9): shaders left to compile 14
[2025.11.16-10.48.14:562][921]LogShaderCompilers: Display: Worker (2/9): shaders left to compile 12
[2025.11.16-10.48.14:562][921]LogShaderCompilers: Display: Worker (1/9): shaders left to compile 10
[2025.11.16-10.48.14:562][921]LogShaderCompilers: Display: Worker (6/9): shaders left to compile 8
[2025.11.16-10.48.14:564][921]TextureStreamingBuild: Display: Compiling optional shaders took 0.929 seconds.
[2025.11.16-10.48.14:611][921]LogShaderCompilers: Display: Worker (5/9): shaders left to compile 6
[2025.11.16-10.48.14:611][921]LogUObjectHash: Compacting FUObjectHashTables data took   1.22ms
[2025.11.16-10.48.15:221][921]LogShaderCompilers: Display: Worker (4/9): shaders left to compile 5
[2025.11.16-10.48.15:221][921]LogShaderCompilers: Display: Worker (5/9): shaders left to compile 4
[2025.11.16-10.48.15:221][921]LogShaderCompilers: Display: Worker (4/9): shaders left to compile 3
[2025.11.16-10.48.15:751][921]LogShaderCompilers: Display: Worker (5/9): shaders left to compile 2
[2025.11.16-10.48.15:751][921]LogShaderCompilers: Display: Worker (1/9): shaders left to compile 1
[2025.11.16-10.48.15:893][921]Cmd: OBJ SAVEPACKAGE PACKAGE="/Game/Assets/MasterMaterial" FILE="../../../../../../Git/Saf/GameUniHack/PixelPerfect/Content/Assets/MasterMaterial.uasset" SILENT=true
[2025.11.16-10.48.15:920][921]LogSavePackage: Moving '../../../../../../Git/Saf/GameUniHack/PixelPerfect/Saved/MasterMaterialBFC248B443C94580D3B86989496FAE7B.tmp' to '../../../../../../Git/Saf/GameUniHack/PixelPerfect/Content/Assets/MasterMaterial.uasset'
[2025.11.16-10.48.15:965][921]AssetCheck: New page: Asset Save: MasterMaterial
[2025.11.16-10.48.15:965][921]LogContentValidation: Display: Validating Material /Game/Assets/MasterMaterial.MasterMaterial
[2025.11.16-10.48.15:973][921]MaterialEditorStats: Base pass shader: 134 instructions
[2025.11.16-10.48.15:973][921]MaterialEditorStats: Base pass shader with Volumetric Lightmap: 208 instructions
[2025.11.16-10.48.15:973][921]MaterialEditorStats: Base pass vertex shader: 45 instructions
[2025.11.16-10.48.15:973][921]MaterialEditorStats: Texture samplers: 4/16
[2025.11.16-10.48.15:973][921]MaterialEditorStats: Texture Lookups (Est.): VS(0), PS(3)
[2025.11.16-10.48.16:394][940]LogWorld: UWorld::CleanupWorld for World_13, bSessionEnded=true, bCleanupResources=true
[2025.11.16-10.48.16:394][940]LogSlate: InvalidateAllWidgets triggered.  All widgets were invalidated
[2025.11.16-10.48.17:586][  3]LogWorld: UWorld::CleanupWorld for World_12, bSessionEnded=true, bCleanupResources=true
[2025.11.16-10.48.17:586][  3]LogSlate: InvalidateAllWidgets triggered.  All widgets were invalidated
[2025.11.16-10.48.19:597][105]Cmd: OBJ SAVEPACKAGE PACKAGE="/Game/Levels/Main" FILE="../../../../../../Git/Saf/GameUniHack/PixelPerfect/Content/Levels/Main.umap" SILENT=true AUTOSAVING=false KEEPDIRTY=false
[2025.11.16-10.48.19:653][105]LogUObjectHash: Compacting FUObjectHashTables data took   3.19ms
[2025.11.16-10.48.19:700][105]LogSavePackage: Moving '../../../../../../Git/Saf/GameUniHack/PixelPerfect/Saved/MainFDD6131E4E7D6B57C69A1C84A1B7D994.tmp' to '../../../../../../Git/Saf/GameUniHack/PixelPerfect/Content/Levels/Main.umap'
[2025.11.16-10.48.19:750][105]AssetCheck: New page: Asset Save: Main
[2025.11.16-10.48.19:750][105]LogContentValidation: Display: Validating World /Game/Levels/Main.Main
[2025.11.16-10.48.26:833][505]LogAssetEditorSubsystem: Opening Asset editor for MaterialInstanceConstant /Game/Assets/Warehouse/Warehouse_Pipe_Red.Warehouse_Pipe_Red
[2025.11.16-10.48.36:045][ 38]LogSlate: Window 'Color Picker' being destroyed
[2025.11.16-10.48.38:586][183]Cmd: OBJ SAVEPACKAGE PACKAGE="/Game/Assets/Warehouse/Warehouse_Pipe_Red" FILE="../../../../../../Git/Saf/GameUniHack/PixelPerfect/Content/Assets/Warehouse/Warehouse_Pipe_Red.uasset" SILENT=true
[2025.11.16-10.48.38:629][183]LogUObjectHash: Compacting FUObjectHashTables data took   2.68ms
[2025.11.16-10.48.38:633][183]TextureStreamingBuild: Display: Compiling optional shaders took 0.000 seconds.
[2025.11.16-10.48.38:673][183]LogUObjectHash: Compacting FUObjectHashTables data took   0.63ms
[2025.11.16-10.48.38:680][183]LogSavePackage: Moving '../../../../../../Git/Saf/GameUniHack/PixelPerfect/Saved/Warehouse_Pipe_Red45EE92DB441F9E8626314487F2569A44.tmp' to '../../../../../../Git/Saf/GameUniHack/PixelPerfect/Content/Assets/Warehouse/Warehouse_Pipe_Red.uasset'
[2025.11.16-10.48.38:696][183]AssetCheck: New page: Asset Save: Warehouse_Pipe_Red
[2025.11.16-10.48.38:696][183]LogContentValidation: Display: Validating MaterialInstanceConstant /Game/Assets/Warehouse/Warehouse_Pipe_Red.Warehouse_Pipe_Red
[2025.11.16-10.48.38:850][191]Cmd: OBJ SAVEPACKAGE PACKAGE="/Game/Assets/Warehouse/Warehouse_Pipe_Red" FILE="../../../../../../Git/Saf/GameUniHack/PixelPerfect/Content/Assets/Warehouse/Warehouse_Pipe_Red.uasset" SILENT=true
[2025.11.16-10.48.38:897][191]LogUObjectHash: Compacting FUObjectHashTables data took   0.73ms
[2025.11.16-10.48.38:899][191]TextureStreamingBuild: Display: Compiling optional shaders took 0.000 seconds.
[2025.11.16-10.48.38:938][191]LogUObjectHash: Compacting FUObjectHashTables data took   0.71ms
[2025.11.16-10.48.38:958][191]LogSavePackage: Moving '../../../../../../Git/Saf/GameUniHack/PixelPerfect/Saved/Warehouse_Pipe_RedA7DF7917421AD1942E275495F4426A1D.tmp' to '../../../../../../Git/Saf/GameUniHack/PixelPerfect/Content/Assets/Warehouse/Warehouse_Pipe_Red.uasset'
[2025.11.16-10.48.38:978][191]AssetCheck: New page: Asset Save: Warehouse_Pipe_Red
[2025.11.16-10.48.38:978][191]LogContentValidation: Display: Validating MaterialInstanceConstant /Game/Assets/Warehouse/Warehouse_Pipe_Red.Warehouse_Pipe_Red
[2025.11.16-10.48.45:885][593]Cmd: OBJ SAVEPACKAGE PACKAGE="/Game/Levels/Main" FILE="../../../../../../Git/Saf/GameUniHack/PixelPerfect/Content/Levels/Main.umap" SILENT=true AUTOSAVING=false KEEPDIRTY=false
[2025.11.16-10.48.45:927][593]LogUObjectHash: Compacting FUObjectHashTables data took   0.63ms
[2025.11.16-10.48.45:966][593]LogSavePackage: Moving '../../../../../../Git/Saf/GameUniHack/PixelPerfect/Saved/MainC0234BF9476FD1546999699971B6BB05.tmp' to '../../../../../../Git/Saf/GameUniHack/PixelPerfect/Content/Levels/Main.umap'
[2025.11.16-10.48.46:011][593]AssetCheck: New page: Asset Save: Main
[2025.11.16-10.48.46:011][593]LogContentValidation: Display: Validating World /Game/Levels/Main.Main
[2025.11.16-10.49.05:508][751]LogAssetEditorSubsystem: Opening Asset editor for MaterialInstanceConstant /Game/Assets/Warehouse/Warehouse_Green.Warehouse_Green
[2025.11.16-10.49.14:265][258]LogSlate: Window 'Color Picker' being destroyed
[2025.11.16-10.49.15:316][313]Cmd: OBJ SAVEPACKAGE PACKAGE="/Game/Assets/Warehouse/Warehouse_Green" FILE="../../../../../../Git/Saf/GameUniHack/PixelPerfect/Content/Assets/Warehouse/Warehouse_Green.uasset" SILENT=true
[2025.11.16-10.49.15:370][313]LogUObjectHash: Compacting FUObjectHashTables data took   2.62ms
[2025.11.16-10.49.15:372][313]TextureStreamingBuild: Display: Compiling optional shaders took 0.000 seconds.
[2025.11.16-10.49.15:405][313]LogUObjectHash: Compacting FUObjectHashTables data took   0.64ms
[2025.11.16-10.49.15:412][313]LogSavePackage: Moving '../../../../../../Git/Saf/GameUniHack/PixelPerfect/Saved/Warehouse_Green587FC3A24CC43681BD456A81335FFBCC.tmp' to '../../../../../../Git/Saf/GameUniHack/PixelPerfect/Content/Assets/Warehouse/Warehouse_Green.uasset'
[2025.11.16-10.49.15:428][313]AssetCheck: New page: Asset Save: Warehouse_Green
[2025.11.16-10.49.15:428][313]LogContentValidation: Display: Validating MaterialInstanceConstant /Game/Assets/Warehouse/Warehouse_Green.Warehouse_Green
[2025.11.16-10.49.16:046][347]Cmd: OBJ SAVEPACKAGE PACKAGE="/Game/Assets/Warehouse/Warehouse_Green" FILE="../../../../../../Git/Saf/GameUniHack/PixelPerfect/Content/Assets/Warehouse/Warehouse_Green.uasset" SILENT=true
[2025.11.16-10.49.16:095][347]LogUObjectHash: Compacting FUObjectHashTables data took   0.79ms
[2025.11.16-10.49.16:096][347]TextureStreamingBuild: Display: Compiling optional shaders took 0.000 seconds.
[2025.11.16-10.49.16:132][347]LogUObjectHash: Compacting FUObjectHashTables data took   0.61ms
[2025.11.16-10.49.16:153][347]LogSavePackage: Moving '../../../../../../Git/Saf/GameUniHack/PixelPerfect/Saved/Warehouse_Green10E6E2374076AAD2FF9C3A8C22C81003.tmp' to '../../../../../../Git/Saf/GameUniHack/PixelPerfect/Content/Assets/Warehouse/Warehouse_Green.uasset'
[2025.11.16-10.49.16:178][347]AssetCheck: New page: Asset Save: Warehouse_Green
[2025.11.16-10.49.16:178][347]LogContentValidation: Display: Validating MaterialInstanceConstant /Game/Assets/Warehouse/Warehouse_Green.Warehouse_Green
[2025.11.16-10.49.20:572][595]Cmd: OBJ SAVEPACKAGE PACKAGE="/Game/Levels/Main" FILE="../../../../../../Git/Saf/GameUniHack/PixelPerfect/Content/Levels/Main.umap" SILENT=true AUTOSAVING=false KEEPDIRTY=false
[2025.11.16-10.49.20:608][595]LogUObjectHash: Compacting FUObjectHashTables data took   0.76ms
[2025.11.16-10.49.20:643][595]LogSavePackage: Moving '../../../../../../Git/Saf/GameUniHack/PixelPerfect/Saved/Main49F93FD64829F37761D9E397BE616003.tmp' to '../../../../../../Git/Saf/GameUniHack/PixelPerfect/Content/Levels/Main.umap'
[2025.11.16-10.49.20:688][595]AssetCheck: New page: Asset Save: Main
[2025.11.16-10.49.20:688][595]LogContentValidation: Display: Validating World /Game/Levels/Main.Main
[2025.11.16-10.50.21:368][956]AssetReimport: New page: Outstanding source content changes 2:50:21 PM
[2025.11.16-10.50.21:373][956]LogEditorFactories: Performing atomic reimport of [C:/Git/Saf/GameUniHack/PixelPerfect/Content/Assets/Warehouse/Models/Warehouse.fbx]
[2025.11.16-10.50.21:382][956]LogFbx: Loading FBX Scene from C:/Git/Saf/GameUniHack/PixelPerfect/Content/Assets/Warehouse/Models/Warehouse.fbx
[2025.11.16-10.50.21:395][956]LogFbx: FBX Scene Loaded Succesfully
[2025.11.16-10.50.21:521][956]LogStaticMesh: Building static mesh Warehouse...
[2025.11.16-10.50.21:705][956]LogStaticMesh: Built static mesh [0.18s] /Game/Assets/Warehouse/Models/Warehouse.Warehouse
[2025.11.16-10.50.22:809][956]LogSlate: Window 'Reimport Material Conflicts Resolution' being destroyed
[2025.11.16-10.50.22:822][956]LogEditorFactories: -- imported successfully
[2025.11.16-10.50.23:027][957]Cmd: OBJ SAVEPACKAGE PACKAGE="/Game/Assets/Warehouse/Models/Warehouse" FILE="../../../../../../Git/Saf/GameUniHack/PixelPerfect/Content/Assets/Warehouse/Models/Warehouse.uasset" SILENT=true
[2025.11.16-10.50.23:077][957]LogSavePackage: Moving '../../../../../../Git/Saf/GameUniHack/PixelPerfect/Saved/Warehouse996592E14EF9CD10B2837482D3CA49E3.tmp' to '../../../../../../Git/Saf/GameUniHack/PixelPerfect/Content/Assets/Warehouse/Models/Warehouse.uasset'
[2025.11.16-10.50.23:119][958]AssetCheck: New page: Asset Save: Warehouse
[2025.11.16-10.50.23:119][958]LogContentValidation: Display: Validating StaticMesh /Game/Assets/Warehouse/Models/Warehouse.Warehouse
[2025.11.16-10.50.26:097][132]AssetReimport: Reimported asset Warehouse from C:/Git/Saf/GameUniHack/PixelPerfect/Content/Assets/Warehouse/Models/Warehouse.fbx.
[2025.11.16-10.50.43:733][149]LogAssetEditorSubsystem: Opening Asset editor for MaterialInstanceConstant /Game/Assets/Warehouse/Warehouse_Wall.Warehouse_Wall
[2025.11.16-10.50.51:389][588]LogSlate: Window 'Color Picker' being destroyed
[2025.11.16-10.50.52:491][648]Cmd: OBJ SAVEPACKAGE PACKAGE="/Game/Assets/Warehouse/Warehouse_Wall" FILE="../../../../../../Git/Saf/GameUniHack/PixelPerfect/Content/Assets/Warehouse/Warehouse_Wall.uasset" SILENT=true
[2025.11.16-10.50.52:543][648]LogUObjectHash: Compacting FUObjectHashTables data took   2.56ms
[2025.11.16-10.50.52:547][648]TextureStreamingBuild: Display: Compiling optional shaders took 0.000 seconds.
[2025.11.16-10.50.52:590][648]LogUObjectHash: Compacting FUObjectHashTables data took   0.66ms
[2025.11.16-10.50.52:598][648]LogSavePackage: Moving '../../../../../../Git/Saf/GameUniHack/PixelPerfect/Saved/Warehouse_WallD4C9307843AC973F265B769531B4B938.tmp' to '../../../../../../Git/Saf/GameUniHack/PixelPerfect/Content/Assets/Warehouse/Warehouse_Wall.uasset'
[2025.11.16-10.50.52:622][648]AssetCheck: New page: Asset Save: Warehouse_Wall
[2025.11.16-10.50.52:622][648]LogContentValidation: Display: Validating MaterialInstanceConstant /Game/Assets/Warehouse/Warehouse_Wall.Warehouse_Wall
[2025.11.16-10.50.52:933][664]Cmd: OBJ SAVEPACKAGE PACKAGE="/Game/Assets/Warehouse/Warehouse_Wall" FILE="../../../../../../Git/Saf/GameUniHack/PixelPerfect/Content/Assets/Warehouse/Warehouse_Wall.uasset" SILENT=true
[2025.11.16-10.50.52:976][664]LogUObjectHash: Compacting FUObjectHashTables data took   0.69ms
[2025.11.16-10.50.52:977][664]TextureStreamingBuild: Display: Compiling optional shaders took 0.000 seconds.
[2025.11.16-10.50.53:013][664]LogUObjectHash: Compacting FUObjectHashTables data took   0.72ms
[2025.11.16-10.50.53:036][664]LogSavePackage: Moving '../../../../../../Git/Saf/GameUniHack/PixelPerfect/Saved/Warehouse_WallDEAD20FC40A3521945BEC9BF98A984C1.tmp' to '../../../../../../Git/Saf/GameUniHack/PixelPerfect/Content/Assets/Warehouse/Warehouse_Wall.uasset'
[2025.11.16-10.50.53:050][664]AssetCheck: New page: Asset Save: Warehouse_Wall
[2025.11.16-10.50.53:050][664]LogContentValidation: Display: Validating MaterialInstanceConstant /Game/Assets/Warehouse/Warehouse_Wall.Warehouse_Wall
[2025.11.16-10.50.53:842][707]LogWorld: UWorld::CleanupWorld for World_3, bSessionEnded=true, bCleanupResources=true
[2025.11.16-10.50.53:842][707]LogSlate: InvalidateAllWidgets triggered.  All widgets were invalidated
[2025.11.16-10.50.55:091][775]LogActorComponent: UnregisterComponent: (/Engine/Transient.EditorFloorComp) Not registered. Aborting.
[2025.11.16-10.50.55:091][775]LogWorld: UWorld::CleanupWorld for World_4, bSessionEnded=true, bCleanupResources=true
[2025.11.16-10.50.55:091][775]LogSlate: InvalidateAllWidgets triggered.  All widgets were invalidated
[2025.11.16-10.50.55:634][802]LogWorld: UWorld::CleanupWorld for World_6, bSessionEnded=true, bCleanupResources=true
[2025.11.16-10.50.55:634][802]LogSlate: InvalidateAllWidgets triggered.  All widgets were invalidated
[2025.11.16-10.50.55:651][802]LogWorld: UWorld::CleanupWorld for World_5, bSessionEnded=true, bCleanupResources=true
[2025.11.16-10.50.55:651][802]LogSlate: InvalidateAllWidgets triggered.  All widgets were invalidated
[2025.11.16-10.50.56:195][828]Cmd: OBJ SAVEPACKAGE PACKAGE="/Game/Levels/Main" FILE="../../../../../../Git/Saf/GameUniHack/PixelPerfect/Content/Levels/Main.umap" SILENT=true AUTOSAVING=false KEEPDIRTY=false
[2025.11.16-10.50.56:261][828]LogUObjectHash: Compacting FUObjectHashTables data took   3.51ms
[2025.11.16-10.50.56:317][828]LogSavePackage: Moving '../../../../../../Git/Saf/GameUniHack/PixelPerfect/Saved/Main3BEF1EFC4C7A6719CFA3018CC2FB52A9.tmp' to '../../../../../../Git/Saf/GameUniHack/PixelPerfect/Content/Levels/Main.umap'
[2025.11.16-10.50.56:365][828]AssetCheck: New page: Asset Save: Main
[2025.11.16-10.50.56:365][828]LogContentValidation: Display: Validating World /Game/Levels/Main.Main
[2025.11.16-10.51.02:546][190]Cmd: OBJ SAVEPACKAGE PACKAGE="/Game/Levels/Main" FILE="../../../../../../Git/Saf/GameUniHack/PixelPerfect/Content/Levels/Main.umap" SILENT=true AUTOSAVING=false KEEPDIRTY=false
[2025.11.16-10.51.02:600][190]LogUObjectHash: Compacting FUObjectHashTables data took   2.88ms
[2025.11.16-10.51.02:639][190]LogSavePackage: Moving '../../../../../../Git/Saf/GameUniHack/PixelPerfect/Saved/Main20FCAE1C44342BFAB149538B81A1269E.tmp' to '../../../../../../Git/Saf/GameUniHack/PixelPerfect/Content/Levels/Main.umap'
[2025.11.16-10.51.02:684][190]AssetCheck: New page: Asset Save: Main
[2025.11.16-10.51.02:684][190]LogContentValidation: Display: Validating World /Game/Levels/Main.Main
[2025.11.16-10.51.06:771][423]LogSlate: Window 'Color Picker' being destroyed
[2025.11.16-10.51.09:783][594]LogSlate: Window 'Color Picker' being destroyed
[2025.11.16-10.51.10:618][641]Cmd: OBJ SAVEPACKAGE PACKAGE="/Game/Assets/Warehouse/Warehouse_Green" FILE="../../../../../../Git/Saf/GameUniHack/PixelPerfect/Content/Assets/Warehouse/Warehouse_Green.uasset" SILENT=true
[2025.11.16-10.51.10:658][641]LogUObjectHash: Compacting FUObjectHashTables data took   0.59ms
[2025.11.16-10.51.10:661][641]TextureStreamingBuild: Display: Compiling optional shaders took 0.000 seconds.
[2025.11.16-10.51.10:689][641]LogUObjectHash: Compacting FUObjectHashTables data took   0.55ms
[2025.11.16-10.51.10:712][641]LogSavePackage: Moving '../../../../../../Git/Saf/GameUniHack/PixelPerfect/Saved/Warehouse_Green0E4387A94A31832255B8FD9F14A38398.tmp' to '../../../../../../Git/Saf/GameUniHack/PixelPerfect/Content/Assets/Warehouse/Warehouse_Green.uasset'
[2025.11.16-10.51.10:732][641]AssetCheck: New page: Asset Save: Warehouse_Green
[2025.11.16-10.51.10:732][641]LogContentValidation: Display: Validating MaterialInstanceConstant /Game/Assets/Warehouse/Warehouse_Green.Warehouse_Green
[2025.11.16-10.51.11:017][656]Cmd: OBJ SAVEPACKAGE PACKAGE="/Game/Assets/Warehouse/Warehouse_Green" FILE="../../../../../../Git/Saf/GameUniHack/PixelPerfect/Content/Assets/Warehouse/Warehouse_Green.uasset" SILENT=true
[2025.11.16-10.51.11:055][656]LogUObjectHash: Compacting FUObjectHashTables data took   0.69ms
[2025.11.16-10.51.11:056][656]TextureStreamingBuild: Display: Compiling optional shaders took 0.000 seconds.
[2025.11.16-10.51.11:087][656]LogUObjectHash: Compacting FUObjectHashTables data took   0.55ms
[2025.11.16-10.51.11:106][656]LogSavePackage: Moving '../../../../../../Git/Saf/GameUniHack/PixelPerfect/Saved/Warehouse_Green842207F843BD7A85F32C0499CC6BFDD8.tmp' to '../../../../../../Git/Saf/GameUniHack/PixelPerfect/Content/Assets/Warehouse/Warehouse_Green.uasset'
[2025.11.16-10.51.11:127][656]AssetCheck: New page: Asset Save: Warehouse_Green
[2025.11.16-10.51.11:127][656]LogContentValidation: Display: Validating MaterialInstanceConstant /Game/Assets/Warehouse/Warehouse_Green.Warehouse_Green
[2025.11.16-10.51.13:221][770]LogWorld: UWorld::CleanupWorld for World_16, bSessionEnded=true, bCleanupResources=true
[2025.11.16-10.51.13:222][770]LogSlate: InvalidateAllWidgets triggered.  All widgets were invalidated
[2025.11.16-10.51.14:157][821]LogWorld: UWorld::CleanupWorld for World_15, bSessionEnded=true, bCleanupResources=true
[2025.11.16-10.51.14:157][821]LogSlate: InvalidateAllWidgets triggered.  All widgets were invalidated
[2025.11.16-10.51.15:286][885]LogWorld: UWorld::CleanupWorld for World_17, bSessionEnded=true, bCleanupResources=true
[2025.11.16-10.51.15:286][885]LogSlate: InvalidateAllWidgets triggered.  All widgets were invalidated
[2025.11.16-10.51.15:779][912]Cmd: OBJ SAVEPACKAGE PACKAGE="/Game/Assets/Warehouse/Warehouse_Pipe_Grey" FILE="../../../../../../Git/Saf/GameUniHack/PixelPerfect/Content/Assets/Warehouse/Warehouse_Pipe_Grey.uasset" SILENT=true
[2025.11.16-10.51.15:826][912]LogUObjectHash: Compacting FUObjectHashTables data took   2.70ms
[2025.11.16-10.51.15:828][912]TextureStreamingBuild: Display: Compiling optional shaders took 0.000 seconds.
[2025.11.16-10.51.15:856][912]LogUObjectHash: Compacting FUObjectHashTables data took   1.80ms
[2025.11.16-10.51.15:881][912]LogSavePackage: Moving '../../../../../../Git/Saf/GameUniHack/PixelPerfect/Saved/Warehouse_Pipe_Grey93224C2A452E88271E41C787C80C2373.tmp' to '../../../../../../Git/Saf/GameUniHack/PixelPerfect/Content/Assets/Warehouse/Warehouse_Pipe_Grey.uasset'
[2025.11.16-10.51.15:896][912]AssetCheck: New page: Asset Save: Warehouse_Pipe_Grey
[2025.11.16-10.51.15:896][912]LogContentValidation: Display: Validating MaterialInstanceConstant /Game/Assets/Warehouse/Warehouse_Pipe_Grey.Warehouse_Pipe_Grey
[2025.11.16-10.51.16:480][943]Cmd: OBJ SAVEPACKAGE PACKAGE="/Game/Assets/Warehouse/Warehouse_Pipe_Grey" FILE="../../../../../../Git/Saf/GameUniHack/PixelPerfect/Content/Assets/Warehouse/Warehouse_Pipe_Grey.uasset" SILENT=true
[2025.11.16-10.51.16:516][943]LogUObjectHash: Compacting FUObjectHashTables data took   0.74ms
[2025.11.16-10.51.16:517][943]TextureStreamingBuild: Display: Compiling optional shaders took 0.000 seconds.
[2025.11.16-10.51.16:543][943]LogUObjectHash: Compacting FUObjectHashTables data took   0.51ms
[2025.11.16-10.51.16:563][943]LogSavePackage: Moving '../../../../../../Git/Saf/GameUniHack/PixelPerfect/Saved/Warehouse_Pipe_GreyD1536E804B5B7686D4FF1CB284FCE870.tmp' to '../../../../../../Git/Saf/GameUniHack/PixelPerfect/Content/Assets/Warehouse/Warehouse_Pipe_Grey.uasset'
[2025.11.16-10.51.16:583][943]AssetCheck: New page: Asset Save: Warehouse_Pipe_Grey
[2025.11.16-10.51.16:583][943]LogContentValidation: Display: Validating MaterialInstanceConstant /Game/Assets/Warehouse/Warehouse_Pipe_Grey.Warehouse_Pipe_Grey
[2025.11.16-10.51.18:608][ 58]LogEditorViewport: Clicking on Actor (LMB): BP_Sky_Sphere_C (BP_Sky_Sphere)
[2025.11.16-10.51.18:789][ 63]Cmd: OBJ SAVEPACKAGE PACKAGE="/Game/Levels/Main" FILE="../../../../../../Git/Saf/GameUniHack/PixelPerfect/Content/Levels/Main.umap" SILENT=true AUTOSAVING=false KEEPDIRTY=false
[2025.11.16-10.51.18:818][ 63]LogUObjectHash: Compacting FUObjectHashTables data took   0.53ms
[2025.11.16-10.51.18:855][ 63]LogSavePackage: Moving '../../../../../../Git/Saf/GameUniHack/PixelPerfect/Saved/Main8F49FA5940D87FB6FFB083A4E7CDF384.tmp' to '../../../../../../Git/Saf/GameUniHack/PixelPerfect/Content/Levels/Main.umap'
[2025.11.16-10.51.18:890][ 63]AssetCheck: New page: Asset Save: Main
[2025.11.16-10.51.18:890][ 63]LogContentValidation: Display: Validating World /Game/Levels/Main.Main
[2025.11.16-10.51.31:030][745]Cmd: OBJ SAVEPACKAGE PACKAGE="/Game/Assets/Warehouse/Models/Warehouse" FILE="../../../../../../Git/Saf/GameUniHack/PixelPerfect/Content/Assets/Warehouse/Models/Warehouse.uasset" SILENT=true
[2025.11.16-10.51.31:084][745]LogSavePackage: Moving '../../../../../../Git/Saf/GameUniHack/PixelPerfect/Saved/WarehouseF9E5E9EC4D18F4AF89C544A4E395009B.tmp' to '../../../../../../Git/Saf/GameUniHack/PixelPerfect/Content/Assets/Warehouse/Models/Warehouse.uasset'
[2025.11.16-10.51.31:105][745]AssetCheck: New page: Asset Save: Warehouse
[2025.11.16-10.51.31:105][745]LogContentValidation: Display: Validating StaticMesh /Game/Assets/Warehouse/Models/Warehouse.Warehouse
[2025.11.16-10.51.32:670][835]Cmd: OBJ SAVEPACKAGE PACKAGE="/Game/Levels/Main" FILE="../../../../../../Git/Saf/GameUniHack/PixelPerfect/Content/Levels/Main.umap" SILENT=true AUTOSAVING=false KEEPDIRTY=false
[2025.11.16-10.51.32:706][835]LogUObjectHash: Compacting FUObjectHashTables data took   1.93ms
[2025.11.16-10.51.32:745][835]LogSavePackage: Moving '../../../../../../Git/Saf/GameUniHack/PixelPerfect/Saved/MainA6DA3C904F5D8E2709D109B7A5629D30.tmp' to '../../../../../../Git/Saf/GameUniHack/PixelPerfect/Content/Levels/Main.umap'
[2025.11.16-10.51.32:785][835]AssetCheck: New page: Asset Save: Main
[2025.11.16-10.51.32:785][835]LogContentValidation: Display: Validating World /Game/Levels/Main.Main
[2025.11.16-10.51.33:542][880]LogTemp: Repeating last play command: Selected Viewport
[2025.11.16-10.51.33:556][880]LogPlayLevel: PlayLevel: No blueprints needed recompiling
[2025.11.16-10.51.33:557][880]PIE: New page: PIE session: Main (Nov 16, 2025, 2:51:33 PM)
[2025.11.16-10.51.33:557][880]LogPlayLevel: Creating play world package: /Game/Levels/UEDPIE_0_Main
[2025.11.16-10.51.33:563][880]LogPlayLevel: PIE: StaticDuplicateObject took: (0.006751s)
[2025.11.16-10.51.33:565][880]LogAIModule: Creating AISystem for world Main
[2025.11.16-10.51.33:565][880]LogAISub: UAISubsystem::UAISubsystem EnvQueryManager (000002218A618A00), frame # 78880
[2025.11.16-10.51.33:565][880]LogAISub: UAISubsystem::UAISubsystem AIPerceptionSystem (000002213D845E40), frame # 78880
[2025.11.16-10.51.33:565][880]LogPlayLevel: PIE: World Init took: (0.001443s)
[2025.11.16-10.51.33:565][880]LogPlayLevel: PIE: Created PIE world by copying editor world from /Game/Levels/Main.Main to /Game/Levels/UEDPIE_0_Main.Main (0.008317s)
[2025.11.16-10.51.33:598][880]LogUObjectHash: Compacting FUObjectHashTables data took   2.58ms
[2025.11.16-10.51.33:599][880]LogAudioMixer: Display: Audio Mixer Platform Settings:
[2025.11.16-10.51.33:599][880]LogAudioMixer: Display: 	Sample Rate:						  48000
[2025.11.16-10.51.33:599][880]LogAudioMixer: Display: 	Callback Buffer Frame Size Requested: 1024
[2025.11.16-10.51.33:599][880]LogAudioMixer: Display: 	Callback Buffer Frame Size To Use:	  1024
[2025.11.16-10.51.33:599][880]LogAudioMixer: Display: 	Number of buffers to queue:			  2
[2025.11.16-10.51.33:599][880]LogAudioMixer: Display: 	Max Channels (voices):				  32
[2025.11.16-10.51.33:599][880]LogAudioMixer: Display: 	Number of Async Source Workers:		  0
[2025.11.16-10.51.33:599][880]LogAudio: Display: AudioDevice MaxSources: 32
[2025.11.16-10.51.33:600][880]LogAudio: Display: Using built-in audio occlusion.
[2025.11.16-10.51.33:600][880]LogAudioMixer: Display: Initializing audio mixer.
[2025.11.16-10.51.33:606][880]LogAudioMixer: Display: 0: FrontLeft
[2025.11.16-10.51.33:606][880]LogAudioMixer: Display: 1: FrontRight
[2025.11.16-10.51.33:620][880]LogAudioMixer: Display: Using Audio Device FxSound Speakers (FxSound Audio Enhancer)
[2025.11.16-10.51.33:621][880]LogAudioMixer: Display: Initializing Sound Submixes...
[2025.11.16-10.51.33:621][880]LogAudioMixer: Display: Creating Master Submix 'MasterSubmixDefault'
[2025.11.16-10.51.33:621][880]LogAudioMixer: Display: Creating Master Submix 'MasterReverbSubmixDefault'
[2025.11.16-10.51.33:621][880]LogAudioMixer: Display: Creating Master Submix 'MasterEQSubmixDefault'
[2025.11.16-10.51.33:634][880]LogInit: FAudioDevice initialized.
[2025.11.16-10.51.33:641][880]LogLoad: Game class is 'PlayerGameModeBase_C'
[2025.11.16-10.51.33:642][880]LogSkeletalMesh: USkeletalMeshComponent::InitArticulated : Could not find root physics body: '/Game/Levels/UEDPIE_0_Main.Main:PersistentLevel.ComputerBoss_2.CharacterMesh0'
[2025.11.16-10.51.33:642][880]LogSkeletalMesh: USkeletalMeshComponent::InitArticulated : Could not find root physics body: '/Game/Levels/UEDPIE_0_Main.Main:PersistentLevel.Phone_2.CharacterMesh0'
[2025.11.16-10.51.33:642][880]LogWorld: Bringing World /Game/Levels/UEDPIE_0_Main.Main up for play (max tick rate 60) at 2025.11.16-12.51.33
[2025.11.16-10.51.33:645][880]LogWorld: Bringing up level for play took: 0.004104
[2025.11.16-10.51.33:645][880]LogOnline: OSS: Creating online subsystem instance for: :Context_30
[2025.11.16-10.51.33:650][880]PIE: Server logged in
[2025.11.16-10.51.33:651][880]PIE: Play in editor total start time 0.095 seconds.
[2025.11.16-10.51.37:226][ 92]LogSlate: Updating window title bar state: overlay mode, drag disabled, window buttons hidden, title bar hidden
[2025.11.16-10.51.37:226][ 92]LogWorld: BeginTearingDown for /Game/Levels/UEDPIE_0_Main
[2025.11.16-10.51.37:226][ 92]LogWorld: UWorld::CleanupWorld for Main, bSessionEnded=true, bCleanupResources=true
[2025.11.16-10.51.37:226][ 92]LogSlate: InvalidateAllWidgets triggered.  All widgets were invalidated
[2025.11.16-10.51.37:241][ 92]LogPlayLevel: Display: Shutting down PIE online subsystems
[2025.11.16-10.51.37:246][ 92]LogSlate: InvalidateAllWidgets triggered.  All widgets were invalidated
[2025.11.16-10.51.37:304][ 92]LogSlate: Updating window title bar state: overlay mode, drag disabled, window buttons hidden, title bar hidden
[2025.11.16-10.51.37:305][ 92]LogAISub: UAISubsystem::~UAISubsystem AIPerceptionSystem (000002213D845E40), frame # 79092
[2025.11.16-10.51.37:305][ 92]LogAISub: UAISubsystem::~UAISubsystem EnvQueryManager (000002218A618A00), frame # 79092
[2025.11.16-10.51.37:307][ 92]LogUObjectHash: Compacting FUObjectHashTables data took   1.86ms
[2025.11.16-10.51.37:335][ 93]LogPlayLevel: Display: Destroying online subsystem :Context_30
[2025.11.16-10.51.43:951][484]Cmd: EDIT CUT
[2025.11.16-10.51.43:958][484]LogEditorActor: Deleted Actor: DirectionalLight
[2025.11.16-10.51.43:992][484]LogUObjectHash: Compacting FUObjectHashTables data took   1.82ms
[2025.11.16-10.51.43:994][484]LogEditorActor: Deleted 1 Actors (0.038 secs)
[2025.11.16-10.51.44:793][529]Cmd: OBJ SAVEPACKAGE PACKAGE="/Game/Levels/Main" FILE="../../../../../../Git/Saf/GameUniHack/PixelPerfect/Content/Levels/Main.umap" SILENT=true AUTOSAVING=false KEEPDIRTY=false
[2025.11.16-10.51.44:833][529]LogUObjectHash: Compacting FUObjectHashTables data took   0.51ms
[2025.11.16-10.51.44:867][529]LogSavePackage: Moving '../../../../../../Git/Saf/GameUniHack/PixelPerfect/Saved/Main63789D464DE8A6403E5C3D86E52AAFAF.tmp' to '../../../../../../Git/Saf/GameUniHack/PixelPerfect/Content/Levels/Main.umap'
[2025.11.16-10.51.44:914][529]AssetCheck: New page: Asset Save: Main
[2025.11.16-10.51.44:914][529]LogContentValidation: Display: Validating World /Game/Levels/Main.Main
[2025.11.16-10.52.05:360][726]Cmd: OBJ SAVEPACKAGE PACKAGE="/Game/Levels/Main" FILE="../../../../../../Git/Saf/GameUniHack/PixelPerfect/Content/Levels/Main.umap" SILENT=true AUTOSAVING=false KEEPDIRTY=false
[2025.11.16-10.52.05:394][726]LogUObjectHash: Compacting FUObjectHashTables data took   1.56ms
[2025.11.16-10.52.05:434][726]LogSavePackage: Moving '../../../../../../Git/Saf/GameUniHack/PixelPerfect/Saved/Main9069A7684343569B34BCCDAD56874131.tmp' to '../../../../../../Git/Saf/GameUniHack/PixelPerfect/Content/Levels/Main.umap'
[2025.11.16-10.52.05:474][726]AssetCheck: New page: Asset Save: Main
[2025.11.16-10.52.05:474][726]LogContentValidation: Display: Validating World /Game/Levels/Main.Main
[2025.11.16-10.52.06:307][774]LogEditorViewport: Clicking on Actor (LMB): StaticMeshActor (Cube)
[2025.11.16-10.52.39:512][261]AssetReimport: New page: Outstanding source content changes 2:52:39 PM
[2025.11.16-10.52.39:514][261]LogEditorFactories: Performing atomic reimport of [C:/Git/Saf/GameUniHack/PixelPerfect/Content/Assets/Warehouse/Models/Warehouse.fbx]
[2025.11.16-10.52.39:522][261]LogFbx: Loading FBX Scene from C:/Git/Saf/GameUniHack/PixelPerfect/Content/Assets/Warehouse/Models/Warehouse.fbx
[2025.11.16-10.52.39:532][261]LogFbx: FBX Scene Loaded Succesfully
[2025.11.16-10.52.39:624][261]LogStaticMesh: Building static mesh Warehouse...
[2025.11.16-10.52.39:762][261]LogStaticMesh: Built static mesh [0.14s] /Game/Assets/Warehouse/Models/Warehouse.Warehouse
[2025.11.16-10.52.40:816][261]LogSlate: Window 'Reimport Material Conflicts Resolution' being destroyed
[2025.11.16-10.52.40:830][261]LogEditorFactories: -- imported successfully
[2025.11.16-10.52.41:021][262]Cmd: OBJ SAVEPACKAGE PACKAGE="/Game/Assets/Warehouse/Models/Warehouse" FILE="../../../../../../Git/Saf/GameUniHack/PixelPerfect/Content/Assets/Warehouse/Models/Warehouse.uasset" SILENT=true
[2025.11.16-10.52.41:076][262]LogSavePackage: Moving '../../../../../../Git/Saf/GameUniHack/PixelPerfect/Saved/Warehouse2761951946DF39996C2F159E13203F91.tmp' to '../../../../../../Git/Saf/GameUniHack/PixelPerfect/Content/Assets/Warehouse/Models/Warehouse.uasset'
[2025.11.16-10.52.41:120][263]AssetCheck: New page: Asset Save: Warehouse
[2025.11.16-10.52.41:120][263]LogContentValidation: Display: Validating StaticMesh /Game/Assets/Warehouse/Models/Warehouse.Warehouse
[2025.11.16-10.52.41:818][301]LogEditorViewport: Clicking on Actor (LMB): StaticMeshActor (Cube)
[2025.11.16-10.52.44:090][419]AssetReimport: Reimported asset Warehouse from C:/Git/Saf/GameUniHack/PixelPerfect/Content/Assets/Warehouse/Models/Warehouse.fbx.
[2025.11.16-10.52.49:102][715]LogAssetEditorSubsystem: Opening Asset editor for MaterialInstanceConstant /Game/Assets/Warehouse/Warehouse_Floor.Warehouse_Floor
[2025.11.16-10.52.55:207][ 65]LogSlate: Window 'Color Picker' being destroyed
[2025.11.16-10.52.56:348][129]Cmd: OBJ SAVEPACKAGE PACKAGE="/Game/Assets/Warehouse/Warehouse_Floor" FILE="../../../../../../Git/Saf/GameUniHack/PixelPerfect/Content/Assets/Warehouse/Warehouse_Floor.uasset" SILENT=true
[2025.11.16-10.52.56:390][129]LogUObjectHash: Compacting FUObjectHashTables data took   2.28ms
[2025.11.16-10.52.56:398][129]TextureStreamingBuild: Display: Compiling optional shaders took 0.000 seconds.
[2025.11.16-10.52.56:423][129]LogUObjectHash: Compacting FUObjectHashTables data took   0.52ms
[2025.11.16-10.52.56:430][129]LogSavePackage: Moving '../../../../../../Git/Saf/GameUniHack/PixelPerfect/Saved/Warehouse_Floor1648A38D4B9527D4745B7B877E75E276.tmp' to '../../../../../../Git/Saf/GameUniHack/PixelPerfect/Content/Assets/Warehouse/Warehouse_Floor.uasset'
[2025.11.16-10.52.56:449][129]AssetCheck: New page: Asset Save: Warehouse_Floor
[2025.11.16-10.52.56:449][129]LogContentValidation: Display: Validating MaterialInstanceConstant /Game/Assets/Warehouse/Warehouse_Floor.Warehouse_Floor
[2025.11.16-10.52.57:379][180]Cmd: OBJ SAVEPACKAGE PACKAGE="/Game/Levels/Main" FILE="../../../../../../Git/Saf/GameUniHack/PixelPerfect/Content/Levels/Main.umap" SILENT=true AUTOSAVING=false KEEPDIRTY=false
[2025.11.16-10.52.57:420][180]LogUObjectHash: Compacting FUObjectHashTables data took   0.82ms
[2025.11.16-10.52.57:458][180]LogSavePackage: Moving '../../../../../../Git/Saf/GameUniHack/PixelPerfect/Saved/Main7B54C6F24BFEF694D2FC458FE7E77267.tmp' to '../../../../../../Git/Saf/GameUniHack/PixelPerfect/Content/Levels/Main.umap'
[2025.11.16-10.52.57:503][180]AssetCheck: New page: Asset Save: Main
[2025.11.16-10.52.57:503][180]LogContentValidation: Display: Validating World /Game/Levels/Main.Main
[2025.11.16-10.53.06:440][698]LogSlate: Window 'Color Picker' being destroyed
[2025.11.16-10.53.07:587][764]Cmd: OBJ SAVEPACKAGE PACKAGE="/Game/Assets/Warehouse/Warehouse_Floor" FILE="../../../../../../Git/Saf/GameUniHack/PixelPerfect/Content/Assets/Warehouse/Warehouse_Floor.uasset" SILENT=true
[2025.11.16-10.53.07:616][764]LogUObjectHash: Compacting FUObjectHashTables data took   0.55ms
[2025.11.16-10.53.07:622][764]TextureStreamingBuild: Display: Compiling optional shaders took 0.000 seconds.
[2025.11.16-10.53.07:645][764]LogUObjectHash: Compacting FUObjectHashTables data took   0.57ms
[2025.11.16-10.53.07:670][764]LogSavePackage: Moving '../../../../../../Git/Saf/GameUniHack/PixelPerfect/Saved/Warehouse_FloorEC3B1626406C07B1659BF990FD08BBFF.tmp' to '../../../../../../Git/Saf/GameUniHack/PixelPerfect/Content/Assets/Warehouse/Warehouse_Floor.uasset'
[2025.11.16-10.53.07:688][764]AssetCheck: New page: Asset Save: Warehouse_Floor
[2025.11.16-10.53.07:688][764]LogContentValidation: Display: Validating MaterialInstanceConstant /Game/Assets/Warehouse/Warehouse_Floor.Warehouse_Floor
[2025.11.16-10.53.09:162][851]Cmd: OBJ SAVEPACKAGE PACKAGE="/Game/Levels/Main" FILE="../../../../../../Git/Saf/GameUniHack/PixelPerfect/Content/Levels/Main.umap" SILENT=true AUTOSAVING=false KEEPDIRTY=false
[2025.11.16-10.53.09:192][851]LogUObjectHash: Compacting FUObjectHashTables data took   0.51ms
[2025.11.16-10.53.09:235][851]LogSavePackage: Moving '../../../../../../Git/Saf/GameUniHack/PixelPerfect/Saved/Main4BCBA44B4691C4E6AFEF7783F3D82661.tmp' to '../../../../../../Git/Saf/GameUniHack/PixelPerfect/Content/Levels/Main.umap'
[2025.11.16-10.53.09:275][851]AssetCheck: New page: Asset Save: Main
[2025.11.16-10.53.09:275][851]LogContentValidation: Display: Validating World /Game/Levels/Main.Main
[2025.11.16-10.53.10:160][904]LogTemp: Repeating last play command: Selected Viewport
[2025.11.16-10.53.10:175][904]LogPlayLevel: PlayLevel: No blueprints needed recompiling
[2025.11.16-10.53.10:175][904]PIE: New page: PIE session: Main (Nov 16, 2025, 2:53:10 PM)
[2025.11.16-10.53.10:175][904]LogPlayLevel: Creating play world package: /Game/Levels/UEDPIE_0_Main
[2025.11.16-10.53.10:180][904]LogPlayLevel: PIE: StaticDuplicateObject took: (0.005468s)
[2025.11.16-10.53.10:181][904]LogAIModule: Creating AISystem for world Main
[2025.11.16-10.53.10:181][904]LogAISub: UAISubsystem::UAISubsystem EnvQueryManager (000002211D9DB800), frame # 82904
[2025.11.16-10.53.10:181][904]LogAISub: UAISubsystem::UAISubsystem AIPerceptionSystem (00000220BE010540), frame # 82904
[2025.11.16-10.53.10:182][904]LogPlayLevel: PIE: World Init took: (0.001154s)
[2025.11.16-10.53.10:182][904]LogPlayLevel: PIE: Created PIE world by copying editor world from /Game/Levels/Main.Main to /Game/Levels/UEDPIE_0_Main.Main (0.006772s)
[2025.11.16-10.53.10:214][904]LogUObjectHash: Compacting FUObjectHashTables data took   2.49ms
[2025.11.16-10.53.10:215][904]LogAudioMixer: Display: Audio Mixer Platform Settings:
[2025.11.16-10.53.10:216][904]LogAudioMixer: Display: 	Sample Rate:						  48000
[2025.11.16-10.53.10:216][904]LogAudioMixer: Display: 	Callback Buffer Frame Size Requested: 1024
[2025.11.16-10.53.10:216][904]LogAudioMixer: Display: 	Callback Buffer Frame Size To Use:	  1024
[2025.11.16-10.53.10:216][904]LogAudioMixer: Display: 	Number of buffers to queue:			  2
[2025.11.16-10.53.10:216][904]LogAudioMixer: Display: 	Max Channels (voices):				  32
[2025.11.16-10.53.10:216][904]LogAudioMixer: Display: 	Number of Async Source Workers:		  0
[2025.11.16-10.53.10:216][904]LogAudio: Display: AudioDevice MaxSources: 32
[2025.11.16-10.53.10:216][904]LogAudio: Display: Using built-in audio occlusion.
[2025.11.16-10.53.10:216][904]LogAudioMixer: Display: Initializing audio mixer.
[2025.11.16-10.53.10:220][904]LogAudioMixer: Display: 0: FrontLeft
[2025.11.16-10.53.10:220][904]LogAudioMixer: Display: 1: FrontRight
[2025.11.16-10.53.10:234][904]LogAudioMixer: Display: Using Audio Device FxSound Speakers (FxSound Audio Enhancer)
[2025.11.16-10.53.10:235][904]LogAudioMixer: Display: Initializing Sound Submixes...
[2025.11.16-10.53.10:235][904]LogAudioMixer: Display: Creating Master Submix 'MasterSubmixDefault'
[2025.11.16-10.53.10:235][904]LogAudioMixer: Display: Creating Master Submix 'MasterReverbSubmixDefault'
[2025.11.16-10.53.10:236][904]LogAudioMixer: Display: Creating Master Submix 'MasterEQSubmixDefault'
[2025.11.16-10.53.10:252][904]LogInit: FAudioDevice initialized.
[2025.11.16-10.53.10:266][904]LogLoad: Game class is 'PlayerGameModeBase_C'
[2025.11.16-10.53.10:269][904]LogSkeletalMesh: USkeletalMeshComponent::InitArticulated : Could not find root physics body: '/Game/Levels/UEDPIE_0_Main.Main:PersistentLevel.ComputerBoss_2.CharacterMesh0'
[2025.11.16-10.53.10:269][904]LogSkeletalMesh: USkeletalMeshComponent::InitArticulated : Could not find root physics body: '/Game/Levels/UEDPIE_0_Main.Main:PersistentLevel.Phone_2.CharacterMesh0'
[2025.11.16-10.53.10:269][904]LogWorld: Bringing World /Game/Levels/UEDPIE_0_Main.Main up for play (max tick rate 60) at 2025.11.16-12.53.10
[2025.11.16-10.53.10:271][904]LogWorld: Bringing up level for play took: 0.003875
[2025.11.16-10.53.10:271][904]LogOnline: OSS: Creating online subsystem instance for: :Context_32
[2025.11.16-10.53.10:276][904]PIE: Server logged in
[2025.11.16-10.53.10:276][904]PIE: Play in editor total start time 0.103 seconds.
[2025.11.16-10.53.16:436][270]LogSlate: Updating window title bar state: overlay mode, drag disabled, window buttons hidden, title bar hidden
[2025.11.16-10.53.16:436][270]LogWorld: BeginTearingDown for /Game/Levels/UEDPIE_0_Main
[2025.11.16-10.53.16:436][270]LogWorld: UWorld::CleanupWorld for Main, bSessionEnded=true, bCleanupResources=true
[2025.11.16-10.53.16:437][270]LogSlate: InvalidateAllWidgets triggered.  All widgets were invalidated
[2025.11.16-10.53.16:448][270]LogPlayLevel: Display: Shutting down PIE online subsystems
[2025.11.16-10.53.16:452][270]LogSlate: InvalidateAllWidgets triggered.  All widgets were invalidated
[2025.11.16-10.53.16:512][270]LogSlate: Updating window title bar state: overlay mode, drag disabled, window buttons hidden, title bar hidden
[2025.11.16-10.53.16:515][270]LogAISub: UAISubsystem::~UAISubsystem AIPerceptionSystem (00000220BE010540), frame # 83270
[2025.11.16-10.53.16:515][270]LogAISub: UAISubsystem::~UAISubsystem EnvQueryManager (000002211D9DB800), frame # 83270
[2025.11.16-10.53.16:517][270]LogUObjectHash: Compacting FUObjectHashTables data took   2.05ms
[2025.11.16-10.53.16:549][271]LogPlayLevel: Display: Destroying online subsystem :Context_32
[2025.11.16-10.53.33:691][240]Cmd: TRANSACTION UNDO
[2025.11.16-10.53.33:691][240]LogEditorTransaction: Undo Move Actors
[2025.11.16-10.53.59:328][728]Cmd: EDIT COPY
[2025.11.16-10.53.59:515][739]Cmd: EDIT PASTE
[2025.11.16-10.54.08:020][239]LogEditorViewport: Clicking on Actor (LMB): SpotLight (SpotLight)
[2025.11.16-10.54.19:884][938]LogEditorViewport: Clicking on Actor (LMB): SpotLight (SpotLight2)
[2025.11.16-10.54.27:068][361]LogEditorViewport: Clicking on Actor (LMB): SpotLight (SpotLight)
[2025.11.16-10.54.28:229][429]Cmd: EDIT CUT
[2025.11.16-10.54.28:236][429]LogEditorActor: Deleted Actor: SpotLight
[2025.11.16-10.54.28:265][429]LogUObjectHash: Compacting FUObjectHashTables data took   2.15ms
[2025.11.16-10.54.28:276][429]LogEditorActor: Deleted 1 Actors (0.042 secs)
[2025.11.16-10.54.28:627][450]LogEditorViewport: Clicking on Actor (LMB): StaticMeshActor (Warehouse)
[2025.11.16-10.54.29:573][504]LogEditorViewport: Clicking on Actor (LMB): StaticMeshActor (Warehouse)
[2025.11.16-10.54.29:889][522]LogEditorViewport: Clicking on Actor (LMB): SpotLight (SpotLight2)
[2025.11.16-10.54.30:668][566]Cmd: EDIT COPY
[2025.11.16-10.54.31:290][603]Cmd: EDIT COPY
[2025.11.16-10.54.31:496][615]Cmd: EDIT PASTE
[2025.11.16-10.54.33:040][706]LogEditorViewport: Clicking on Actor (LMB): SpotLight (SpotLight2)
[2025.11.16-10.54.33:161][712]Cmd: EDIT CUT
[2025.11.16-10.54.33:167][712]LogEditorActor: Deleted Actor: SpotLight
[2025.11.16-10.54.33:207][712]LogUObjectHash: Compacting FUObjectHashTables data took   1.46ms
[2025.11.16-10.54.33:211][712]LogEditorActor: Deleted 1 Actors (0.045 secs)
[2025.11.16-10.54.33:537][732]Cmd: TRANSACTION UNDO
[2025.11.16-10.54.33:537][732]LogEditorTransaction: Undo Cut
[2025.11.16-10.54.35:745][839]LogEditorViewport: Clicking on Actor (LMB): SpotLight (SpotLight3)
[2025.11.16-10.54.38:525][  1]LogEditorViewport: Clicking on Actor (LMB): SpotLight (SpotLight3)
[2025.11.16-10.54.41:532][176]Cmd: EDIT COPY
[2025.11.16-10.54.41:706][186]Cmd: EDIT PASTE
[2025.11.16-10.54.46:942][491]Cmd: EDIT COPY
[2025.11.16-10.54.47:186][505]Cmd: EDIT PASTE
[2025.11.16-10.54.49:988][671]LogEditorViewport: Clicking on Actor (LMB): SpotLight (SpotLight4)
[2025.11.16-10.54.54:481][929]LogEditorViewport: Clicking on Actor (LMB): StaticMeshActor (Warehouse)
[2025.11.16-10.54.54:792][943]LogEditorViewport: Clicking on Actor (LMB): StaticMeshActor (Warehouse)
[2025.11.16-10.54.55:136][963]LogEditorViewport: Clicking on Actor (LMB): SpotLight (SpotLight6)
[2025.11.16-10.54.56:294][ 28]Cmd: EDIT COPY
[2025.11.16-10.54.56:437][ 36]Cmd: EDIT PASTE
[2025.11.16-10.54.59:176][195]Cmd: OBJ SAVEPACKAGE PACKAGE="/Game/Levels/Main" FILE="../../../../../../Git/Saf/GameUniHack/PixelPerfect/Content/Levels/Main.umap" SILENT=true AUTOSAVING=false KEEPDIRTY=false
[2025.11.16-10.54.59:218][195]LogUObjectHash: Compacting FUObjectHashTables data took   1.92ms
[2025.11.16-10.54.59:264][195]LogSavePackage: Moving '../../../../../../Git/Saf/GameUniHack/PixelPerfect/Saved/Main6A012CE14FAEBC8D75EF8C8F1A736248.tmp' to '../../../../../../Git/Saf/GameUniHack/PixelPerfect/Content/Levels/Main.umap'
[2025.11.16-10.54.59:307][195]AssetCheck: New page: Asset Save: Main
[2025.11.16-10.54.59:307][195]LogContentValidation: Display: Validating World /Game/Levels/Main.Main
[2025.11.16-10.54.59:573][211]LogEditorViewport: Clicking on Actor (LMB): StaticMeshActor (Cube)
[2025.11.16-10.55.00:794][282]LogEditorViewport: Clicking on Actor (LMB): BP_Sky_Sphere_C (BP_Sky_Sphere)
[2025.11.16-10.55.02:785][398]Cmd: OBJ SAVEPACKAGE PACKAGE="/Game/Levels/Main" FILE="../../../../../../Git/Saf/GameUniHack/PixelPerfect/Content/Levels/Main.umap" SILENT=true AUTOSAVING=false KEEPDIRTY=false
[2025.11.16-10.55.02:815][398]LogUObjectHash: Compacting FUObjectHashTables data took   1.90ms
[2025.11.16-10.55.02:855][398]LogSavePackage: Moving '../../../../../../Git/Saf/GameUniHack/PixelPerfect/Saved/Main1DB8A1754D289CF536E4D1A240428247.tmp' to '../../../../../../Git/Saf/GameUniHack/PixelPerfect/Content/Levels/Main.umap'
[2025.11.16-10.55.02:899][398]AssetCheck: New page: Asset Save: Main
[2025.11.16-10.55.02:899][398]LogContentValidation: Display: Validating World /Game/Levels/Main.Main
[2025.11.16-10.55.07:830][692]LogTemp: Repeating last play command: Selected Viewport
[2025.11.16-10.55.07:844][692]LogPlayLevel: PlayLevel: No blueprints needed recompiling
[2025.11.16-10.55.07:844][692]PIE: New page: PIE session: Main (Nov 16, 2025, 2:55:07 PM)
[2025.11.16-10.55.07:844][692]LogPlayLevel: Creating play world package: /Game/Levels/UEDPIE_0_Main
[2025.11.16-10.55.07:849][692]LogPlayLevel: PIE: StaticDuplicateObject took: (0.004476s)
[2025.11.16-10.55.07:849][692]LogAIModule: Creating AISystem for world Main
[2025.11.16-10.55.07:849][692]LogAISub: UAISubsystem::UAISubsystem EnvQueryManager (00000221623DAA00), frame # 89692
[2025.11.16-10.55.07:849][692]LogAISub: UAISubsystem::UAISubsystem AIPerceptionSystem (0000022123A7EC00), frame # 89692
[2025.11.16-10.55.07:850][692]LogPlayLevel: PIE: World Init took: (0.000931s)
[2025.11.16-10.55.07:850][692]LogPlayLevel: PIE: Created PIE world by copying editor world from /Game/Levels/Main.Main to /Game/Levels/UEDPIE_0_Main.Main (0.005513s)
[2025.11.16-10.55.07:880][692]LogUObjectHash: Compacting FUObjectHashTables data took   2.07ms
[2025.11.16-10.55.07:883][692]LogAudioMixer: Display: Audio Mixer Platform Settings:
[2025.11.16-10.55.07:883][692]LogAudioMixer: Display: 	Sample Rate:						  48000
[2025.11.16-10.55.07:883][692]LogAudioMixer: Display: 	Callback Buffer Frame Size Requested: 1024
[2025.11.16-10.55.07:883][692]LogAudioMixer: Display: 	Callback Buffer Frame Size To Use:	  1024
[2025.11.16-10.55.07:883][692]LogAudioMixer: Display: 	Number of buffers to queue:			  2
[2025.11.16-10.55.07:883][692]LogAudioMixer: Display: 	Max Channels (voices):				  32
[2025.11.16-10.55.07:883][692]LogAudioMixer: Display: 	Number of Async Source Workers:		  0
[2025.11.16-10.55.07:883][692]LogAudio: Display: AudioDevice MaxSources: 32
[2025.11.16-10.55.07:883][692]LogAudio: Display: Using built-in audio occlusion.
[2025.11.16-10.55.07:883][692]LogAudioMixer: Display: Initializing audio mixer.
[2025.11.16-10.55.07:887][692]LogAudioMixer: Display: 0: FrontLeft
[2025.11.16-10.55.07:887][692]LogAudioMixer: Display: 1: FrontRight
[2025.11.16-10.55.07:899][692]LogAudioMixer: Display: Using Audio Device FxSound Speakers (FxSound Audio Enhancer)
[2025.11.16-10.55.07:899][692]LogAudioMixer: Display: Initializing Sound Submixes...
[2025.11.16-10.55.07:899][692]LogAudioMixer: Display: Creating Master Submix 'MasterSubmixDefault'
[2025.11.16-10.55.07:899][692]LogAudioMixer: Display: Creating Master Submix 'MasterReverbSubmixDefault'
[2025.11.16-10.55.07:900][692]LogAudioMixer: Display: Creating Master Submix 'MasterEQSubmixDefault'
[2025.11.16-10.55.07:915][692]LogInit: FAudioDevice initialized.
[2025.11.16-10.55.07:922][692]LogLoad: Game class is 'PlayerGameModeBase_C'
[2025.11.16-10.55.07:924][692]LogSkeletalMesh: USkeletalMeshComponent::InitArticulated : Could not find root physics body: '/Game/Levels/UEDPIE_0_Main.Main:PersistentLevel.ComputerBoss_2.CharacterMesh0'
[2025.11.16-10.55.07:925][692]LogSkeletalMesh: USkeletalMeshComponent::InitArticulated : Could not find root physics body: '/Game/Levels/UEDPIE_0_Main.Main:PersistentLevel.Phone_2.CharacterMesh0'
[2025.11.16-10.55.07:925][692]LogWorld: Bringing World /Game/Levels/UEDPIE_0_Main.Main up for play (max tick rate 60) at 2025.11.16-12.55.07
[2025.11.16-10.55.07:926][692]LogWorld: Bringing up level for play took: 0.002818
[2025.11.16-10.55.07:926][692]LogOnline: OSS: Creating online subsystem instance for: :Context_33
[2025.11.16-10.55.07:928][692]PIE: Server logged in
[2025.11.16-10.55.07:930][692]PIE: Play in editor total start time 0.087 seconds.
[2025.11.16-10.55.13:655][ 33]LogSlate: Updating window title bar state: overlay mode, drag disabled, window buttons hidden, title bar hidden
[2025.11.16-10.55.13:656][ 33]LogWorld: BeginTearingDown for /Game/Levels/UEDPIE_0_Main
[2025.11.16-10.55.13:656][ 33]LogWorld: UWorld::CleanupWorld for Main, bSessionEnded=true, bCleanupResources=true
[2025.11.16-10.55.13:656][ 33]LogSlate: InvalidateAllWidgets triggered.  All widgets were invalidated
[2025.11.16-10.55.13:669][ 33]LogPlayLevel: Display: Shutting down PIE online subsystems
[2025.11.16-10.55.13:673][ 33]LogSlate: InvalidateAllWidgets triggered.  All widgets were invalidated
[2025.11.16-10.55.13:729][ 33]LogSlate: Updating window title bar state: overlay mode, drag disabled, window buttons hidden, title bar hidden
[2025.11.16-10.55.13:730][ 33]LogAISub: UAISubsystem::~UAISubsystem AIPerceptionSystem (0000022123A7EC00), frame # 90033
[2025.11.16-10.55.13:730][ 33]LogAISub: UAISubsystem::~UAISubsystem EnvQueryManager (00000221623DAA00), frame # 90033
[2025.11.16-10.55.13:732][ 33]LogUObjectHash: Compacting FUObjectHashTables data took   1.81ms
[2025.11.16-10.55.13:762][ 34]LogPlayLevel: Display: Destroying online subsystem :Context_33
[2025.11.16-10.55.19:812][391]LogEditorViewport: Clicking on Actor (LMB): SpotLight (SpotLight3)
[2025.11.16-10.55.32:699][149]Cmd: TRANSACTION UNDO
[2025.11.16-10.55.32:699][149]LogEditorTransaction: Undo Move Actors
[2025.11.16-10.55.34:848][250]LogEditorViewport: Clicking on Actor (LMB): SpotLight (SpotLight4)
[2025.11.16-10.55.35:318][274]Cmd: EDIT CUT
[2025.11.16-10.55.35:323][274]LogEditorActor: Deleted Actor: SpotLight
[2025.11.16-10.55.35:355][274]LogUObjectHash: Compacting FUObjectHashTables data took   1.95ms
[2025.11.16-10.55.35:360][274]LogEditorActor: Deleted 1 Actors (0.038 secs)
[2025.11.16-10.55.36:585][347]LogEditorViewport: Clicking on Actor (LMB): SpotLight (SpotLight2)
[2025.11.16-10.55.36:711][353]Cmd: EDIT CUT
[2025.11.16-10.55.36:718][353]LogEditorActor: Deleted Actor: SpotLight
[2025.11.16-10.55.36:749][353]LogUObjectHash: Compacting FUObjectHashTables data took   0.66ms
[2025.11.16-10.55.36:751][353]LogEditorActor: Deleted 1 Actors (0.034 secs)
[2025.11.16-10.55.39:260][500]LogEditorViewport: Clicking on Actor (LMB): SpotLight (SpotLight5)
[2025.11.16-10.55.41:179][611]Cmd: EDIT CUT
[2025.11.16-10.55.41:185][611]LogEditorActor: Deleted Actor: SpotLight
[2025.11.16-10.55.41:223][611]LogUObjectHash: Compacting FUObjectHashTables data took   0.55ms
[2025.11.16-10.55.41:225][611]LogEditorActor: Deleted 1 Actors (0.042 secs)
[2025.11.16-10.55.43:692][756]LogEditorViewport: Clicking on Actor (LMB): SpotLight (SpotLight7)
[2025.11.16-10.55.44:088][777]Cmd: EDIT CUT
[2025.11.16-10.55.44:093][777]LogEditorActor: Deleted Actor: SpotLight
[2025.11.16-10.55.44:125][777]LogUObjectHash: Compacting FUObjectHashTables data took   0.52ms
[2025.11.16-10.55.44:127][777]LogEditorActor: Deleted 1 Actors (0.036 secs)
[2025.11.16-10.55.44:459][797]LogEditorViewport: Clicking on Actor (LMB): SpotLight (SpotLight9)
[2025.11.16-10.55.44:665][808]Cmd: EDIT CUT
[2025.11.16-10.55.44:672][808]LogEditorActor: Deleted Actor: SpotLight
[2025.11.16-10.55.44:708][808]LogUObjectHash: Compacting FUObjectHashTables data took   0.51ms
[2025.11.16-10.55.44:709][808]LogEditorActor: Deleted 1 Actors (0.040 secs)
[2025.11.16-10.55.46:012][886]LogEditorViewport: Clicking on Actor (LMB): SpotLight (SpotLight6)
[2025.11.16-10.55.46:155][893]Cmd: EDIT CUT
[2025.11.16-10.55.46:160][893]LogEditorActor: Deleted Actor: SpotLight
[2025.11.16-10.55.46:195][893]LogUObjectHash: Compacting FUObjectHashTables data took   0.65ms
[2025.11.16-10.55.46:196][893]LogEditorActor: Deleted 1 Actors (0.038 secs)
[2025.11.16-10.55.46:612][918]LogEditorViewport: Clicking on Actor (LMB): SpotLight (SpotLight8)
[2025.11.16-10.55.46:749][925]Cmd: EDIT CUT
[2025.11.16-10.55.46:755][925]LogEditorActor: Deleted Actor: SpotLight
[2025.11.16-10.55.46:786][925]LogUObjectHash: Compacting FUObjectHashTables data took   0.51ms
[2025.11.16-10.55.46:788][925]LogEditorActor: Deleted 1 Actors (0.035 secs)
[2025.11.16-10.55.47:048][939]Cmd: OBJ SAVEPACKAGE PACKAGE="/Game/Levels/Main" FILE="../../../../../../Git/Saf/GameUniHack/PixelPerfect/Content/Levels/Main.umap" SILENT=true AUTOSAVING=false KEEPDIRTY=false
[2025.11.16-10.55.47:074][939]LogUObjectHash: Compacting FUObjectHashTables data took   0.64ms
[2025.11.16-10.55.47:122][939]LogSavePackage: Moving '../../../../../../Git/Saf/GameUniHack/PixelPerfect/Saved/Main5CDF50AF47AB48087175508D3BA68C68.tmp' to '../../../../../../Git/Saf/GameUniHack/PixelPerfect/Content/Levels/Main.umap'
[2025.11.16-10.55.47:178][939]AssetCheck: New page: Asset Save: Main
[2025.11.16-10.55.47:178][939]LogContentValidation: Display: Validating World /Game/Levels/Main.Main
[2025.11.16-10.55.50:422][132]LogEditorViewport: Clicking on Actor (LMB): SpotLight (SpotLight3)
[2025.11.16-10.56.12:080][399]Cmd: EDIT COPY
[2025.11.16-10.56.12:292][411]Cmd: EDIT PASTE
[2025.11.16-10.56.14:548][539]Cmd: EDIT COPY
[2025.11.16-10.56.14:763][549]Cmd: EDIT PASTE
[2025.11.16-10.56.16:227][632]LogEditorViewport: Clicking on Actor (LMB): SpotLight (SpotLight4)
[2025.11.16-10.56.20:003][855]LogEditorViewport: Clicking on Actor (LMB): SpotLight (SpotLight3)
[2025.11.16-10.56.23:286][ 43]LogEditorViewport: Clicking on Actor (LMB): SpotLight (SpotLight5)
[2025.11.16-10.56.24:955][140]LogEditorViewport: Clicking on Actor (LMB): SpotLight (SpotLight4)
[2025.11.16-10.56.27:589][295]LogEditorViewport: Clicking on Actor (LMB): SpotLight (SpotLight5)
[2025.11.16-10.56.31:859][548]LogEditorViewport: Clicking on Actor (LMB): BP_Sky_Sphere_C (BP_Sky_Sphere)
[2025.11.16-10.56.31:978][552]Cmd: OBJ SAVEPACKAGE PACKAGE="/Game/Levels/Main" FILE="../../../../../../Git/Saf/GameUniHack/PixelPerfect/Content/Levels/Main.umap" SILENT=true AUTOSAVING=false KEEPDIRTY=false
[2025.11.16-10.56.32:017][552]LogUObjectHash: Compacting FUObjectHashTables data took   1.86ms
[2025.11.16-10.56.32:060][552]LogSavePackage: Moving '../../../../../../Git/Saf/GameUniHack/PixelPerfect/Saved/Main14F46BFA442A743C47DAFF9FC4EFF789.tmp' to '../../../../../../Git/Saf/GameUniHack/PixelPerfect/Content/Levels/Main.umap'
[2025.11.16-10.56.32:107][552]AssetCheck: New page: Asset Save: Main
[2025.11.16-10.56.32:107][552]LogContentValidation: Display: Validating World /Game/Levels/Main.Main
[2025.11.16-10.56.33:521][636]LogTemp: Repeating last play command: Selected Viewport
[2025.11.16-10.56.33:536][636]LogPlayLevel: PlayLevel: No blueprints needed recompiling
[2025.11.16-10.56.33:536][636]PIE: New page: PIE session: Main (Nov 16, 2025, 2:56:33 PM)
[2025.11.16-10.56.33:574][636]LogPlayLevel: Creating play world package: /Game/Levels/UEDPIE_0_Main
[2025.11.16-10.56.33:582][636]LogPlayLevel: PIE: StaticDuplicateObject took: (0.007522s)
[2025.11.16-10.56.33:584][636]LogAIModule: Creating AISystem for world Main
[2025.11.16-10.56.33:584][636]LogAISub: UAISubsystem::UAISubsystem EnvQueryManager (000002211CBE3000), frame # 94636
[2025.11.16-10.56.33:584][636]LogAISub: UAISubsystem::UAISubsystem AIPerceptionSystem (00000221AEA26FC0), frame # 94636
[2025.11.16-10.56.33:584][636]LogPlayLevel: PIE: World Init took: (0.001588s)
[2025.11.16-10.56.33:584][636]LogPlayLevel: PIE: Created PIE world by copying editor world from /Game/Levels/Main.Main to /Game/Levels/UEDPIE_0_Main.Main (0.009435s)
[2025.11.16-10.56.33:626][636]LogUObjectHash: Compacting FUObjectHashTables data took   1.99ms
[2025.11.16-10.56.33:627][636]LogAudioMixer: Display: Audio Mixer Platform Settings:
[2025.11.16-10.56.33:627][636]LogAudioMixer: Display: 	Sample Rate:						  48000
[2025.11.16-10.56.33:627][636]LogAudioMixer: Display: 	Callback Buffer Frame Size Requested: 1024
[2025.11.16-10.56.33:627][636]LogAudioMixer: Display: 	Callback Buffer Frame Size To Use:	  1024
[2025.11.16-10.56.33:627][636]LogAudioMixer: Display: 	Number of buffers to queue:			  2
[2025.11.16-10.56.33:627][636]LogAudioMixer: Display: 	Max Channels (voices):				  32
[2025.11.16-10.56.33:627][636]LogAudioMixer: Display: 	Number of Async Source Workers:		  0
[2025.11.16-10.56.33:627][636]LogAudio: Display: AudioDevice MaxSources: 32
[2025.11.16-10.56.33:628][636]LogAudio: Display: Using built-in audio occlusion.
[2025.11.16-10.56.33:628][636]LogAudioMixer: Display: Initializing audio mixer.
[2025.11.16-10.56.33:631][636]LogAudioMixer: Display: 0: FrontLeft
[2025.11.16-10.56.33:631][636]LogAudioMixer: Display: 1: FrontRight
[2025.11.16-10.56.33:644][636]LogAudioMixer: Display: Using Audio Device FxSound Speakers (FxSound Audio Enhancer)
[2025.11.16-10.56.33:644][636]LogAudioMixer: Display: Initializing Sound Submixes...
[2025.11.16-10.56.33:644][636]LogAudioMixer: Display: Creating Master Submix 'MasterSubmixDefault'
[2025.11.16-10.56.33:644][636]LogAudioMixer: Display: Creating Master Submix 'MasterReverbSubmixDefault'
[2025.11.16-10.56.33:645][636]LogAudioMixer: Display: Creating Master Submix 'MasterEQSubmixDefault'
[2025.11.16-10.56.33:661][636]LogInit: FAudioDevice initialized.
[2025.11.16-10.56.33:668][636]LogLoad: Game class is 'PlayerGameModeBase_C'
[2025.11.16-10.56.33:670][636]LogSkeletalMesh: USkeletalMeshComponent::InitArticulated : Could not find root physics body: '/Game/Levels/UEDPIE_0_Main.Main:PersistentLevel.ComputerBoss_2.CharacterMesh0'
[2025.11.16-10.56.33:670][636]LogSkeletalMesh: USkeletalMeshComponent::InitArticulated : Could not find root physics body: '/Game/Levels/UEDPIE_0_Main.Main:PersistentLevel.Phone_2.CharacterMesh0'
[2025.11.16-10.56.33:670][636]LogWorld: Bringing World /Game/Levels/UEDPIE_0_Main.Main up for play (max tick rate 60) at 2025.11.16-12.56.33
[2025.11.16-10.56.33:671][636]LogWorld: Bringing up level for play took: 0.002846
[2025.11.16-10.56.33:671][636]LogOnline: OSS: Creating online subsystem instance for: :Context_34
[2025.11.16-10.56.33:675][636]PIE: Server logged in
[2025.11.16-10.56.33:677][636]PIE: Play in editor total start time 0.141 seconds.
[2025.11.16-10.56.39:887][  6]LogSlate: Updating window title bar state: overlay mode, drag disabled, window buttons hidden, title bar hidden
[2025.11.16-10.56.39:887][  6]LogWorld: BeginTearingDown for /Game/Levels/UEDPIE_0_Main
[2025.11.16-10.56.39:888][  6]LogWorld: UWorld::CleanupWorld for Main, bSessionEnded=true, bCleanupResources=true
[2025.11.16-10.56.39:888][  6]LogSlate: InvalidateAllWidgets triggered.  All widgets were invalidated
[2025.11.16-10.56.39:901][  6]LogPlayLevel: Display: Shutting down PIE online subsystems
[2025.11.16-10.56.39:907][  6]LogSlate: InvalidateAllWidgets triggered.  All widgets were invalidated
[2025.11.16-10.56.39:969][  6]LogSlate: Updating window title bar state: overlay mode, drag disabled, window buttons hidden, title bar hidden
[2025.11.16-10.56.39:970][  6]LogAISub: UAISubsystem::~UAISubsystem AIPerceptionSystem (00000221AEA26FC0), frame # 95006
[2025.11.16-10.56.39:970][  6]LogAISub: UAISubsystem::~UAISubsystem EnvQueryManager (000002211CBE3000), frame # 95006
[2025.11.16-10.56.39:972][  6]LogUObjectHash: Compacting FUObjectHashTables data took   1.93ms
[2025.11.16-10.56.40:003][  7]LogPlayLevel: Display: Destroying online subsystem :Context_34
[2025.11.16-10.56.41:202][ 75]Cmd: OBJ SAVEPACKAGE PACKAGE="/Game/Levels/Main" FILE="../../../../../../Git/Saf/GameUniHack/PixelPerfect/Content/Levels/Main.umap" SILENT=true AUTOSAVING=false KEEPDIRTY=false
[2025.11.16-10.56.41:241][ 75]LogUObjectHash: Compacting FUObjectHashTables data took   0.96ms
[2025.11.16-10.56.41:277][ 75]LogSavePackage: Moving '../../../../../../Git/Saf/GameUniHack/PixelPerfect/Saved/Main291C8865446589ED648661AAC09E2630.tmp' to '../../../../../../Git/Saf/GameUniHack/PixelPerfect/Content/Levels/Main.umap'
[2025.11.16-10.56.41:326][ 75]AssetCheck: New page: Asset Save: Main
[2025.11.16-10.56.41:327][ 75]LogContentValidation: Display: Validating World /Game/Levels/Main.Main
[2025.11.16-10.56.53:577][808]LogEditorViewport: Clicking on Actor (LMB): NavMeshBoundsVolume (NavMeshBoundsVolume)
[2025.11.16-10.57.02:073][307]LogEditorViewport: Clicking on Actor (LMB): StaticMeshActor (Cube)
[2025.11.16-10.57.02:272][317]Cmd: EDIT CUT
[2025.11.16-10.57.02:277][317]LogEditorActor: Deleted Actor: StaticMeshActor
[2025.11.16-10.57.02:318][317]LogUObjectHash: Compacting FUObjectHashTables data took   0.58ms
[2025.11.16-10.57.02:326][317]LogEditorActor: Deleted 1 Actors (0.049 secs)
[2025.11.16-10.57.03:062][361]LogEditorViewport: Clicking on Actor (LMB): NavMeshBoundsVolume (NavMeshBoundsVolume)
[2025.11.16-10.57.20:008][352]LogEditorViewport: Clicking on Actor (LMB): StaticMeshActor (Warehouse)
[2025.11.16-10.57.20:203][358]Cmd: OBJ SAVEPACKAGE PACKAGE="/Game/Levels/Main" FILE="../../../../../../Git/Saf/GameUniHack/PixelPerfect/Content/Levels/Main.umap" SILENT=true AUTOSAVING=false KEEPDIRTY=false
[2025.11.16-10.57.20:241][358]LogUObjectHash: Compacting FUObjectHashTables data took   0.49ms
[2025.11.16-10.57.20:286][358]LogSavePackage: Moving '../../../../../../Git/Saf/GameUniHack/PixelPerfect/Saved/MainEEF5EAAB46B673C3A6DDEAAD5AB6F26A.tmp' to '../../../../../../Git/Saf/GameUniHack/PixelPerfect/Content/Levels/Main.umap'
[2025.11.16-10.57.20:331][358]AssetCheck: New page: Asset Save: Main
[2025.11.16-10.57.20:331][358]LogContentValidation: Display: Validating World /Game/Levels/Main.Main
[2025.11.16-10.57.36:893][544]LogEditorViewport: Clicking on Actor (LMB): BP_Sky_Sphere_C (BP_Sky_Sphere)
[2025.11.16-10.57.38:812][638]AssetReimport: New page: Outstanding source content changes 2:57:38 PM
[2025.11.16-10.57.38:813][638]LogEditorFactories: Performing atomic reimport of [C:/Git/Saf/GameUniHack/PixelPerfect/Content/Assets/Warehouse/Models/Warehouse.fbx]
[2025.11.16-10.57.38:821][638]LogFbx: Loading FBX Scene from C:/Git/Saf/GameUniHack/PixelPerfect/Content/Assets/Warehouse/Models/Warehouse.fbx
[2025.11.16-10.57.38:831][638]LogFbx: FBX Scene Loaded Succesfully
[2025.11.16-10.57.38:925][638]LogStaticMesh: Building static mesh Warehouse...
[2025.11.16-10.57.39:069][638]LogStaticMesh: Built static mesh [0.14s] /Game/Assets/Warehouse/Models/Warehouse.Warehouse
[2025.11.16-10.57.39:134][638]LogEditorFactories: -- imported successfully
[2025.11.16-10.57.39:396][639]Cmd: OBJ SAVEPACKAGE PACKAGE="/Game/Assets/Warehouse/Models/Warehouse" FILE="../../../../../../Git/Saf/GameUniHack/PixelPerfect/Content/Assets/Warehouse/Models/Warehouse.uasset" SILENT=true
[2025.11.16-10.57.39:452][639]LogSavePackage: Moving '../../../../../../Git/Saf/GameUniHack/PixelPerfect/Saved/WarehouseA26DB3B1483F1BCD6AD4F3A530CF20E6.tmp' to '../../../../../../Git/Saf/GameUniHack/PixelPerfect/Content/Assets/Warehouse/Models/Warehouse.uasset'
[2025.11.16-10.57.39:492][640]AssetCheck: New page: Asset Save: Warehouse
[2025.11.16-10.57.39:492][640]LogContentValidation: Display: Validating StaticMesh /Game/Assets/Warehouse/Models/Warehouse.Warehouse
[2025.11.16-10.57.40:408][694]LogEditorViewport: Clicking on Actor (LMB): StaticMeshActor (Warehouse)
[2025.11.16-10.57.40:625][701]Cmd: OBJ SAVEPACKAGE PACKAGE="/Game/Levels/Main" FILE="../../../../../../Git/Saf/GameUniHack/PixelPerfect/Content/Levels/Main.umap" SILENT=true AUTOSAVING=false KEEPDIRTY=false
[2025.11.16-10.57.40:664][701]LogUObjectHash: Compacting FUObjectHashTables data took   2.15ms
[2025.11.16-10.57.40:708][701]LogSavePackage: Moving '../../../../../../Git/Saf/GameUniHack/PixelPerfect/Saved/Main7E20438A4ECF7CDD56E856BD86AA40F2.tmp' to '../../../../../../Git/Saf/GameUniHack/PixelPerfect/Content/Levels/Main.umap'
[2025.11.16-10.57.40:758][701]AssetCheck: New page: Asset Save: Main
[2025.11.16-10.57.40:758][701]LogContentValidation: Display: Validating World /Game/Levels/Main.Main
[2025.11.16-10.57.42:468][796]AssetReimport: Reimported asset Warehouse from C:/Git/Saf/GameUniHack/PixelPerfect/Content/Assets/Warehouse/Models/Warehouse.fbx.
[2025.11.16-10.57.47:911][ 93]Cmd: OBJ SAVEPACKAGE PACKAGE="/Game/Levels/Main" FILE="../../../../../../Git/Saf/GameUniHack/PixelPerfect/Content/Levels/Main.umap" SILENT=true AUTOSAVING=false KEEPDIRTY=false
[2025.11.16-10.57.47:979][ 93]LogUObjectHash: Compacting FUObjectHashTables data took   2.80ms
[2025.11.16-10.57.48:019][ 93]LogSavePackage: Moving '../../../../../../Git/Saf/GameUniHack/PixelPerfect/Saved/MainC7D71F2A4F92C293A0B7D9908AF3BF66.tmp' to '../../../../../../Git/Saf/GameUniHack/PixelPerfect/Content/Levels/Main.umap'
[2025.11.16-10.57.48:063][ 93]AssetCheck: New page: Asset Save: Main
[2025.11.16-10.57.48:063][ 93]LogContentValidation: Display: Validating World /Game/Levels/Main.Main
[2025.11.16-10.57.48:684][128]LogEditorViewport: Clicking on Component (context menu): StaticMeshComponent (StaticMeshComponent0)
[2025.11.16-10.57.50:007][201]LogEditorViewport: Clicking on Component (LMB): StaticMeshComponent (StaticMeshComponent0)
[2025.11.16-10.57.50:489][229]LogEditorViewport: Clicking on Component (LMB): StaticMeshComponent (StaticMeshComponent0)
[2025.11.16-10.57.53:490][406]LogEditorViewport: Clicking on Actor (LMB): NavMeshBoundsVolume (NavMeshBoundsVolume)
[2025.11.16-10.57.57:144][620]Cmd: OBJ SAVEPACKAGE PACKAGE="/Game/Levels/Main" FILE="../../../../../../Git/Saf/GameUniHack/PixelPerfect/Content/Levels/Main.umap" SILENT=true AUTOSAVING=false KEEPDIRTY=false
[2025.11.16-10.57.57:200][620]LogUObjectHash: Compacting FUObjectHashTables data took   2.37ms
[2025.11.16-10.57.57:237][620]LogSavePackage: Moving '../../../../../../Git/Saf/GameUniHack/PixelPerfect/Saved/MainF2C9852847A53131E0CD17A234B76792.tmp' to '../../../../../../Git/Saf/GameUniHack/PixelPerfect/Content/Levels/Main.umap'
[2025.11.16-10.57.57:276][620]AssetCheck: New page: Asset Save: Main
[2025.11.16-10.57.57:276][620]LogContentValidation: Display: Validating World /Game/Levels/Main.Main
[2025.11.16-10.57.58:028][664]LogEditorViewport: Clicking on Actor (LMB): BP_Sky_Sphere_C (BP_Sky_Sphere)
[2025.11.16-10.57.58:562][692]Cmd: OBJ SAVEPACKAGE PACKAGE="/Game/Levels/Main" FILE="../../../../../../Git/Saf/GameUniHack/PixelPerfect/Content/Levels/Main.umap" SILENT=true AUTOSAVING=false KEEPDIRTY=false
[2025.11.16-10.57.58:599][692]LogUObjectHash: Compacting FUObjectHashTables data took   1.39ms
[2025.11.16-10.57.58:634][692]LogSavePackage: Moving '../../../../../../Git/Saf/GameUniHack/PixelPerfect/Saved/Main671C62754E1F9EF0D75E86B251E5BC59.tmp' to '../../../../../../Git/Saf/GameUniHack/PixelPerfect/Content/Levels/Main.umap'
[2025.11.16-10.57.58:671][692]AssetCheck: New page: Asset Save: Main
[2025.11.16-10.57.58:671][692]LogContentValidation: Display: Validating World /Game/Levels/Main.Main
[2025.11.16-10.58.09:657][329]Cmd: OBJ SAVEPACKAGE PACKAGE="/Game/Levels/Main" FILE="../../../../../../Git/Saf/GameUniHack/PixelPerfect/Content/Levels/Main.umap" SILENT=true AUTOSAVING=false KEEPDIRTY=false
[2025.11.16-10.58.09:697][329]LogUObjectHash: Compacting FUObjectHashTables data took   1.85ms
[2025.11.16-10.58.09:736][329]LogSavePackage: Moving '../../../../../../Git/Saf/GameUniHack/PixelPerfect/Saved/Main2C6A1C8C4D78BD4F9998859D68672670.tmp' to '../../../../../../Git/Saf/GameUniHack/PixelPerfect/Content/Levels/Main.umap'
[2025.11.16-10.58.09:780][329]AssetCheck: New page: Asset Save: Main
[2025.11.16-10.58.09:780][329]LogContentValidation: Display: Validating World /Game/Levels/Main.Main
[2025.11.16-10.58.11:515][432]LogEditorViewport: Clicking on Actor (LMB): ComputerBoss_C (ComputerBoss)
[2025.11.16-10.58.18:595][842]LogEditorViewport: Clicking on Actor (LMB): Gate_C (Gate)
[2025.11.16-10.58.19:863][912]LogEditorViewport: Clicking on Actor (LMB): StaticMeshActor (Warehouse)
[2025.11.16-10.58.24:206][163]LogEditorViewport: Clicking on Actor (LMB): Gate_C (Gate)
[2025.11.16-10.58.42:763][249]Cmd: OBJ SAVEPACKAGE PACKAGE="/Game/Levels/Main" FILE="../../../../../../Git/Saf/GameUniHack/PixelPerfect/Content/Levels/Main.umap" SILENT=true AUTOSAVING=false KEEPDIRTY=false
[2025.11.16-10.58.42:792][249]LogUObjectHash: Compacting FUObjectHashTables data took   1.70ms
[2025.11.16-10.58.42:844][249]LogSavePackage: Moving '../../../../../../Git/Saf/GameUniHack/PixelPerfect/Saved/Main595B2F0C4ED0278DE7271895E25B77B8.tmp' to '../../../../../../Git/Saf/GameUniHack/PixelPerfect/Content/Levels/Main.umap'
[2025.11.16-10.58.42:895][249]AssetCheck: New page: Asset Save: Main
[2025.11.16-10.58.42:895][249]LogContentValidation: Display: Validating World /Game/Levels/Main.Main
[2025.11.16-10.58.47:974][550]LogEditorViewport: Clicking on Actor (LMB): Gate_C (Gate)
[2025.11.16-10.58.51:242][740]Cmd: OBJ SAVEPACKAGE PACKAGE="/Game/Levels/Main" FILE="../../../../../../Git/Saf/GameUniHack/PixelPerfect/Content/Levels/Main.umap" SILENT=true AUTOSAVING=false KEEPDIRTY=false
[2025.11.16-10.58.51:286][740]LogUObjectHash: Compacting FUObjectHashTables data took   2.07ms
[2025.11.16-10.58.51:335][740]LogSavePackage: Moving '../../../../../../Git/Saf/GameUniHack/PixelPerfect/Saved/Main15EF585142F21AD5B0E9EFA1A22303F7.tmp' to '../../../../../../Git/Saf/GameUniHack/PixelPerfect/Content/Levels/Main.umap'
[2025.11.16-10.58.51:419][740]AssetCheck: New page: Asset Save: Main
[2025.11.16-10.58.51:419][740]LogContentValidation: Display: Validating World /Game/Levels/Main.Main
[2025.11.16-10.58.55:676][990]Cmd: OBJ SAVEPACKAGE PACKAGE="/Game/Levels/Main" FILE="../../../../../../Git/Saf/GameUniHack/PixelPerfect/Content/Levels/Main.umap" SILENT=true AUTOSAVING=false KEEPDIRTY=false
[2025.11.16-10.58.55:711][990]LogUObjectHash: Compacting FUObjectHashTables data took   0.60ms
[2025.11.16-10.58.55:748][990]LogSavePackage: Moving '../../../../../../Git/Saf/GameUniHack/PixelPerfect/Saved/Main9231956F4E8D21CEB7A62592089C39BC.tmp' to '../../../../../../Git/Saf/GameUniHack/PixelPerfect/Content/Levels/Main.umap'
[2025.11.16-10.58.55:789][990]AssetCheck: New page: Asset Save: Main
[2025.11.16-10.58.55:789][990]LogContentValidation: Display: Validating World /Game/Levels/Main.Main
[2025.11.16-10.58.57:769][105]LogActorComponent: UnregisterComponent: (/Engine/Transient.EditorFloorComp) Not registered. Aborting.
[2025.11.16-10.58.57:769][105]LogWorld: UWorld::CleanupWorld for World_7, bSessionEnded=true, bCleanupResources=true
[2025.11.16-10.58.57:769][105]LogSlate: InvalidateAllWidgets triggered.  All widgets were invalidated
[2025.11.16-10.58.58:470][142]LogWorld: UWorld::CleanupWorld for World_9, bSessionEnded=true, bCleanupResources=true
[2025.11.16-10.58.58:470][142]LogSlate: InvalidateAllWidgets triggered.  All widgets were invalidated
[2025.11.16-10.58.58:474][142]LogWorld: UWorld::CleanupWorld for World_8, bSessionEnded=true, bCleanupResources=true
[2025.11.16-10.58.58:474][142]LogSlate: InvalidateAllWidgets triggered.  All widgets were invalidated
[2025.11.16-10.58.59:007][170]LogWorld: UWorld::CleanupWorld for World_11, bSessionEnded=true, bCleanupResources=true
[2025.11.16-10.58.59:007][170]LogSlate: InvalidateAllWidgets triggered.  All widgets were invalidated
[2025.11.16-10.58.59:669][195]LogUObjectHash: Compacting FUObjectHashTables data took   3.14ms
[2025.11.16-10.58.59:702][195]TextureStreamingBuild: Display: Compiling optional shaders took 0.000 seconds.
[2025.11.16-10.58.59:751][195]LogUObjectHash: Compacting FUObjectHashTables data took   2.08ms
[2025.11.16-10.58.59:814][195]LogWorld: UWorld::CleanupWorld for World_14, bSessionEnded=true, bCleanupResources=true
[2025.11.16-10.58.59:814][195]LogSlate: InvalidateAllWidgets triggered.  All widgets were invalidated
[2025.11.16-10.59.00:233][217]LogUObjectHash: Compacting FUObjectHashTables data took   1.49ms
[2025.11.16-10.59.00:259][217]TextureStreamingBuild: Display: Compiling optional shaders took 0.000 seconds.
[2025.11.16-10.59.00:289][217]LogUObjectHash: Compacting FUObjectHashTables data took   1.44ms
[2025.11.16-10.59.00:326][217]LogWorld: UWorld::CleanupWorld for World_18, bSessionEnded=true, bCleanupResources=true
[2025.11.16-10.59.00:326][217]LogSlate: InvalidateAllWidgets triggered.  All widgets were invalidated
[2025.11.16-10.59.00:663][235]LogUObjectHash: Compacting FUObjectHashTables data took   1.42ms
[2025.11.16-10.59.00:705][235]TextureStreamingBuild: Display: Compiling optional shaders took 0.000 seconds.
[2025.11.16-10.59.00:734][235]LogUObjectHash: Compacting FUObjectHashTables data took   1.41ms
[2025.11.16-10.59.00:770][235]LogWorld: UWorld::CleanupWorld for World_19, bSessionEnded=true, bCleanupResources=true
[2025.11.16-10.59.00:770][235]LogSlate: InvalidateAllWidgets triggered.  All widgets were invalidated
[2025.11.16-10.59.01:059][250]Cmd: OBJ SAVEPACKAGE PACKAGE="/Game/Levels/Main" FILE="../../../../../../Git/Saf/GameUniHack/PixelPerfect/Content/Levels/Main.umap" SILENT=true AUTOSAVING=false KEEPDIRTY=false
[2025.11.16-10.59.01:096][250]LogUObjectHash: Compacting FUObjectHashTables data took   1.72ms
[2025.11.16-10.59.01:130][250]LogSavePackage: Moving '../../../../../../Git/Saf/GameUniHack/PixelPerfect/Saved/Main53D5AD28429CF8175C036D959E0AAA2B.tmp' to '../../../../../../Git/Saf/GameUniHack/PixelPerfect/Content/Levels/Main.umap'
[2025.11.16-10.59.01:176][250]AssetCheck: New page: Asset Save: Main
[2025.11.16-10.59.01:176][250]LogContentValidation: Display: Validating World /Game/Levels/Main.Main
[2025.11.16-10.59.05:499][503]LogAssetEditorSubsystem: Opening Asset editor for Blueprint /Game/Enemy/Anomaly/ComputerBoss.ComputerBoss
[2025.11.16-10.59.05:838][503]LogSkeletalMesh: USkeletalMeshComponent::InitArticulated : Could not find root physics body: '/Engine/Transient.World_23:PersistentLevel.ComputerBoss_C_0.CharacterMesh0'
[2025.11.16-10.59.17:122][127]LogSkeletalMesh: USkeletalMeshComponent::InitArticulated : Could not find root physics body: '/Engine/Transient.World_23:PersistentLevel.ComputerBoss_C_0.CharacterMesh0'
[2025.11.16-10.59.24:152][541]LogSkeletalMesh: USkeletalMeshComponent::InitArticulated : Could not find root physics body: '/Game/Levels/Main.Main:PersistentLevel.ComputerBoss_2.CharacterMesh0'
[2025.11.16-10.59.24:153][541]LogSkeletalMesh: USkeletalMeshComponent::InitArticulated : Could not find root physics body: '/Engine/Transient.World_23:PersistentLevel.ComputerBoss_C_0.CharacterMesh0'
[2025.11.16-10.59.25:109][594]BlueprintLog: New page: Compile ComputerBoss
[2025.11.16-10.59.25:131][594]LogSkeletalMesh: USkeletalMeshComponent::InitArticulated : Could not find root physics body: '/Game/Levels/Main.Main:PersistentLevel.ComputerBoss_2.CharacterMesh0'
[2025.11.16-10.59.25:132][594]LogSkeletalMesh: USkeletalMeshComponent::InitArticulated : Could not find root physics body: '/Game/Levels/Main.Main:PersistentLevel.ComputerBoss_2.CharacterMesh0'
[2025.11.16-10.59.25:133][594]LogSkeletalMesh: USkeletalMeshComponent::InitArticulated : Could not find root physics body: '/Engine/Transient.World_23:PersistentLevel.ComputerBoss_C_0.CharacterMesh0'
[2025.11.16-10.59.25:133][594]LogSkeletalMesh: USkeletalMeshComponent::InitArticulated : Could not find root physics body: '/Engine/Transient.World_23:PersistentLevel.ComputerBoss_C_0.CharacterMesh0'
[2025.11.16-10.59.25:177][594]LogUObjectHash: Compacting FUObjectHashTables data took   1.90ms
[2025.11.16-10.59.25:182][594]LogSkeletalMesh: USkeletalMeshComponent::InitArticulated : Could not find root physics body: '/Game/Levels/Main.Main:PersistentLevel.ComputerBoss_2.CharacterMesh0'
[2025.11.16-10.59.25:184][594]LogSkeletalMesh: USkeletalMeshComponent::InitArticulated : Could not find root physics body: '/Engine/Transient.World_23:PersistentLevel.ComputerBoss_C_0.CharacterMesh0'
[2025.11.16-10.59.25:190][594]LogSkeletalMesh: USkeletalMeshComponent::InitArticulated : Could not find root physics body: '/Game/Levels/Main.Main:PersistentLevel.ComputerBoss_2.CharacterMesh0'
[2025.11.16-10.59.25:191][594]LogSkeletalMesh: USkeletalMeshComponent::InitArticulated : Could not find root physics body: '/Engine/Transient.World_23:PersistentLevel.ComputerBoss_C_0.CharacterMesh0'
[2025.11.16-10.59.25:520][610]Cmd: OBJ SAVEPACKAGE PACKAGE="/Game/Enemy/Anomaly/ComputerBoss" FILE="../../../../../../Git/Saf/GameUniHack/PixelPerfect/Content/Enemy/Anomaly/ComputerBoss.uasset" SILENT=true
[2025.11.16-10.59.25:559][610]LogSavePackage: Moving '../../../../../../Git/Saf/GameUniHack/PixelPerfect/Saved/ComputerBossB6B5B4874E67D5154340ABB6D090CEC3.tmp' to '../../../../../../Git/Saf/GameUniHack/PixelPerfect/Content/Enemy/Anomaly/ComputerBoss.uasset'
[2025.11.16-10.59.25:579][610]AssetCheck: New page: Asset Save: ComputerBoss
[2025.11.16-10.59.25:579][610]LogContentValidation: Display: Validating Blueprint /Game/Enemy/Anomaly/ComputerBoss.ComputerBoss
[2025.11.16-10.59.27:736][719]LogSkeletalMesh: USkeletalMeshComponent::InitArticulated : Could not find root physics body: '/Game/Levels/Main.Main:PersistentLevel.ComputerBoss_2.CharacterMesh0'
[2025.11.16-10.59.27:737][719]LogSkeletalMesh: USkeletalMeshComponent::InitArticulated : Could not find root physics body: '/Engine/Transient.World_23:PersistentLevel.ComputerBoss_C_0.CharacterMesh0'
[2025.11.16-10.59.28:896][783]BlueprintLog: New page: Compile ComputerBoss
[2025.11.16-10.59.28:910][783]LogSkeletalMesh: USkeletalMeshComponent::InitArticulated : Could not find root physics body: '/Game/Levels/Main.Main:PersistentLevel.ComputerBoss_2.CharacterMesh0'
[2025.11.16-10.59.28:911][783]LogSkeletalMesh: USkeletalMeshComponent::InitArticulated : Could not find root physics body: '/Game/Levels/Main.Main:PersistentLevel.ComputerBoss_2.CharacterMesh0'
[2025.11.16-10.59.28:911][783]LogSkeletalMesh: USkeletalMeshComponent::InitArticulated : Could not find root physics body: '/Engine/Transient.World_23:PersistentLevel.ComputerBoss_C_0.CharacterMesh0'
[2025.11.16-10.59.28:912][783]LogSkeletalMesh: USkeletalMeshComponent::InitArticulated : Could not find root physics body: '/Engine/Transient.World_23:PersistentLevel.ComputerBoss_C_0.CharacterMesh0'
[2025.11.16-10.59.28:959][783]LogUObjectHash: Compacting FUObjectHashTables data took   2.80ms
[2025.11.16-10.59.28:962][783]LogSkeletalMesh: USkeletalMeshComponent::InitArticulated : Could not find root physics body: '/Game/Levels/Main.Main:PersistentLevel.ComputerBoss_2.CharacterMesh0'
[2025.11.16-10.59.28:963][783]LogSkeletalMesh: USkeletalMeshComponent::InitArticulated : Could not find root physics body: '/Engine/Transient.World_23:PersistentLevel.ComputerBoss_C_0.CharacterMesh0'
[2025.11.16-10.59.28:971][783]LogSkeletalMesh: USkeletalMeshComponent::InitArticulated : Could not find root physics body: '/Game/Levels/Main.Main:PersistentLevel.ComputerBoss_2.CharacterMesh0'
[2025.11.16-10.59.28:971][783]LogSkeletalMesh: USkeletalMeshComponent::InitArticulated : Could not find root physics body: '/Engine/Transient.World_23:PersistentLevel.ComputerBoss_C_0.CharacterMesh0'
[2025.11.16-10.59.29:196][793]Cmd: OBJ SAVEPACKAGE PACKAGE="/Game/Enemy/Anomaly/ComputerBoss" FILE="../../../../../../Git/Saf/GameUniHack/PixelPerfect/Content/Enemy/Anomaly/ComputerBoss.uasset" SILENT=true
[2025.11.16-10.59.29:230][793]LogSavePackage: Moving '../../../../../../Git/Saf/GameUniHack/PixelPerfect/Saved/ComputerBoss250D2D27490D3D6F34A3D2A55FBC403C.tmp' to '../../../../../../Git/Saf/GameUniHack/PixelPerfect/Content/Enemy/Anomaly/ComputerBoss.uasset'
[2025.11.16-10.59.29:259][793]AssetCheck: New page: Asset Save: ComputerBoss
[2025.11.16-10.59.29:259][793]LogContentValidation: Display: Validating Blueprint /Game/Enemy/Anomaly/ComputerBoss.ComputerBoss
[2025.11.16-10.59.35:616][160]Cmd: OBJ SAVEPACKAGE PACKAGE="/Game/Levels/Main" FILE="../../../../../../Git/Saf/GameUniHack/PixelPerfect/Content/Levels/Main.umap" SILENT=true AUTOSAVING=false KEEPDIRTY=false
[2025.11.16-10.59.35:652][160]LogUObjectHash: Compacting FUObjectHashTables data took   2.82ms
[2025.11.16-10.59.35:689][160]LogSavePackage: Moving '../../../../../../Git/Saf/GameUniHack/PixelPerfect/Saved/Main6F8E52684B6691C97D09B2BDF7CAA5C2.tmp' to '../../../../../../Git/Saf/GameUniHack/PixelPerfect/Content/Levels/Main.umap'
[2025.11.16-10.59.35:737][160]AssetCheck: New page: Asset Save: Main
[2025.11.16-10.59.35:737][160]LogContentValidation: Display: Validating World /Game/Levels/Main.Main
[2025.11.16-10.59.46:998][807]LogAssetEditorSubsystem: Opening Asset editor for WidgetBlueprint /Game/UI/Camera_Widget.Camera_Widget
[2025.11.16-10.59.51:412][ 40]LogAssetEditorSubsystem: Opening Asset editor for WidgetBlueprint /Game/UI/Hud.Hud
[2025.11.16-11.00.00:078][519]LogAssetEditorSubsystem: Opening Asset editor for Blueprint /Game/Player/BP_Player.BP_Player
[2025.11.16-11.00.21:590][764]Cmd: OBJ SAVEPACKAGE PACKAGE="/Game/Levels/Main" FILE="../../../../../../Git/Saf/GameUniHack/PixelPerfect/Content/Levels/Main.umap" SILENT=true AUTOSAVING=false KEEPDIRTY=false
[2025.11.16-11.00.21:625][764]LogUObjectHash: Compacting FUObjectHashTables data took   1.58ms
[2025.11.16-11.00.21:661][764]LogSavePackage: Moving '../../../../../../Git/Saf/GameUniHack/PixelPerfect/Saved/MainD24AAF8E49A071A70655319EF79B4E36.tmp' to '../../../../../../Git/Saf/GameUniHack/PixelPerfect/Content/Levels/Main.umap'
[2025.11.16-11.00.21:705][764]AssetCheck: New page: Asset Save: Main
[2025.11.16-11.00.21:706][764]LogContentValidation: Display: Validating World /Game/Levels/Main.Main
[2025.11.16-11.00.34:478][504]LogAssetEditorSubsystem: Opening Asset editor for Blueprint /Game/Cameras/TopDownCamera.TopDownCamera
[2025.11.16-11.00.56:644][761]LogAssetEditorSubsystem: Opening Asset editor for Blueprint /Game/Cameras/TriggerBox.TriggerBox
[2025.11.16-11.01.18:668][ 27]BlueprintLog: New page: Compile BP_Player
[2025.11.16-11.01.18:768][ 27]LogUObjectHash: Compacting FUObjectHashTables data took   3.02ms
[2025.11.16-11.01.18:991][ 30]Cmd: OBJ SAVEPACKAGE PACKAGE="/Game/Player/BP_Player" FILE="../../../../../../Git/Saf/GameUniHack/PixelPerfect/Content/Player/BP_Player.uasset" SILENT=true
[2025.11.16-11.01.19:045][ 30]LogSavePackage: Moving '../../../../../../Git/Saf/GameUniHack/PixelPerfect/Saved/BP_PlayerB979D0FE487C2B5649DECCAC68595037.tmp' to '../../../../../../Git/Saf/GameUniHack/PixelPerfect/Content/Player/BP_Player.uasset'
[2025.11.16-11.01.19:070][ 30]AssetCheck: New page: Asset Save: BP_Player
[2025.11.16-11.01.19:070][ 30]LogContentValidation: Display: Validating Blueprint /Game/Player/BP_Player.BP_Player
[2025.11.16-11.01.34:877][933]BlueprintLog: New page: Compile BP_Player
[2025.11.16-11.01.34:952][933]LogUObjectHash: Compacting FUObjectHashTables data took   1.93ms
[2025.11.16-11.01.35:277][945]Cmd: OBJ SAVEPACKAGE PACKAGE="/Game/Player/BP_Player" FILE="../../../../../../Git/Saf/GameUniHack/PixelPerfect/Content/Player/BP_Player.uasset" SILENT=true
[2025.11.16-11.01.35:326][945]LogSavePackage: Moving '../../../../../../Git/Saf/GameUniHack/PixelPerfect/Saved/BP_Player476FD4464CD9CE0061976BB2AA81204A.tmp' to '../../../../../../Git/Saf/GameUniHack/PixelPerfect/Content/Player/BP_Player.uasset'
[2025.11.16-11.01.35:340][945]AssetCheck: New page: Asset Save: BP_Player
[2025.11.16-11.01.35:340][945]LogContentValidation: Display: Validating Blueprint /Game/Player/BP_Player.BP_Player
[2025.11.16-11.01.43:459][393]LogEditorTransaction: Undo Delete current selection
[2025.11.16-11.01.45:020][461]LogEditorTransaction: Undo Delete current selection
[2025.11.16-11.01.47:157][573]BlueprintLog: New page: Compile BP_Player
[2025.11.16-11.01.47:236][573]LogUObjectHash: Compacting FUObjectHashTables data took   2.04ms
[2025.11.16-11.01.47:547][584]Cmd: OBJ SAVEPACKAGE PACKAGE="/Game/Player/BP_Player" FILE="../../../../../../Git/Saf/GameUniHack/PixelPerfect/Content/Player/BP_Player.uasset" SILENT=true
[2025.11.16-11.01.47:591][584]LogSavePackage: Moving '../../../../../../Git/Saf/GameUniHack/PixelPerfect/Saved/BP_Player09E53FE848116DBF697534807DA04E5E.tmp' to '../../../../../../Git/Saf/GameUniHack/PixelPerfect/Content/Player/BP_Player.uasset'
[2025.11.16-11.01.47:610][584]AssetCheck: New page: Asset Save: BP_Player
[2025.11.16-11.01.47:610][584]LogContentValidation: Display: Validating Blueprint /Game/Player/BP_Player.BP_Player
[2025.11.16-11.01.54:607][976]BlueprintLog: New page: Compile BP_Player
[2025.11.16-11.01.54:621][976]LogBlueprint: Warning: [Compiler BP_Player] Could not find a variable named "PawnToPosses" in 'BP_Player_C'.
Make sure 'BP_Player_C' has been compiled for  Get PawnToPosses
[2025.11.16-11.01.54:621][976]LogBlueprint: Warning: [Compiler BP_Player] Could not find a variable named "PawnToPosses" in 'BP_Player_C'.
Make sure 'BP_Player_C' has been compiled for  Get PawnToPosses
[2025.11.16-11.01.54:623][976]LogBlueprint: Error: [Compiler BP_Player] The property associated with  Pawn to Posses  could not be found in '/Game/Player/BP_Player.BP_Player_C'
[2025.11.16-11.01.54:623][976]LogBlueprint: Error: [Compiler BP_Player] The property associated with  Pawn to Posses  could not be found in '/Game/Player/BP_Player.BP_Player_C'
[2025.11.16-11.01.54:681][976]LogUObjectHash: Compacting FUObjectHashTables data took   2.52ms
[2025.11.16-11.01.55:018][989]Cmd: OBJ SAVEPACKAGE PACKAGE="/Game/Player/BP_Player" FILE="../../../../../../Git/Saf/GameUniHack/PixelPerfect/Content/Player/BP_Player.uasset" SILENT=true
[2025.11.16-11.01.55:077][989]LogSavePackage: Moving '../../../../../../Git/Saf/GameUniHack/PixelPerfect/Saved/BP_Player4961A28144C1BE9618643DA7C1998F5F.tmp' to '../../../../../../Git/Saf/GameUniHack/PixelPerfect/Content/Player/BP_Player.uasset'
[2025.11.16-11.01.55:104][989]AssetCheck: New page: Asset Save: BP_Player
[2025.11.16-11.01.55:104][989]LogContentValidation: Display: Validating Blueprint /Game/Player/BP_Player.BP_Player
[2025.11.16-11.02.01:304][341]BlueprintLog: New page: Compile BP_Player
[2025.11.16-11.02.01:320][341]LogBlueprint: Warning: [Compiler BP_Player] Could not find a variable named "PawnToPosses" in 'BP_Player_C'.
Make sure 'BP_Player_C' has been compiled for  Get PawnToPosses
[2025.11.16-11.02.01:323][341]LogBlueprint: Error: [Compiler BP_Player] The property associated with  Pawn to Posses  could not be found in '/Game/Player/BP_Player.BP_Player_C'
[2025.11.16-11.02.01:391][341]LogUObjectHash: Compacting FUObjectHashTables data took   2.10ms
[2025.11.16-11.02.01:679][350]Cmd: OBJ SAVEPACKAGE PACKAGE="/Game/Player/BP_Player" FILE="../../../../../../Git/Saf/GameUniHack/PixelPerfect/Content/Player/BP_Player.uasset" SILENT=true
[2025.11.16-11.02.01:726][350]LogSavePackage: Moving '../../../../../../Git/Saf/GameUniHack/PixelPerfect/Saved/BP_PlayerC4C9E5A14AE016310285D3A369F593DF.tmp' to '../../../../../../Git/Saf/GameUniHack/PixelPerfect/Content/Player/BP_Player.uasset'
[2025.11.16-11.02.01:759][350]AssetCheck: New page: Asset Save: BP_Player
[2025.11.16-11.02.01:759][350]LogContentValidation: Display: Validating Blueprint /Game/Player/BP_Player.BP_Player
[2025.11.16-11.02.05:308][557]BlueprintLog: New page: Compile BP_Player
[2025.11.16-11.02.05:376][557]LogUObjectHash: Compacting FUObjectHashTables data took   1.98ms
[2025.11.16-11.02.05:679][568]Cmd: OBJ SAVEPACKAGE PACKAGE="/Game/Player/BP_Player" FILE="../../../../../../Git/Saf/GameUniHack/PixelPerfect/Content/Player/BP_Player.uasset" SILENT=true
[2025.11.16-11.02.05:727][568]LogSavePackage: Moving '../../../../../../Git/Saf/GameUniHack/PixelPerfect/Saved/BP_PlayerE149CAED4D894BDC3BF3DEBB2228E37A.tmp' to '../../../../../../Git/Saf/GameUniHack/PixelPerfect/Content/Player/BP_Player.uasset'
[2025.11.16-11.02.05:751][568]AssetCheck: New page: Asset Save: BP_Player
[2025.11.16-11.02.05:751][568]LogContentValidation: Display: Validating Blueprint /Game/Player/BP_Player.BP_Player
[2025.11.16-11.02.23:033][538]BlueprintLog: New page: Compile BP_Player
[2025.11.16-11.02.23:122][538]LogUObjectHash: Compacting FUObjectHashTables data took   2.17ms
[2025.11.16-11.02.23:372][546]Cmd: OBJ SAVEPACKAGE PACKAGE="/Game/Player/BP_Player" FILE="../../../../../../Git/Saf/GameUniHack/PixelPerfect/Content/Player/BP_Player.uasset" SILENT=true
[2025.11.16-11.02.23:418][546]LogSavePackage: Moving '../../../../../../Git/Saf/GameUniHack/PixelPerfect/Saved/BP_PlayerD785ACDC44D6BEFF4B0722A7045AAEDB.tmp' to '../../../../../../Git/Saf/GameUniHack/PixelPerfect/Content/Player/BP_Player.uasset'
[2025.11.16-11.02.23:437][546]AssetCheck: New page: Asset Save: BP_Player
[2025.11.16-11.02.23:437][546]LogContentValidation: Display: Validating Blueprint /Game/Player/BP_Player.BP_Player
[2025.11.16-11.02.31:648][  7]BlueprintLog: New page: Compile BP_Player
[2025.11.16-11.02.31:726][  7]LogUObjectHash: Compacting FUObjectHashTables data took   2.36ms
[2025.11.16-11.02.31:974][ 14]Cmd: OBJ SAVEPACKAGE PACKAGE="/Game/Player/BP_Player" FILE="../../../../../../Git/Saf/GameUniHack/PixelPerfect/Content/Player/BP_Player.uasset" SILENT=true
[2025.11.16-11.02.32:020][ 14]LogSavePackage: Moving '../../../../../../Git/Saf/GameUniHack/PixelPerfect/Saved/BP_Player1E844AAC421F7A5670EEE1931DB71613.tmp' to '../../../../../../Git/Saf/GameUniHack/PixelPerfect/Content/Player/BP_Player.uasset'
[2025.11.16-11.02.32:039][ 14]AssetCheck: New page: Asset Save: BP_Player
[2025.11.16-11.02.32:039][ 14]LogContentValidation: Display: Validating Blueprint /Game/Player/BP_Player.BP_Player
[2025.11.16-11.02.32:513][ 40]LogSlate: Prevented a slow task dialog from being summoned while a context menu was open
[2025.11.16-11.02.36:711][178]BlueprintLog: New page: Compile BP_Player
[2025.11.16-11.02.36:801][178]LogUObjectHash: Compacting FUObjectHashTables data took   1.96ms
[2025.11.16-11.02.37:046][184]Cmd: OBJ SAVEPACKAGE PACKAGE="/Game/Player/BP_Player" FILE="../../../../../../Git/Saf/GameUniHack/PixelPerfect/Content/Player/BP_Player.uasset" SILENT=true
[2025.11.16-11.02.37:098][184]LogSavePackage: Moving '../../../../../../Git/Saf/GameUniHack/PixelPerfect/Saved/BP_PlayerC873CA9C49159BCD496B1E91F2E78EDE.tmp' to '../../../../../../Git/Saf/GameUniHack/PixelPerfect/Content/Player/BP_Player.uasset'
[2025.11.16-11.02.37:120][184]AssetCheck: New page: Asset Save: BP_Player
[2025.11.16-11.02.37:120][184]LogContentValidation: Display: Validating Blueprint /Game/Player/BP_Player.BP_Player
[2025.11.16-11.02.44:593][607]BlueprintLog: New page: Compile BP_Player
[2025.11.16-11.02.44:676][607]LogUObjectHash: Compacting FUObjectHashTables data took   1.89ms
[2025.11.16-11.02.44:940][614]Cmd: OBJ SAVEPACKAGE PACKAGE="/Game/Player/BP_Player" FILE="../../../../../../Git/Saf/GameUniHack/PixelPerfect/Content/Player/BP_Player.uasset" SILENT=true
[2025.11.16-11.02.44:988][614]LogSavePackage: Moving '../../../../../../Git/Saf/GameUniHack/PixelPerfect/Saved/BP_Player537E5E8C4FA83D6A95D2BB81ED9E4163.tmp' to '../../../../../../Git/Saf/GameUniHack/PixelPerfect/Content/Player/BP_Player.uasset'
[2025.11.16-11.02.45:011][614]AssetCheck: New page: Asset Save: BP_Player
[2025.11.16-11.02.45:011][614]LogContentValidation: Display: Validating Blueprint /Game/Player/BP_Player.BP_Player
[2025.11.16-11.03.04:658][723]BlueprintLog: New page: Compile BP_Player
[2025.11.16-11.03.04:734][723]LogUObjectHash: Compacting FUObjectHashTables data took   1.96ms
[2025.11.16-11.03.04:965][728]Cmd: OBJ SAVEPACKAGE PACKAGE="/Game/Player/BP_Player" FILE="../../../../../../Git/Saf/GameUniHack/PixelPerfect/Content/Player/BP_Player.uasset" SILENT=true
[2025.11.16-11.03.05:016][728]LogSavePackage: Moving '../../../../../../Git/Saf/GameUniHack/PixelPerfect/Saved/BP_PlayerE399D6F143FB2165739F0889A0E98BB7.tmp' to '../../../../../../Git/Saf/GameUniHack/PixelPerfect/Content/Player/BP_Player.uasset'
[2025.11.16-11.03.05:042][728]AssetCheck: New page: Asset Save: BP_Player
[2025.11.16-11.03.05:043][728]LogContentValidation: Display: Validating Blueprint /Game/Player/BP_Player.BP_Player
[2025.11.16-11.03.05:247][739]Cmd: OBJ SAVEPACKAGE PACKAGE="/Game/Player/BP_Player" FILE="../../../../../../Git/Saf/GameUniHack/PixelPerfect/Content/Player/BP_Player.uasset" SILENT=true
[2025.11.16-11.03.05:298][739]LogSavePackage: Moving '../../../../../../Git/Saf/GameUniHack/PixelPerfect/Saved/BP_PlayerF8749D42403A32686FF2EBA869220AA9.tmp' to '../../../../../../Git/Saf/GameUniHack/PixelPerfect/Content/Player/BP_Player.uasset'
[2025.11.16-11.03.05:316][739]AssetCheck: New page: Asset Save: BP_Player
[2025.11.16-11.03.05:316][739]LogContentValidation: Display: Validating Blueprint /Game/Player/BP_Player.BP_Player
[2025.11.16-11.03.05:556][751]Cmd: OBJ SAVEPACKAGE PACKAGE="/Game/Player/BP_Player" FILE="../../../../../../Git/Saf/GameUniHack/PixelPerfect/Content/Player/BP_Player.uasset" SILENT=true
[2025.11.16-11.03.05:609][751]LogSavePackage: Moving '../../../../../../Git/Saf/GameUniHack/PixelPerfect/Saved/BP_PlayerF2D916D94511D9F7C42BCDAA3E3AC721.tmp' to '../../../../../../Git/Saf/GameUniHack/PixelPerfect/Content/Player/BP_Player.uasset'
[2025.11.16-11.03.05:636][751]AssetCheck: New page: Asset Save: BP_Player
[2025.11.16-11.03.05:636][751]LogContentValidation: Display: Validating Blueprint /Game/Player/BP_Player.BP_Player
[2025.11.16-11.03.06:944][827]Cmd: OBJ SAVEPACKAGE PACKAGE="/Game/Levels/Main" FILE="../../../../../../Git/Saf/GameUniHack/PixelPerfect/Content/Levels/Main.umap" SILENT=true AUTOSAVING=false KEEPDIRTY=false
[2025.11.16-11.03.06:985][827]LogUObjectHash: Compacting FUObjectHashTables data took   2.64ms
[2025.11.16-11.03.07:020][827]LogSavePackage: Moving '../../../../../../Git/Saf/GameUniHack/PixelPerfect/Saved/Main2477E342453614C4292968B43379DADF.tmp' to '../../../../../../Git/Saf/GameUniHack/PixelPerfect/Content/Levels/Main.umap'
[2025.11.16-11.03.07:058][827]AssetCheck: New page: Asset Save: Main
[2025.11.16-11.03.07:058][827]LogContentValidation: Display: Validating World /Game/Levels/Main.Main
[2025.11.16-11.03.08:041][885]LogTemp: Repeating last play command: Selected Viewport
[2025.11.16-11.03.08:059][885]LogPlayLevel: PlayLevel: No blueprints needed recompiling
[2025.11.16-11.03.08:059][885]PIE: New page: PIE session: Main (Nov 16, 2025, 3:03:08 PM)
[2025.11.16-11.03.08:059][885]LogPlayLevel: Creating play world package: /Game/Levels/UEDPIE_0_Main
[2025.11.16-11.03.08:063][885]LogPlayLevel: PIE: StaticDuplicateObject took: (0.004373s)
[2025.11.16-11.03.08:064][885]LogAIModule: Creating AISystem for world Main
[2025.11.16-11.03.08:064][885]LogAISub: UAISubsystem::UAISubsystem EnvQueryManager (000002220A79E400), frame # 115885
[2025.11.16-11.03.08:064][885]LogAISub: UAISubsystem::UAISubsystem AIPerceptionSystem (00000221D774B240), frame # 115885
[2025.11.16-11.03.08:064][885]LogPlayLevel: PIE: World Init took: (0.001201s)
[2025.11.16-11.03.08:064][885]LogPlayLevel: PIE: Created PIE world by copying editor world from /Game/Levels/Main.Main to /Game/Levels/UEDPIE_0_Main.Main (0.005681s)
[2025.11.16-11.03.08:104][885]LogUObjectHash: Compacting FUObjectHashTables data took   1.64ms
[2025.11.16-11.03.08:105][885]LogAudioMixer: Display: Audio Mixer Platform Settings:
[2025.11.16-11.03.08:105][885]LogAudioMixer: Display: 	Sample Rate:						  48000
[2025.11.16-11.03.08:105][885]LogAudioMixer: Display: 	Callback Buffer Frame Size Requested: 1024
[2025.11.16-11.03.08:105][885]LogAudioMixer: Display: 	Callback Buffer Frame Size To Use:	  1024
[2025.11.16-11.03.08:105][885]LogAudioMixer: Display: 	Number of buffers to queue:			  2
[2025.11.16-11.03.08:105][885]LogAudioMixer: Display: 	Max Channels (voices):				  32
[2025.11.16-11.03.08:105][885]LogAudioMixer: Display: 	Number of Async Source Workers:		  0
[2025.11.16-11.03.08:105][885]LogAudio: Display: AudioDevice MaxSources: 32
[2025.11.16-11.03.08:105][885]LogAudio: Display: Using built-in audio occlusion.
[2025.11.16-11.03.08:105][885]LogAudioMixer: Display: Initializing audio mixer.
[2025.11.16-11.03.08:109][885]LogAudioMixer: Display: 0: FrontLeft
[2025.11.16-11.03.08:109][885]LogAudioMixer: Display: 1: FrontRight
[2025.11.16-11.03.08:122][885]LogAudioMixer: Display: Using Audio Device FxSound Speakers (FxSound Audio Enhancer)
[2025.11.16-11.03.08:122][885]LogAudioMixer: Display: Initializing Sound Submixes...
[2025.11.16-11.03.08:122][885]LogAudioMixer: Display: Creating Master Submix 'MasterSubmixDefault'
[2025.11.16-11.03.08:122][885]LogAudioMixer: Display: Creating Master Submix 'MasterReverbSubmixDefault'
[2025.11.16-11.03.08:123][885]LogAudioMixer: Display: Creating Master Submix 'MasterEQSubmixDefault'
[2025.11.16-11.03.08:138][885]LogInit: FAudioDevice initialized.
[2025.11.16-11.03.08:151][885]LogLoad: Game class is 'PlayerGameModeBase_C'
[2025.11.16-11.03.08:153][885]LogSkeletalMesh: USkeletalMeshComponent::InitArticulated : Could not find root physics body: '/Game/Levels/UEDPIE_0_Main.Main:PersistentLevel.Phone_2.CharacterMesh0'
[2025.11.16-11.03.08:153][885]LogSkeletalMesh: USkeletalMeshComponent::InitArticulated : Could not find root physics body: '/Game/Levels/UEDPIE_0_Main.Main:PersistentLevel.ComputerBoss_2.CharacterMesh0'
[2025.11.16-11.03.08:153][885]LogWorld: Bringing World /Game/Levels/UEDPIE_0_Main.Main up for play (max tick rate 60) at 2025.11.16-13.03.08
[2025.11.16-11.03.08:154][885]LogWorld: Bringing up level for play took: 0.002806
[2025.11.16-11.03.08:154][885]LogOnline: OSS: Creating online subsystem instance for: :Context_46
[2025.11.16-11.03.08:159][885]PIE: Server logged in
[2025.11.16-11.03.08:160][885]PIE: Play in editor total start time 0.102 seconds.
[2025.11.16-11.03.10:992][ 52]LogBlueprintUserMessages: [TopDownCamera_2] Hello
[2025.11.16-11.03.14:945][289]LogBlueprintUserMessages: [TopDownCamera_2] Hello
[2025.11.16-11.03.31:905][305]LogSlate: Updating window title bar state: overlay mode, drag disabled, window buttons hidden, title bar hidden
[2025.11.16-11.03.31:905][305]LogWorld: BeginTearingDown for /Game/Levels/UEDPIE_0_Main
[2025.11.16-11.03.31:905][305]LogWorld: UWorld::CleanupWorld for Main, bSessionEnded=true, bCleanupResources=true
[2025.11.16-11.03.31:906][305]LogSlate: InvalidateAllWidgets triggered.  All widgets were invalidated
[2025.11.16-11.03.31:915][305]LogPlayLevel: Display: Shutting down PIE online subsystems
[2025.11.16-11.03.31:918][305]LogSlate: InvalidateAllWidgets triggered.  All widgets were invalidated
[2025.11.16-11.03.31:964][305]LogSlate: Updating window title bar state: overlay mode, drag disabled, window buttons hidden, title bar hidden
[2025.11.16-11.03.31:965][305]LogAISub: UAISubsystem::~UAISubsystem AIPerceptionSystem (00000221D774B240), frame # 117305
[2025.11.16-11.03.31:965][305]LogAISub: UAISubsystem::~UAISubsystem EnvQueryManager (000002220A79E400), frame # 117305
[2025.11.16-11.03.31:967][305]LogUObjectHash: Compacting FUObjectHashTables data took   1.54ms
[2025.11.16-11.03.31:999][306]LogPlayLevel: Display: Destroying online subsystem :Context_46
[2025.11.16-11.03.59:360][851]Cmd: OBJ SAVEPACKAGE PACKAGE="/Game/Levels/Main" FILE="../../../../../../Git/Saf/GameUniHack/PixelPerfect/Content/Levels/Main.umap" SILENT=true AUTOSAVING=false KEEPDIRTY=false
[2025.11.16-11.03.59:405][851]LogUObjectHash: Compacting FUObjectHashTables data took   1.73ms
[2025.11.16-11.03.59:457][851]LogSavePackage: Moving '../../../../../../Git/Saf/GameUniHack/PixelPerfect/Saved/Main50BA6A73408347658EF42DBEE6FE8FBB.tmp' to '../../../../../../Git/Saf/GameUniHack/PixelPerfect/Content/Levels/Main.umap'
[2025.11.16-11.03.59:496][851]AssetCheck: New page: Asset Save: Main
[2025.11.16-11.03.59:496][851]LogContentValidation: Display: Validating World /Game/Levels/Main.Main
[2025.11.16-11.04.00:495][909]LogTemp: Repeating last play command: Selected Viewport
[2025.11.16-11.04.00:512][909]LogPlayLevel: PlayLevel: No blueprints needed recompiling
[2025.11.16-11.04.00:513][909]PIE: New page: PIE session: Main (Nov 16, 2025, 3:04:00 PM)
[2025.11.16-11.04.00:513][909]LogPlayLevel: Creating play world package: /Game/Levels/UEDPIE_0_Main
[2025.11.16-11.04.00:518][909]LogPlayLevel: PIE: StaticDuplicateObject took: (0.005656s)
[2025.11.16-11.04.00:519][909]LogAIModule: Creating AISystem for world Main
[2025.11.16-11.04.00:519][909]LogAISub: UAISubsystem::UAISubsystem EnvQueryManager (000002220B391C00), frame # 118909
[2025.11.16-11.04.00:519][909]LogAISub: UAISubsystem::UAISubsystem AIPerceptionSystem (00000221B96A0E00), frame # 118909
[2025.11.16-11.04.00:520][909]LogPlayLevel: PIE: World Init took: (0.001120s)
[2025.11.16-11.04.00:520][909]LogPlayLevel: PIE: Created PIE world by copying editor world from /Game/Levels/Main.Main to /Game/Levels/UEDPIE_0_Main.Main (0.006890s)
[2025.11.16-11.04.00:553][909]LogUObjectHash: Compacting FUObjectHashTables data took   1.39ms
[2025.11.16-11.04.00:554][909]LogAudioMixer: Display: Audio Mixer Platform Settings:
[2025.11.16-11.04.00:554][909]LogAudioMixer: Display: 	Sample Rate:						  48000
[2025.11.16-11.04.00:554][909]LogAudioMixer: Display: 	Callback Buffer Frame Size Requested: 1024
[2025.11.16-11.04.00:554][909]LogAudioMixer: Display: 	Callback Buffer Frame Size To Use:	  1024
[2025.11.16-11.04.00:554][909]LogAudioMixer: Display: 	Number of buffers to queue:			  2
[2025.11.16-11.04.00:554][909]LogAudioMixer: Display: 	Max Channels (voices):				  32
[2025.11.16-11.04.00:554][909]LogAudioMixer: Display: 	Number of Async Source Workers:		  0
[2025.11.16-11.04.00:554][909]LogAudio: Display: AudioDevice MaxSources: 32
[2025.11.16-11.04.00:555][909]LogAudio: Display: Using built-in audio occlusion.
[2025.11.16-11.04.00:555][909]LogAudioMixer: Display: Initializing audio mixer.
[2025.11.16-11.04.00:558][909]LogAudioMixer: Display: 0: FrontLeft
[2025.11.16-11.04.00:558][909]LogAudioMixer: Display: 1: FrontRight
[2025.11.16-11.04.00:568][909]LogAudioMixer: Display: Using Audio Device FxSound Speakers (FxSound Audio Enhancer)
[2025.11.16-11.04.00:569][909]LogAudioMixer: Display: Initializing Sound Submixes...
[2025.11.16-11.04.00:569][909]LogAudioMixer: Display: Creating Master Submix 'MasterSubmixDefault'
[2025.11.16-11.04.00:569][909]LogAudioMixer: Display: Creating Master Submix 'MasterReverbSubmixDefault'
[2025.11.16-11.04.00:570][909]LogAudioMixer: Display: Creating Master Submix 'MasterEQSubmixDefault'
[2025.11.16-11.04.00:588][909]LogInit: FAudioDevice initialized.
[2025.11.16-11.04.00:594][909]LogLoad: Game class is 'PlayerGameModeBase_C'
[2025.11.16-11.04.00:596][909]LogSkeletalMesh: USkeletalMeshComponent::InitArticulated : Could not find root physics body: '/Game/Levels/UEDPIE_0_Main.Main:PersistentLevel.Phone_2.CharacterMesh0'
[2025.11.16-11.04.00:596][909]LogSkeletalMesh: USkeletalMeshComponent::InitArticulated : Could not find root physics body: '/Game/Levels/UEDPIE_0_Main.Main:PersistentLevel.ComputerBoss_2.CharacterMesh0'
[2025.11.16-11.04.00:596][909]LogWorld: Bringing World /Game/Levels/UEDPIE_0_Main.Main up for play (max tick rate 60) at 2025.11.16-13.04.00
[2025.11.16-11.04.00:597][909]LogWorld: Bringing up level for play took: 0.002093
[2025.11.16-11.04.00:599][909]LogOnline: OSS: Creating online subsystem instance for: :Context_47
[2025.11.16-11.04.00:602][909]PIE: Server logged in
[2025.11.16-11.04.00:602][909]PIE: Play in editor total start time 0.091 seconds.
[2025.11.16-11.04.15:266][782]LogSlate: Updating window title bar state: overlay mode, drag disabled, window buttons hidden, title bar hidden
[2025.11.16-11.04.15:266][782]LogWorld: BeginTearingDown for /Game/Levels/UEDPIE_0_Main
[2025.11.16-11.04.15:266][782]LogWorld: UWorld::CleanupWorld for Main, bSessionEnded=true, bCleanupResources=true
[2025.11.16-11.04.15:267][782]LogSlate: InvalidateAllWidgets triggered.  All widgets were invalidated
[2025.11.16-11.04.15:292][782]LogPlayLevel: Display: Shutting down PIE online subsystems
[2025.11.16-11.04.15:296][782]LogSlate: InvalidateAllWidgets triggered.  All widgets were invalidated
[2025.11.16-11.04.15:364][782]LogSlate: Updating window title bar state: overlay mode, drag disabled, window buttons hidden, title bar hidden
[2025.11.16-11.04.15:366][782]LogAISub: UAISubsystem::~UAISubsystem AIPerceptionSystem (00000221B96A0E00), frame # 119782
[2025.11.16-11.04.15:366][782]LogAISub: UAISubsystem::~UAISubsystem EnvQueryManager (000002220B391C00), frame # 119782
[2025.11.16-11.04.15:368][782]LogUObjectHash: Compacting FUObjectHashTables data took   1.73ms
[2025.11.16-11.04.15:398][783]LogPlayLevel: Display: Destroying online subsystem :Context_47
[2025.11.16-11.04.15:947][810]Cmd: OBJ SAVEPACKAGE PACKAGE="/Game/Levels/Main" FILE="../../../../../../Git/Saf/GameUniHack/PixelPerfect/Content/Levels/Main.umap" SILENT=true AUTOSAVING=false KEEPDIRTY=false
[2025.11.16-11.04.15:990][810]LogUObjectHash: Compacting FUObjectHashTables data took   0.80ms
[2025.11.16-11.04.16:026][810]LogSavePackage: Moving '../../../../../../Git/Saf/GameUniHack/PixelPerfect/Saved/MainFDF7FB1248378D0F4079F7A1D005C9E8.tmp' to '../../../../../../Git/Saf/GameUniHack/PixelPerfect/Content/Levels/Main.umap'
[2025.11.16-11.04.16:063][810]AssetCheck: New page: Asset Save: Main
[2025.11.16-11.04.16:063][810]LogContentValidation: Display: Validating World /Game/Levels/Main.Main
[2025.11.16-11.04.32:136][621]LogSlate: Warning: Slate: Had to block on waiting for a draw buffer
[2025.11.16-11.04.33:053][621]LogSlate: Window 'Pick Parent Class' being destroyed
[2025.11.16-11.04.36:308][809]LogAssetEditorSubsystem: Opening Asset editor for Blueprint /Game/Cameras/ye.ye
[2025.11.16-11.04.38:679][910]LogSlate: Window 'ye' being destroyed
[2025.11.16-11.04.39:778][974]LogWorld: UWorld::CleanupWorld for World_30, bSessionEnded=true, bCleanupResources=true
[2025.11.16-11.04.39:778][974]LogSlate: InvalidateAllWidgets triggered.  All widgets were invalidated
[2025.11.16-11.04.41:371][ 59]Cmd: OBJ SAVEPACKAGE PACKAGE="/Game/Cameras/TopDownCamera" FILE="../../../../../../Git/Saf/GameUniHack/PixelPerfect/Content/Cameras/TopDownCamera.uasset" SILENT=true
[2025.11.16-11.04.41:413][ 59]LogSavePackage: Moving '../../../../../../Git/Saf/GameUniHack/PixelPerfect/Saved/TopDownCameraB6577DCD488ED4FD437387A290241D10.tmp' to '../../../../../../Git/Saf/GameUniHack/PixelPerfect/Content/Cameras/TopDownCamera.uasset'
[2025.11.16-11.04.41:428][ 59]AssetCheck: New page: Asset Save: TopDownCamera
[2025.11.16-11.04.41:428][ 59]LogContentValidation: Display: Validating Blueprint /Game/Cameras/TopDownCamera.TopDownCamera
[2025.11.16-11.04.59:375][ 86]BlueprintLog: New page: Compile ye
[2025.11.16-11.04.59:378][ 86]LogBlueprint: Warning: [Compiler ye] Could not find a variable named "Player_Ref" in 'ye_C'.
Make sure 'ye_C' has been compiled for  Get Player_Ref
[2025.11.16-11.04.59:378][ 86]LogBlueprint: Warning: [Compiler ye] Could not find a variable named "Player_Ref" in 'ye_C'.
Make sure 'ye_C' has been compiled for  Get Player_Ref
[2025.11.16-11.04.59:378][ 86]LogBlueprint: Warning: [Compiler ye] Could not find a variable named "Player_Ref" in 'ye_C'.
Make sure 'ye_C' has been compiled for  Set Player_Ref
[2025.11.16-11.04.59:379][ 86]LogBlueprint: Error: [Compiler ye] The property associated with  Player Ref  could not be found in '/Game/Cameras/ye.ye_C'
[2025.11.16-11.04.59:379][ 86]LogBlueprint: Error: [Compiler ye] The property associated with  Player Ref  could not be found in '/Game/Cameras/ye.ye_C'
[2025.11.16-11.04.59:379][ 86]LogBlueprint: Error: [Compiler ye] The property associated with  Player Ref  could not be found in '/Game/Cameras/ye.ye_C'
[2025.11.16-11.04.59:441][ 86]LogUObjectHash: Compacting FUObjectHashTables data took   2.23ms
[2025.11.16-11.04.59:819][104]Cmd: OBJ SAVEPACKAGE PACKAGE="/Game/Cameras/ye" FILE="../../../../../../Git/Saf/GameUniHack/PixelPerfect/Content/Cameras/ye.uasset" SILENT=true
[2025.11.16-11.04.59:829][104]LogSavePackage: Moving '../../../../../../Git/Saf/GameUniHack/PixelPerfect/Saved/yeBF0A982447F0913EEAA00588B0FC0504.tmp' to '../../../../../../Git/Saf/GameUniHack/PixelPerfect/Content/Cameras/ye.uasset'
[2025.11.16-11.04.59:850][104]AssetCheck: New page: Asset Save: ye
[2025.11.16-11.04.59:850][104]LogContentValidation: Display: Validating Blueprint /Game/Cameras/ye.ye
[2025.11.16-11.05.04:020][335]BlueprintLog: New page: Compile ye
[2025.11.16-11.05.04:069][335]LogUObjectHash: Compacting FUObjectHashTables data took   1.74ms
[2025.11.16-11.05.04:133][336]BlueprintLog: New page: Compile ye
[2025.11.16-11.05.04:180][336]LogUObjectHash: Compacting FUObjectHashTables data took   2.58ms
[2025.11.16-11.05.04:475][349]Cmd: OBJ SAVEPACKAGE PACKAGE="/Game/Cameras/ye" FILE="../../../../../../Git/Saf/GameUniHack/PixelPerfect/Content/Cameras/ye.uasset" SILENT=true
[2025.11.16-11.05.04:505][349]LogSavePackage: Moving '../../../../../../Git/Saf/GameUniHack/PixelPerfect/Saved/yeA17E8ED04FA82E798EE6E392CE9E17C2.tmp' to '../../../../../../Git/Saf/GameUniHack/PixelPerfect/Content/Cameras/ye.uasset'
[2025.11.16-11.05.04:522][349]AssetCheck: New page: Asset Save: ye
[2025.11.16-11.05.04:523][349]LogContentValidation: Display: Validating Blueprint /Game/Cameras/ye.ye
[2025.11.16-11.05.07:642][522]BlueprintLog: New page: Compile ye
[2025.11.16-11.05.07:703][522]LogUObjectHash: Compacting FUObjectHashTables data took   2.08ms
[2025.11.16-11.05.08:250][547]Cmd: OBJ SAVEPACKAGE PACKAGE="/Game/Cameras/ye" FILE="../../../../../../Git/Saf/GameUniHack/PixelPerfect/Content/Cameras/ye.uasset" SILENT=true
[2025.11.16-11.05.08:285][547]LogSavePackage: Moving '../../../../../../Git/Saf/GameUniHack/PixelPerfect/Saved/ye0D69D5EB439C998C49DEDE8A0302120A.tmp' to '../../../../../../Git/Saf/GameUniHack/PixelPerfect/Content/Cameras/ye.uasset'
[2025.11.16-11.05.08:299][547]AssetCheck: New page: Asset Save: ye
[2025.11.16-11.05.08:300][547]LogContentValidation: Display: Validating Blueprint /Game/Cameras/ye.ye
[2025.11.16-11.05.37:134][140]BlueprintLog: New page: Compile ye
[2025.11.16-11.05.37:191][140]LogUObjectHash: Compacting FUObjectHashTables data took   2.06ms
[2025.11.16-11.05.37:450][150]Cmd: OBJ SAVEPACKAGE PACKAGE="/Game/Cameras/ye" FILE="../../../../../../Git/Saf/GameUniHack/PixelPerfect/Content/Cameras/ye.uasset" SILENT=true
[2025.11.16-11.05.37:485][150]LogSavePackage: Moving '../../../../../../Git/Saf/GameUniHack/PixelPerfect/Saved/ye291075514E6CD3E4239B89B43A7B44C8.tmp' to '../../../../../../Git/Saf/GameUniHack/PixelPerfect/Content/Cameras/ye.uasset'
[2025.11.16-11.05.37:501][150]AssetCheck: New page: Asset Save: ye
[2025.11.16-11.05.37:502][150]LogContentValidation: Display: Validating Blueprint /Game/Cameras/ye.ye
[2025.11.16-11.05.51:145][890]BlueprintLog: New page: Compile ye
[2025.11.16-11.05.51:211][890]LogUObjectHash: Compacting FUObjectHashTables data took   1.95ms
[2025.11.16-11.05.51:489][902]Cmd: OBJ SAVEPACKAGE PACKAGE="/Game/Cameras/ye" FILE="../../../../../../Git/Saf/GameUniHack/PixelPerfect/Content/Cameras/ye.uasset" SILENT=true
[2025.11.16-11.05.51:524][902]LogSavePackage: Moving '../../../../../../Git/Saf/GameUniHack/PixelPerfect/Saved/ye777C04AF478094AA055F88A62D18BA7A.tmp' to '../../../../../../Git/Saf/GameUniHack/PixelPerfect/Content/Cameras/ye.uasset'
[2025.11.16-11.05.51:544][902]AssetCheck: New page: Asset Save: ye
[2025.11.16-11.05.51:544][902]LogContentValidation: Display: Validating Blueprint /Game/Cameras/ye.ye
[2025.11.16-11.06.13:541][ 92]BlueprintLog: New page: Compile ye
[2025.11.16-11.06.13:601][ 92]LogUObjectHash: Compacting FUObjectHashTables data took   1.86ms
[2025.11.16-11.06.13:883][104]Cmd: OBJ SAVEPACKAGE PACKAGE="/Game/Cameras/ye" FILE="../../../../../../Git/Saf/GameUniHack/PixelPerfect/Content/Cameras/ye.uasset" SILENT=true
[2025.11.16-11.06.13:920][104]LogSavePackage: Moving '../../../../../../Git/Saf/GameUniHack/PixelPerfect/Saved/yeDA894B944D987AEBE8AD8CAA450A8933.tmp' to '../../../../../../Git/Saf/GameUniHack/PixelPerfect/Content/Cameras/ye.uasset'
[2025.11.16-11.06.13:946][104]AssetCheck: New page: Asset Save: ye
[2025.11.16-11.06.13:947][104]LogContentValidation: Display: Validating Blueprint /Game/Cameras/ye.ye
[2025.11.16-11.06.14:532][133]Cmd: OBJ SAVEPACKAGE PACKAGE="/Game/Cameras/ye" FILE="../../../../../../Git/Saf/GameUniHack/PixelPerfect/Content/Cameras/ye.uasset" SILENT=true
[2025.11.16-11.06.14:577][133]LogSavePackage: Moving '../../../../../../Git/Saf/GameUniHack/PixelPerfect/Saved/yeF1B778D04BFFB94B0556B49A341F1886.tmp' to '../../../../../../Git/Saf/GameUniHack/PixelPerfect/Content/Cameras/ye.uasset'
[2025.11.16-11.06.14:606][133]AssetCheck: New page: Asset Save: ye
[2025.11.16-11.06.14:606][133]LogContentValidation: Display: Validating Blueprint /Game/Cameras/ye.ye
[2025.11.16-11.06.18:539][332]LogSlate: Prevented a slow task dialog from being summoned while a context menu was open
[2025.11.16-11.06.22:821][565]BlueprintLog: New page: Compile BP_Player
[2025.11.16-11.06.22:852][565]LogBlueprint: Error: [Compiler BP_Player] Can't connect pins  Top Down Camera Ref  and  Out Actors : Array of Top Down Camera Object References is not compatible with Array of Ye Object References.
[2025.11.16-11.06.22:852][565]LogBlueprint: Error: [Compiler BP_Player] Can't connect pins  Out Actors  and  Top Down Camera Ref : Array of Ye Object References is not compatible with Array of Top Down Camera Object References.
[2025.11.16-11.06.22:852][565]LogBlueprint: Error: [Compiler BP_Player] Invalid pin connection from ' Out Actors ' to ' Top Down Camera Ref '. You may have changed the type after the connections were made.
[2025.11.16-11.06.22:909][565]LogUObjectHash: Compacting FUObjectHashTables data took   1.93ms
[2025.11.16-11.06.23:216][576]Cmd: OBJ SAVEPACKAGE PACKAGE="/Game/Player/BP_Player" FILE="../../../../../../Git/Saf/GameUniHack/PixelPerfect/Content/Player/BP_Player.uasset" SILENT=true
[2025.11.16-11.06.23:265][576]LogSavePackage: Moving '../../../../../../Git/Saf/GameUniHack/PixelPerfect/Saved/BP_Player0DF1FEAE44D64708EEB9758F90F02BAB.tmp' to '../../../../../../Git/Saf/GameUniHack/PixelPerfect/Content/Player/BP_Player.uasset'
[2025.11.16-11.06.23:294][576]AssetCheck: New page: Asset Save: BP_Player
[2025.11.16-11.06.23:294][576]LogContentValidation: Display: Validating Blueprint /Game/Player/BP_Player.BP_Player
[2025.11.16-11.06.28:352][870]BlueprintLog: New page: Compile BP_Player
[2025.11.16-11.06.28:369][870]LogBlueprint: Error: [Compiler BP_Player] The current value of the ' Array ' pin is invalid: Array inputs (like 'Target Array') must have an input wired into them (try connecting a MakeArray node).
[2025.11.16-11.06.28:430][870]LogUObjectHash: Compacting FUObjectHashTables data took   2.20ms
[2025.11.16-11.06.31:046][944]LogSlate: Window 'Delete Variable' being destroyed
[2025.11.16-11.06.31:969][992]BlueprintLog: New page: Compile BP_Player
[2025.11.16-11.06.31:984][992]LogBlueprint: Error: [Compiler BP_Player] The current value of the ' Array ' pin is invalid: Array inputs (like 'Target Array') must have an input wired into them (try connecting a MakeArray node).
[2025.11.16-11.06.31:984][992]LogBlueprint: Error: [Compiler BP_Player] The current value of the ' Array ' pin is invalid: Array inputs (like 'Target Array') must have an input wired into them (try connecting a MakeArray node).
[2025.11.16-11.06.32:057][992]LogUObjectHash: Compacting FUObjectHashTables data took   2.39ms
[2025.11.16-11.06.32:532][ 11]Cmd: OBJ SAVEPACKAGE PACKAGE="/Game/Player/BP_Player" FILE="../../../../../../Git/Saf/GameUniHack/PixelPerfect/Content/Player/BP_Player.uasset" SILENT=true
[2025.11.16-11.06.32:589][ 11]LogSavePackage: Moving '../../../../../../Git/Saf/GameUniHack/PixelPerfect/Saved/BP_Player06C5CB874D54D7CBD4EFB3853A237966.tmp' to '../../../../../../Git/Saf/GameUniHack/PixelPerfect/Content/Player/BP_Player.uasset'
[2025.11.16-11.06.32:612][ 11]AssetCheck: New page: Asset Save: BP_Player
[2025.11.16-11.06.32:612][ 11]LogContentValidation: Display: Validating Blueprint /Game/Player/BP_Player.BP_Player
[2025.11.16-11.06.32:989][ 31]Cmd: OBJ SAVEPACKAGE PACKAGE="/Game/Player/BP_Player" FILE="../../../../../../Git/Saf/GameUniHack/PixelPerfect/Content/Player/BP_Player.uasset" SILENT=true
[2025.11.16-11.06.33:045][ 31]LogSavePackage: Moving '../../../../../../Git/Saf/GameUniHack/PixelPerfect/Saved/BP_Player35766CB04C9C49D1D7EED4A63341B89F.tmp' to '../../../../../../Git/Saf/GameUniHack/PixelPerfect/Content/Player/BP_Player.uasset'
[2025.11.16-11.06.33:072][ 31]AssetCheck: New page: Asset Save: BP_Player
[2025.11.16-11.06.33:072][ 31]LogContentValidation: Display: Validating Blueprint /Game/Player/BP_Player.BP_Player
[2025.11.16-11.06.45:132][707]BlueprintLog: New page: Compile BP_Player
[2025.11.16-11.06.45:148][707]LogBlueprint: Error: [Compiler BP_Player] The current value of the ' Array ' pin is invalid: Array inputs (like 'Target Array') must have an input wired into them (try connecting a MakeArray node).
[2025.11.16-11.06.45:149][707]LogBlueprint: Error: [Compiler BP_Player] The current value of the ' Array ' pin is invalid: Array inputs (like 'Target Array') must have an input wired into them (try connecting a MakeArray node).
[2025.11.16-11.06.45:203][707]LogUObjectHash: Compacting FUObjectHashTables data took   2.00ms
[2025.11.16-11.06.45:445][713]Cmd: OBJ SAVEPACKAGE PACKAGE="/Game/Player/BP_Player" FILE="../../../../../../Git/Saf/GameUniHack/PixelPerfect/Content/Player/BP_Player.uasset" SILENT=true
[2025.11.16-11.06.45:494][713]LogSavePackage: Moving '../../../../../../Git/Saf/GameUniHack/PixelPerfect/Saved/BP_Player24B57234433EEA11E88521808731FA0A.tmp' to '../../../../../../Git/Saf/GameUniHack/PixelPerfect/Content/Player/BP_Player.uasset'
[2025.11.16-11.06.45:515][713]AssetCheck: New page: Asset Save: BP_Player
[2025.11.16-11.06.45:516][713]LogContentValidation: Display: Validating Blueprint /Game/Player/BP_Player.BP_Player
[2025.11.16-11.07.00:696][549]BlueprintLog: New page: Compile BP_Player
[2025.11.16-11.07.00:772][549]LogUObjectHash: Compacting FUObjectHashTables data took   2.18ms
[2025.11.16-11.07.00:922][550]Cmd: OBJ SAVEPACKAGE PACKAGE="/Game/Player/BP_Player" FILE="../../../../../../Git/Saf/GameUniHack/PixelPerfect/Content/Player/BP_Player.uasset" SILENT=true
[2025.11.16-11.07.00:967][550]LogSavePackage: Moving '../../../../../../Git/Saf/GameUniHack/PixelPerfect/Saved/BP_PlayerB532DD924A82172B346C74BC1E0ACBE5.tmp' to '../../../../../../Git/Saf/GameUniHack/PixelPerfect/Content/Player/BP_Player.uasset'
[2025.11.16-11.07.00:987][550]AssetCheck: New page: Asset Save: BP_Player
[2025.11.16-11.07.00:987][550]LogContentValidation: Display: Validating Blueprint /Game/Player/BP_Player.BP_Player
[2025.11.16-11.07.01:579][582]Cmd: OBJ SAVEPACKAGE PACKAGE="/Game/Player/BP_Player" FILE="../../../../../../Git/Saf/GameUniHack/PixelPerfect/Content/Player/BP_Player.uasset" SILENT=true
[2025.11.16-11.07.01:670][582]LogSavePackage: Moving '../../../../../../Git/Saf/GameUniHack/PixelPerfect/Saved/BP_PlayerCA88FB454B0D1969D0B808B9D37A359F.tmp' to '../../../../../../Git/Saf/GameUniHack/PixelPerfect/Content/Player/BP_Player.uasset'
[2025.11.16-11.07.01:716][582]AssetCheck: New page: Asset Save: BP_Player
[2025.11.16-11.07.01:716][582]LogContentValidation: Display: Validating Blueprint /Game/Player/BP_Player.BP_Player
[2025.11.16-11.07.02:240][608]Cmd: OBJ SAVEPACKAGE PACKAGE="/Game/Levels/Main" FILE="../../../../../../Git/Saf/GameUniHack/PixelPerfect/Content/Levels/Main.umap" SILENT=true AUTOSAVING=false KEEPDIRTY=false
[2025.11.16-11.07.02:290][608]LogUObjectHash: Compacting FUObjectHashTables data took   1.97ms
[2025.11.16-11.07.02:327][608]LogSavePackage: Moving '../../../../../../Git/Saf/GameUniHack/PixelPerfect/Saved/MainABCB6D924D0F399E91DDD695C2910826.tmp' to '../../../../../../Git/Saf/GameUniHack/PixelPerfect/Content/Levels/Main.umap'
[2025.11.16-11.07.02:372][608]AssetCheck: New page: Asset Save: Main
[2025.11.16-11.07.02:372][608]LogContentValidation: Display: Validating World /Game/Levels/Main.Main
[2025.11.16-11.07.03:187][656]LogTemp: Repeating last play command: Selected Viewport
[2025.11.16-11.07.03:206][656]LogPlayLevel: PlayLevel: No blueprints needed recompiling
[2025.11.16-11.07.03:206][656]PIE: New page: PIE session: Main (Nov 16, 2025, 3:07:03 PM)
[2025.11.16-11.07.03:206][656]LogPlayLevel: Creating play world package: /Game/Levels/UEDPIE_0_Main
[2025.11.16-11.07.03:210][656]LogPlayLevel: PIE: StaticDuplicateObject took: (0.004494s)
[2025.11.16-11.07.03:212][656]LogAIModule: Creating AISystem for world Main
[2025.11.16-11.07.03:212][656]LogAISub: UAISubsystem::UAISubsystem EnvQueryManager (00000222336CFE00), frame # 128656
[2025.11.16-11.07.03:212][656]LogAISub: UAISubsystem::UAISubsystem AIPerceptionSystem (00000221B8A49A80), frame # 128656
[2025.11.16-11.07.03:212][656]LogPlayLevel: PIE: World Init took: (0.001329s)
[2025.11.16-11.07.03:212][656]LogPlayLevel: PIE: Created PIE world by copying editor world from /Game/Levels/Main.Main to /Game/Levels/UEDPIE_0_Main.Main (0.005964s)
[2025.11.16-11.07.03:245][656]LogUObjectHash: Compacting FUObjectHashTables data took   1.69ms
[2025.11.16-11.07.03:245][656]LogAudioMixer: Display: Audio Mixer Platform Settings:
[2025.11.16-11.07.03:245][656]LogAudioMixer: Display: 	Sample Rate:						  48000
[2025.11.16-11.07.03:245][656]LogAudioMixer: Display: 	Callback Buffer Frame Size Requested: 1024
[2025.11.16-11.07.03:245][656]LogAudioMixer: Display: 	Callback Buffer Frame Size To Use:	  1024
[2025.11.16-11.07.03:245][656]LogAudioMixer: Display: 	Number of buffers to queue:			  2
[2025.11.16-11.07.03:246][656]LogAudioMixer: Display: 	Max Channels (voices):				  32
[2025.11.16-11.07.03:246][656]LogAudioMixer: Display: 	Number of Async Source Workers:		  0
[2025.11.16-11.07.03:246][656]LogAudio: Display: AudioDevice MaxSources: 32
[2025.11.16-11.07.03:246][656]LogAudio: Display: Using built-in audio occlusion.
[2025.11.16-11.07.03:246][656]LogAudioMixer: Display: Initializing audio mixer.
[2025.11.16-11.07.03:249][656]LogAudioMixer: Display: 0: FrontLeft
[2025.11.16-11.07.03:249][656]LogAudioMixer: Display: 1: FrontRight
[2025.11.16-11.07.03:262][656]LogAudioMixer: Display: Using Audio Device FxSound Speakers (FxSound Audio Enhancer)
[2025.11.16-11.07.03:262][656]LogAudioMixer: Display: Initializing Sound Submixes...
[2025.11.16-11.07.03:262][656]LogAudioMixer: Display: Creating Master Submix 'MasterSubmixDefault'
[2025.11.16-11.07.03:262][656]LogAudioMixer: Display: Creating Master Submix 'MasterReverbSubmixDefault'
[2025.11.16-11.07.03:262][656]LogAudioMixer: Display: Creating Master Submix 'MasterEQSubmixDefault'
[2025.11.16-11.07.03:276][656]LogInit: FAudioDevice initialized.
[2025.11.16-11.07.03:287][656]LogLoad: Game class is 'PlayerGameModeBase_C'
[2025.11.16-11.07.03:289][656]LogSkeletalMesh: USkeletalMeshComponent::InitArticulated : Could not find root physics body: '/Game/Levels/UEDPIE_0_Main.Main:PersistentLevel.Phone_2.CharacterMesh0'
[2025.11.16-11.07.03:289][656]LogSkeletalMesh: USkeletalMeshComponent::InitArticulated : Could not find root physics body: '/Game/Levels/UEDPIE_0_Main.Main:PersistentLevel.ComputerBoss_2.CharacterMesh0'
[2025.11.16-11.07.03:289][656]LogWorld: Bringing World /Game/Levels/UEDPIE_0_Main.Main up for play (max tick rate 60) at 2025.11.16-13.07.03
[2025.11.16-11.07.03:290][656]LogWorld: Bringing up level for play took: 0.002528
[2025.11.16-11.07.03:290][656]LogOnline: OSS: Creating online subsystem instance for: :Context_49
[2025.11.16-11.07.03:295][656]PIE: Server logged in
[2025.11.16-11.07.03:296][656]PIE: Play in editor total start time 0.089 seconds.
[2025.11.16-11.07.04:373][719]LogScript: Warning: Script Msg: Attempted to access index 0 from array 'TopDownCam' of length 0 in '/Game/Player/BP_Player.BP_Player_C'!
[2025.11.16-11.07.05:355][778]LogScript: Warning: Script Msg: Attempted to access index 0 from array 'TopDownCam' of length 0 in '/Game/Player/BP_Player.BP_Player_C'!
[2025.11.16-11.07.06:076][819]LogSlate: Updating window title bar state: overlay mode, drag disabled, window buttons hidden, title bar hidden
[2025.11.16-11.07.06:076][819]LogWorld: BeginTearingDown for /Game/Levels/UEDPIE_0_Main
[2025.11.16-11.07.06:076][819]LogWorld: UWorld::CleanupWorld for Main, bSessionEnded=true, bCleanupResources=true
[2025.11.16-11.07.06:077][819]LogSlate: InvalidateAllWidgets triggered.  All widgets were invalidated
[2025.11.16-11.07.06:092][819]LogPlayLevel: Display: Shutting down PIE online subsystems
[2025.11.16-11.07.06:096][819]LogSlate: InvalidateAllWidgets triggered.  All widgets were invalidated
[2025.11.16-11.07.06:137][819]LogSlate: Updating window title bar state: overlay mode, drag disabled, window buttons hidden, title bar hidden
[2025.11.16-11.07.06:157][819]LogAISub: UAISubsystem::~UAISubsystem AIPerceptionSystem (00000221B8A49A80), frame # 128819
[2025.11.16-11.07.06:157][819]LogAISub: UAISubsystem::~UAISubsystem EnvQueryManager (00000222336CFE00), frame # 128819
[2025.11.16-11.07.06:159][819]LogUObjectHash: Compacting FUObjectHashTables data took   1.44ms
[2025.11.16-11.07.06:185][820]LogPlayLevel: Display: Destroying online subsystem :Context_49
[2025.11.16-11.07.30:634][200]Cmd: OBJ SAVEPACKAGE PACKAGE="/Game/Levels/Main" FILE="../../../../../../Git/Saf/GameUniHack/PixelPerfect/Content/Levels/Main.umap" SILENT=true AUTOSAVING=false KEEPDIRTY=false
[2025.11.16-11.07.30:675][200]LogUObjectHash: Compacting FUObjectHashTables data took   1.58ms
[2025.11.16-11.07.30:715][200]LogSavePackage: Moving '../../../../../../Git/Saf/GameUniHack/PixelPerfect/Saved/MainFB8D3B8048EF94001C86D3BD162D2983.tmp' to '../../../../../../Git/Saf/GameUniHack/PixelPerfect/Content/Levels/Main.umap'
[2025.11.16-11.07.30:756][200]AssetCheck: New page: Asset Save: Main
[2025.11.16-11.07.30:756][200]LogContentValidation: Display: Validating World /Game/Levels/Main.Main
[2025.11.16-11.07.33:951][386]Cmd: OBJ SAVEPACKAGE PACKAGE="/Game/Levels/Main" FILE="../../../../../../Git/Saf/GameUniHack/PixelPerfect/Content/Levels/Main.umap" SILENT=true AUTOSAVING=false KEEPDIRTY=false
[2025.11.16-11.07.33:989][386]LogUObjectHash: Compacting FUObjectHashTables data took   1.31ms
[2025.11.16-11.07.34:024][386]LogSavePackage: Moving '../../../../../../Git/Saf/GameUniHack/PixelPerfect/Saved/MainE7063674497A845F6C367295409DC903.tmp' to '../../../../../../Git/Saf/GameUniHack/PixelPerfect/Content/Levels/Main.umap'
[2025.11.16-11.07.34:059][386]AssetCheck: New page: Asset Save: Main
[2025.11.16-11.07.34:059][386]LogContentValidation: Display: Validating World /Game/Levels/Main.Main
[2025.11.16-11.07.34:506][412]LogTemp: Repeating last play command: Selected Viewport
[2025.11.16-11.07.34:528][412]LogPlayLevel: PlayLevel: No blueprints needed recompiling
[2025.11.16-11.07.34:528][412]PIE: New page: PIE session: Main (Nov 16, 2025, 3:07:34 PM)
[2025.11.16-11.07.34:528][412]LogPlayLevel: Creating play world package: /Game/Levels/UEDPIE_0_Main
[2025.11.16-11.07.34:533][412]LogPlayLevel: PIE: StaticDuplicateObject took: (0.005522s)
[2025.11.16-11.07.34:533][412]LogAIModule: Creating AISystem for world Main
[2025.11.16-11.07.34:533][412]LogAISub: UAISubsystem::UAISubsystem EnvQueryManager (000002223231CC00), frame # 130412
[2025.11.16-11.07.34:535][412]LogAISub: UAISubsystem::UAISubsystem AIPerceptionSystem (00000222330EBC40), frame # 130412
[2025.11.16-11.07.34:535][412]LogPlayLevel: PIE: World Init took: (0.001034s)
[2025.11.16-11.07.34:535][412]LogPlayLevel: PIE: Created PIE world by copying editor world from /Game/Levels/Main.Main to /Game/Levels/UEDPIE_0_Main.Main (0.006686s)
[2025.11.16-11.07.34:569][412]LogUObjectHash: Compacting FUObjectHashTables data took   1.58ms
[2025.11.16-11.07.34:569][412]LogAudioMixer: Display: Audio Mixer Platform Settings:
[2025.11.16-11.07.34:569][412]LogAudioMixer: Display: 	Sample Rate:						  48000
[2025.11.16-11.07.34:569][412]LogAudioMixer: Display: 	Callback Buffer Frame Size Requested: 1024
[2025.11.16-11.07.34:569][412]LogAudioMixer: Display: 	Callback Buffer Frame Size To Use:	  1024
[2025.11.16-11.07.34:569][412]LogAudioMixer: Display: 	Number of buffers to queue:			  2
[2025.11.16-11.07.34:569][412]LogAudioMixer: Display: 	Max Channels (voices):				  32
[2025.11.16-11.07.34:569][412]LogAudioMixer: Display: 	Number of Async Source Workers:		  0
[2025.11.16-11.07.34:569][412]LogAudio: Display: AudioDevice MaxSources: 32
[2025.11.16-11.07.34:570][412]LogAudio: Display: Using built-in audio occlusion.
[2025.11.16-11.07.34:570][412]LogAudioMixer: Display: Initializing audio mixer.
[2025.11.16-11.07.34:573][412]LogAudioMixer: Display: 0: FrontLeft
[2025.11.16-11.07.34:573][412]LogAudioMixer: Display: 1: FrontRight
[2025.11.16-11.07.34:587][412]LogAudioMixer: Display: Using Audio Device FxSound Speakers (FxSound Audio Enhancer)
[2025.11.16-11.07.34:587][412]LogAudioMixer: Display: Initializing Sound Submixes...
[2025.11.16-11.07.34:587][412]LogAudioMixer: Display: Creating Master Submix 'MasterSubmixDefault'
[2025.11.16-11.07.34:587][412]LogAudioMixer: Display: Creating Master Submix 'MasterReverbSubmixDefault'
[2025.11.16-11.07.34:588][412]LogAudioMixer: Display: Creating Master Submix 'MasterEQSubmixDefault'
[2025.11.16-11.07.34:604][412]LogInit: FAudioDevice initialized.
[2025.11.16-11.07.34:612][412]LogLoad: Game class is 'PlayerGameModeBase_C'
[2025.11.16-11.07.34:615][412]LogSkeletalMesh: USkeletalMeshComponent::InitArticulated : Could not find root physics body: '/Game/Levels/UEDPIE_0_Main.Main:PersistentLevel.Phone_2.CharacterMesh0'
[2025.11.16-11.07.34:616][412]LogSkeletalMesh: USkeletalMeshComponent::InitArticulated : Could not find root physics body: '/Game/Levels/UEDPIE_0_Main.Main:PersistentLevel.ComputerBoss_2.CharacterMesh0'
[2025.11.16-11.07.34:616][412]LogWorld: Bringing World /Game/Levels/UEDPIE_0_Main.Main up for play (max tick rate 60) at 2025.11.16-13.07.34
[2025.11.16-11.07.34:617][412]LogWorld: Bringing up level for play took: 0.003359
[2025.11.16-11.07.34:617][412]LogOnline: OSS: Creating online subsystem instance for: :Context_50
[2025.11.16-11.07.34:621][412]PIE: Server logged in
[2025.11.16-11.07.34:621][412]PIE: Play in editor total start time 0.101 seconds.
[2025.11.16-11.07.42:346][872]LogSlate: Updating window title bar state: overlay mode, drag disabled, window buttons hidden, title bar hidden
[2025.11.16-11.07.42:346][872]LogWorld: BeginTearingDown for /Game/Levels/UEDPIE_0_Main
[2025.11.16-11.07.42:347][872]LogWorld: UWorld::CleanupWorld for Main, bSessionEnded=true, bCleanupResources=true
[2025.11.16-11.07.42:347][872]LogSlate: InvalidateAllWidgets triggered.  All widgets were invalidated
[2025.11.16-11.07.42:376][872]LogPlayLevel: Display: Shutting down PIE online subsystems
[2025.11.16-11.07.42:379][872]LogSlate: InvalidateAllWidgets triggered.  All widgets were invalidated
[2025.11.16-11.07.42:450][872]LogSlate: Updating window title bar state: overlay mode, drag disabled, window buttons hidden, title bar hidden
[2025.11.16-11.07.42:452][872]LogAISub: UAISubsystem::~UAISubsystem AIPerceptionSystem (00000222330EBC40), frame # 130872
[2025.11.16-11.07.42:452][872]LogAISub: UAISubsystem::~UAISubsystem EnvQueryManager (000002223231CC00), frame # 130872
[2025.11.16-11.07.42:454][872]LogUObjectHash: Compacting FUObjectHashTables data took   1.98ms
[2025.11.16-11.07.42:501][873]LogPlayLevel: Display: Destroying online subsystem :Context_50
[2025.11.16-11.07.53:001][461]BlueprintLog: New page: Compile ye
[2025.11.16-11.07.53:095][461]LogUObjectHash: Compacting FUObjectHashTables data took   1.69ms
[2025.11.16-11.07.53:575][485]Cmd: OBJ SAVEPACKAGE PACKAGE="/Game/Cameras/ye" FILE="../../../../../../Git/Saf/GameUniHack/PixelPerfect/Content/Cameras/ye.uasset" SILENT=true
[2025.11.16-11.07.53:607][485]LogSavePackage: Moving '../../../../../../Git/Saf/GameUniHack/PixelPerfect/Saved/yeAC8C2E5B4C9C9BC032B2088E74C63957.tmp' to '../../../../../../Git/Saf/GameUniHack/PixelPerfect/Content/Cameras/ye.uasset'
[2025.11.16-11.07.53:645][485]AssetCheck: New page: Asset Save: ye
[2025.11.16-11.07.53:646][485]LogContentValidation: Display: Validating Blueprint /Game/Cameras/ye.ye
[2025.11.16-11.07.54:331][524]Cmd: OBJ SAVEPACKAGE PACKAGE="/Game/Cameras/ye" FILE="../../../../../../Git/Saf/GameUniHack/PixelPerfect/Content/Cameras/ye.uasset" SILENT=true
[2025.11.16-11.07.54:368][524]LogSavePackage: Moving '../../../../../../Git/Saf/GameUniHack/PixelPerfect/Saved/ye0058DCD745ACCF7D2FA86E9BB06EEE49.tmp' to '../../../../../../Git/Saf/GameUniHack/PixelPerfect/Content/Cameras/ye.uasset'
[2025.11.16-11.07.54:385][524]AssetCheck: New page: Asset Save: ye
[2025.11.16-11.07.54:385][524]LogContentValidation: Display: Validating Blueprint /Game/Cameras/ye.ye
[2025.11.16-11.08.04:979][102]BlueprintLog: New page: Compile ye
[2025.11.16-11.08.05:046][102]LogUObjectHash: Compacting FUObjectHashTables data took   2.58ms
[2025.11.16-11.08.06:138][154]Cmd: OBJ SAVEPACKAGE PACKAGE="/Game/Cameras/ye" FILE="../../../../../../Git/Saf/GameUniHack/PixelPerfect/Content/Cameras/ye.uasset" SILENT=true
[2025.11.16-11.08.06:170][154]LogSavePackage: Moving '../../../../../../Git/Saf/GameUniHack/PixelPerfect/Saved/ye6BC30C43415E4C0771F998BACA52FA7B.tmp' to '../../../../../../Git/Saf/GameUniHack/PixelPerfect/Content/Cameras/ye.uasset'
[2025.11.16-11.08.06:191][154]AssetCheck: New page: Asset Save: ye
[2025.11.16-11.08.06:191][154]LogContentValidation: Display: Validating Blueprint /Game/Cameras/ye.ye
[2025.11.16-11.08.09:862][368]LogEditorTransaction: Undo Resize Node
[2025.11.16-11.08.15:128][643]BlueprintLog: New page: Compile ye
[2025.11.16-11.08.15:198][643]LogUObjectHash: Compacting FUObjectHashTables data took   2.16ms
[2025.11.16-11.08.15:705][665]Cmd: OBJ SAVEPACKAGE PACKAGE="/Game/Cameras/ye" FILE="../../../../../../Git/Saf/GameUniHack/PixelPerfect/Content/Cameras/ye.uasset" SILENT=true
[2025.11.16-11.08.15:741][665]LogSavePackage: Moving '../../../../../../Git/Saf/GameUniHack/PixelPerfect/Saved/ye28BE6E414B715722EE11038EA62CAA4C.tmp' to '../../../../../../Git/Saf/GameUniHack/PixelPerfect/Content/Cameras/ye.uasset'
[2025.11.16-11.08.15:767][665]AssetCheck: New page: Asset Save: ye
[2025.11.16-11.08.15:767][665]LogContentValidation: Display: Validating Blueprint /Game/Cameras/ye.ye
[2025.11.16-11.08.16:095][683]Cmd: OBJ SAVEPACKAGE PACKAGE="/Game/Cameras/ye" FILE="../../../../../../Git/Saf/GameUniHack/PixelPerfect/Content/Cameras/ye.uasset" SILENT=true
[2025.11.16-11.08.16:130][683]LogSavePackage: Moving '../../../../../../Git/Saf/GameUniHack/PixelPerfect/Saved/yeD7A0E81D49610BA2CAC122B116B8844C.tmp' to '../../../../../../Git/Saf/GameUniHack/PixelPerfect/Content/Cameras/ye.uasset'
[2025.11.16-11.08.16:150][683]AssetCheck: New page: Asset Save: ye
[2025.11.16-11.08.16:150][683]LogContentValidation: Display: Validating Blueprint /Game/Cameras/ye.ye
[2025.11.16-11.08.28:808][412]BlueprintLog: New page: Compile ye
[2025.11.16-11.08.28:878][412]LogUObjectHash: Compacting FUObjectHashTables data took   1.97ms
[2025.11.16-11.08.29:217][426]Cmd: OBJ SAVEPACKAGE PACKAGE="/Game/Cameras/ye" FILE="../../../../../../Git/Saf/GameUniHack/PixelPerfect/Content/Cameras/ye.uasset" SILENT=true
[2025.11.16-11.08.29:259][426]LogSavePackage: Moving '../../../../../../Git/Saf/GameUniHack/PixelPerfect/Saved/ye233981A54B4E1203B0117A8255743C92.tmp' to '../../../../../../Git/Saf/GameUniHack/PixelPerfect/Content/Cameras/ye.uasset'
[2025.11.16-11.08.29:279][426]AssetCheck: New page: Asset Save: ye
[2025.11.16-11.08.29:279][426]LogContentValidation: Display: Validating Blueprint /Game/Cameras/ye.ye
[2025.11.16-11.08.29:584][443]Cmd: OBJ SAVEPACKAGE PACKAGE="/Game/Cameras/ye" FILE="../../../../../../Git/Saf/GameUniHack/PixelPerfect/Content/Cameras/ye.uasset" SILENT=true
[2025.11.16-11.08.29:625][443]LogSavePackage: Moving '../../../../../../Git/Saf/GameUniHack/PixelPerfect/Saved/ye3B7F43F4408C6F036FC7D689807E75E7.tmp' to '../../../../../../Git/Saf/GameUniHack/PixelPerfect/Content/Cameras/ye.uasset'
[2025.11.16-11.08.29:654][443]AssetCheck: New page: Asset Save: ye
[2025.11.16-11.08.29:654][443]LogContentValidation: Display: Validating Blueprint /Game/Cameras/ye.ye
[2025.11.16-11.08.30:434][486]Cmd: OBJ SAVEPACKAGE PACKAGE="/Game/Levels/Main" FILE="../../../../../../Git/Saf/GameUniHack/PixelPerfect/Content/Levels/Main.umap" SILENT=true AUTOSAVING=false KEEPDIRTY=false
[2025.11.16-11.08.30:472][486]LogUObjectHash: Compacting FUObjectHashTables data took   1.89ms
[2025.11.16-11.08.30:507][486]LogSavePackage: Moving '../../../../../../Git/Saf/GameUniHack/PixelPerfect/Saved/Main03A2ACF6486AF2EDCDCB24834AF8C519.tmp' to '../../../../../../Git/Saf/GameUniHack/PixelPerfect/Content/Levels/Main.umap'
[2025.11.16-11.08.30:556][486]AssetCheck: New page: Asset Save: Main
[2025.11.16-11.08.30:557][486]LogContentValidation: Display: Validating World /Game/Levels/Main.Main
[2025.11.16-11.08.31:362][533]LogTemp: Repeating last play command: Selected Viewport
[2025.11.16-11.08.31:379][533]BlueprintLog: New page: Pre-Play auto-recompile
[2025.11.16-11.08.31:383][533]LogPlayLevel: [PlayLevel] Compiling TopDownCamera before play...
[2025.11.16-11.08.31:471][533]LogUObjectHash: Compacting FUObjectHashTables data took   2.83ms
[2025.11.16-11.08.31:472][533]LogPlayLevel: PlayLevel: Blueprint regeneration took 92 ms (1 blueprints)
[2025.11.16-11.08.31:472][533]PIE: New page: PIE session: Main (Nov 16, 2025, 3:08:31 PM)
[2025.11.16-11.08.31:472][533]LogPlayLevel: Creating play world package: /Game/Levels/UEDPIE_0_Main
[2025.11.16-11.08.31:477][533]LogPlayLevel: PIE: StaticDuplicateObject took: (0.004250s)
[2025.11.16-11.08.31:477][533]LogAIModule: Creating AISystem for world Main
[2025.11.16-11.08.31:478][533]LogAISub: UAISubsystem::UAISubsystem EnvQueryManager (00000220A07F3000), frame # 133533
[2025.11.16-11.08.31:478][533]LogAISub: UAISubsystem::UAISubsystem AIPerceptionSystem (000002223B600F40), frame # 133533
[2025.11.16-11.08.31:478][533]LogPlayLevel: PIE: World Init took: (0.000849s)
[2025.11.16-11.08.31:478][533]LogPlayLevel: PIE: Created PIE world by copying editor world from /Game/Levels/Main.Main to /Game/Levels/UEDPIE_0_Main.Main (0.005192s)
[2025.11.16-11.08.31:502][533]LogUObjectHash: Compacting FUObjectHashTables data took   1.32ms
[2025.11.16-11.08.31:504][533]LogAudioMixer: Display: Audio Mixer Platform Settings:
[2025.11.16-11.08.31:504][533]LogAudioMixer: Display: 	Sample Rate:						  48000
[2025.11.16-11.08.31:504][533]LogAudioMixer: Display: 	Callback Buffer Frame Size Requested: 1024
[2025.11.16-11.08.31:504][533]LogAudioMixer: Display: 	Callback Buffer Frame Size To Use:	  1024
[2025.11.16-11.08.31:504][533]LogAudioMixer: Display: 	Number of buffers to queue:			  2
[2025.11.16-11.08.31:504][533]LogAudioMixer: Display: 	Max Channels (voices):				  32
[2025.11.16-11.08.31:504][533]LogAudioMixer: Display: 	Number of Async Source Workers:		  0
[2025.11.16-11.08.31:504][533]LogAudio: Display: AudioDevice MaxSources: 32
[2025.11.16-11.08.31:504][533]LogAudio: Display: Using built-in audio occlusion.
[2025.11.16-11.08.31:504][533]LogAudioMixer: Display: Initializing audio mixer.
[2025.11.16-11.08.31:507][533]LogAudioMixer: Display: 0: FrontLeft
[2025.11.16-11.08.31:507][533]LogAudioMixer: Display: 1: FrontRight
[2025.11.16-11.08.31:517][533]LogAudioMixer: Display: Using Audio Device FxSound Speakers (FxSound Audio Enhancer)
[2025.11.16-11.08.31:517][533]LogAudioMixer: Display: Initializing Sound Submixes...
[2025.11.16-11.08.31:517][533]LogAudioMixer: Display: Creating Master Submix 'MasterSubmixDefault'
[2025.11.16-11.08.31:517][533]LogAudioMixer: Display: Creating Master Submix 'MasterReverbSubmixDefault'
[2025.11.16-11.08.31:518][533]LogAudioMixer: Display: Creating Master Submix 'MasterEQSubmixDefault'
[2025.11.16-11.08.31:532][533]LogInit: FAudioDevice initialized.
[2025.11.16-11.08.31:537][533]LogLoad: Game class is 'PlayerGameModeBase_C'
[2025.11.16-11.08.31:539][533]LogSkeletalMesh: USkeletalMeshComponent::InitArticulated : Could not find root physics body: '/Game/Levels/UEDPIE_0_Main.Main:PersistentLevel.Phone_2.CharacterMesh0'
[2025.11.16-11.08.31:539][533]LogSkeletalMesh: USkeletalMeshComponent::InitArticulated : Could not find root physics body: '/Game/Levels/UEDPIE_0_Main.Main:PersistentLevel.ComputerBoss_2.CharacterMesh0'
[2025.11.16-11.08.31:539][533]LogWorld: Bringing World /Game/Levels/UEDPIE_0_Main.Main up for play (max tick rate 60) at 2025.11.16-13.08.31
[2025.11.16-11.08.31:540][533]LogWorld: Bringing up level for play took: 0.002195
[2025.11.16-11.08.31:541][533]LogOnline: OSS: Creating online subsystem instance for: :Context_51
[2025.11.16-11.08.31:543][533]PIE: Server logged in
[2025.11.16-11.08.31:544][533]PIE: Play in editor total start time 0.165 seconds.
[2025.11.16-11.08.37:846][906]LogSlate: Updating window title bar state: overlay mode, drag disabled, window buttons hidden, title bar hidden
[2025.11.16-11.08.37:846][906]LogWorld: BeginTearingDown for /Game/Levels/UEDPIE_0_Main
[2025.11.16-11.08.37:846][906]LogWorld: UWorld::CleanupWorld for Main, bSessionEnded=true, bCleanupResources=true
[2025.11.16-11.08.37:846][906]LogSlate: InvalidateAllWidgets triggered.  All widgets were invalidated
[2025.11.16-11.08.37:876][906]LogPlayLevel: Display: Shutting down PIE online subsystems
[2025.11.16-11.08.37:881][906]LogSlate: InvalidateAllWidgets triggered.  All widgets were invalidated
[2025.11.16-11.08.37:919][906]LogSlate: Updating window title bar state: overlay mode, drag disabled, window buttons hidden, title bar hidden
[2025.11.16-11.08.37:941][906]LogAISub: UAISubsystem::~UAISubsystem AIPerceptionSystem (000002223B600F40), frame # 133906
[2025.11.16-11.08.37:941][906]LogAISub: UAISubsystem::~UAISubsystem EnvQueryManager (00000220A07F3000), frame # 133906
[2025.11.16-11.08.37:942][906]LogUObjectHash: Compacting FUObjectHashTables data took   1.37ms
[2025.11.16-11.08.37:968][907]LogPlayLevel: Display: Destroying online subsystem :Context_51
[2025.11.16-11.08.38:838][953]Cmd: OBJ SAVEPACKAGE PACKAGE="/Game/Levels/Main" FILE="../../../../../../Git/Saf/GameUniHack/PixelPerfect/Content/Levels/Main.umap" SILENT=true AUTOSAVING=false KEEPDIRTY=false
[2025.11.16-11.08.38:873][953]LogUObjectHash: Compacting FUObjectHashTables data took   1.62ms
[2025.11.16-11.08.38:909][953]LogSavePackage: Moving '../../../../../../Git/Saf/GameUniHack/PixelPerfect/Saved/Main825687A34619F3734F8B83BCB73FAFAA.tmp' to '../../../../../../Git/Saf/GameUniHack/PixelPerfect/Content/Levels/Main.umap'
[2025.11.16-11.08.38:955][953]AssetCheck: New page: Asset Save: Main
[2025.11.16-11.08.38:955][953]LogContentValidation: Display: Validating World /Game/Levels/Main.Main
[2025.11.16-11.08.39:893][  6]LogTemp: Repeating last play command: Selected Viewport
[2025.11.16-11.08.39:907][  6]LogPlayLevel: PlayLevel: No blueprints needed recompiling
[2025.11.16-11.08.39:907][  6]PIE: New page: PIE session: Main (Nov 16, 2025, 3:08:39 PM)
[2025.11.16-11.08.39:907][  6]LogPlayLevel: Creating play world package: /Game/Levels/UEDPIE_0_Main
[2025.11.16-11.08.39:912][  6]LogPlayLevel: PIE: StaticDuplicateObject took: (0.005243s)
[2025.11.16-11.08.39:913][  6]LogAIModule: Creating AISystem for world Main
[2025.11.16-11.08.39:913][  6]LogAISub: UAISubsystem::UAISubsystem EnvQueryManager (000002223C6EFE00), frame # 134006
[2025.11.16-11.08.39:913][  6]LogAISub: UAISubsystem::UAISubsystem AIPerceptionSystem (000002221ABEE840), frame # 134006
[2025.11.16-11.08.39:913][  6]LogPlayLevel: PIE: World Init took: (0.001064s)
[2025.11.16-11.08.39:913][  6]LogPlayLevel: PIE: Created PIE world by copying editor world from /Game/Levels/Main.Main to /Game/Levels/UEDPIE_0_Main.Main (0.006413s)
[2025.11.16-11.08.39:944][  6]LogUObjectHash: Compacting FUObjectHashTables data took   1.43ms
[2025.11.16-11.08.39:945][  6]LogAudioMixer: Display: Audio Mixer Platform Settings:
[2025.11.16-11.08.39:945][  6]LogAudioMixer: Display: 	Sample Rate:						  48000
[2025.11.16-11.08.39:945][  6]LogAudioMixer: Display: 	Callback Buffer Frame Size Requested: 1024
[2025.11.16-11.08.39:945][  6]LogAudioMixer: Display: 	Callback Buffer Frame Size To Use:	  1024
[2025.11.16-11.08.39:945][  6]LogAudioMixer: Display: 	Number of buffers to queue:			  2
[2025.11.16-11.08.39:945][  6]LogAudioMixer: Display: 	Max Channels (voices):				  32
[2025.11.16-11.08.39:945][  6]LogAudioMixer: Display: 	Number of Async Source Workers:		  0
[2025.11.16-11.08.39:945][  6]LogAudio: Display: AudioDevice MaxSources: 32
[2025.11.16-11.08.39:945][  6]LogAudio: Display: Using built-in audio occlusion.
[2025.11.16-11.08.39:946][  6]LogAudioMixer: Display: Initializing audio mixer.
[2025.11.16-11.08.39:948][  6]LogAudioMixer: Display: 0: FrontLeft
[2025.11.16-11.08.39:948][  6]LogAudioMixer: Display: 1: FrontRight
[2025.11.16-11.08.39:961][  6]LogAudioMixer: Display: Using Audio Device FxSound Speakers (FxSound Audio Enhancer)
[2025.11.16-11.08.39:961][  6]LogAudioMixer: Display: Initializing Sound Submixes...
[2025.11.16-11.08.39:961][  6]LogAudioMixer: Display: Creating Master Submix 'MasterSubmixDefault'
[2025.11.16-11.08.39:961][  6]LogAudioMixer: Display: Creating Master Submix 'MasterReverbSubmixDefault'
[2025.11.16-11.08.39:962][  6]LogAudioMixer: Display: Creating Master Submix 'MasterEQSubmixDefault'
[2025.11.16-11.08.39:976][  6]LogInit: FAudioDevice initialized.
[2025.11.16-11.08.39:985][  6]LogLoad: Game class is 'PlayerGameModeBase_C'
[2025.11.16-11.08.39:987][  6]LogSkeletalMesh: USkeletalMeshComponent::InitArticulated : Could not find root physics body: '/Game/Levels/UEDPIE_0_Main.Main:PersistentLevel.Phone_2.CharacterMesh0'
[2025.11.16-11.08.39:987][  6]LogSkeletalMesh: USkeletalMeshComponent::InitArticulated : Could not find root physics body: '/Game/Levels/UEDPIE_0_Main.Main:PersistentLevel.ComputerBoss_2.CharacterMesh0'
[2025.11.16-11.08.39:987][  6]LogWorld: Bringing World /Game/Levels/UEDPIE_0_Main.Main up for play (max tick rate 60) at 2025.11.16-13.08.39
[2025.11.16-11.08.39:988][  6]LogWorld: Bringing up level for play took: 0.002035
[2025.11.16-11.08.39:988][  6]LogOnline: OSS: Creating online subsystem instance for: :Context_52
[2025.11.16-11.08.39:992][  6]PIE: Server logged in
[2025.11.16-11.08.39:992][  6]PIE: Play in editor total start time 0.086 seconds.
[2025.11.16-11.08.49:755][589]LogSlate: Updating window title bar state: overlay mode, drag disabled, window buttons hidden, title bar hidden
[2025.11.16-11.08.49:755][589]LogWorld: BeginTearingDown for /Game/Levels/UEDPIE_0_Main
[2025.11.16-11.08.49:756][589]LogWorld: UWorld::CleanupWorld for Main, bSessionEnded=true, bCleanupResources=true
[2025.11.16-11.08.49:756][589]LogSlate: InvalidateAllWidgets triggered.  All widgets were invalidated
[2025.11.16-11.08.49:766][589]LogPlayLevel: Display: Shutting down PIE online subsystems
[2025.11.16-11.08.49:769][589]LogSlate: InvalidateAllWidgets triggered.  All widgets were invalidated
[2025.11.16-11.08.49:829][589]LogSlate: Updating window title bar state: overlay mode, drag disabled, window buttons hidden, title bar hidden
[2025.11.16-11.08.49:830][589]LogAISub: UAISubsystem::~UAISubsystem AIPerceptionSystem (000002221ABEE840), frame # 134589
[2025.11.16-11.08.49:830][589]LogAISub: UAISubsystem::~UAISubsystem EnvQueryManager (000002223C6EFE00), frame # 134589
[2025.11.16-11.08.49:833][589]LogUObjectHash: Compacting FUObjectHashTables data took   2.00ms
[2025.11.16-11.08.49:855][590]LogPlayLevel: Display: Destroying online subsystem :Context_52
[2025.11.16-11.08.59:782][150]BlueprintLog: New page: Compile ye
[2025.11.16-11.08.59:850][150]LogUObjectHash: Compacting FUObjectHashTables data took   1.81ms
[2025.11.16-11.09.00:117][157]Cmd: OBJ SAVEPACKAGE PACKAGE="/Game/Cameras/ye" FILE="../../../../../../Git/Saf/GameUniHack/PixelPerfect/Content/Cameras/ye.uasset" SILENT=true
[2025.11.16-11.09.00:157][157]LogSavePackage: Moving '../../../../../../Git/Saf/GameUniHack/PixelPerfect/Saved/ye20175F8D466010AB94945E9BB372F752.tmp' to '../../../../../../Git/Saf/GameUniHack/PixelPerfect/Content/Cameras/ye.uasset'
[2025.11.16-11.09.00:174][157]AssetCheck: New page: Asset Save: ye
[2025.11.16-11.09.00:174][157]LogContentValidation: Display: Validating Blueprint /Game/Cameras/ye.ye
[2025.11.16-11.09.00:448][169]Cmd: OBJ SAVEPACKAGE PACKAGE="/Game/Cameras/ye" FILE="../../../../../../Git/Saf/GameUniHack/PixelPerfect/Content/Cameras/ye.uasset" SILENT=true
[2025.11.16-11.09.00:491][169]LogSavePackage: Moving '../../../../../../Git/Saf/GameUniHack/PixelPerfect/Saved/ye4FA4932F4FD3E5B81D172FB42B00B4DE.tmp' to '../../../../../../Git/Saf/GameUniHack/PixelPerfect/Content/Cameras/ye.uasset'
[2025.11.16-11.09.00:506][169]AssetCheck: New page: Asset Save: ye
[2025.11.16-11.09.00:506][169]LogContentValidation: Display: Validating Blueprint /Game/Cameras/ye.ye
[2025.11.16-11.09.02:709][300]LogEditorViewport: Clicking on Actor (LMB): ye_C (ye)
[2025.11.16-11.09.03:908][367]Cmd: ACTOR SELECT ALL
[2025.11.16-11.09.05:609][467]LogEditorViewport: Clicking on Actor (LMB): StaticMeshActor (Warehouse)
[2025.11.16-11.09.06:437][510]Cmd: OBJ SAVEPACKAGE PACKAGE="/Game/Levels/Main" FILE="../../../../../../Git/Saf/GameUniHack/PixelPerfect/Content/Levels/Main.umap" SILENT=true AUTOSAVING=false KEEPDIRTY=false
[2025.11.16-11.09.06:483][510]LogUObjectHash: Compacting FUObjectHashTables data took   1.97ms
[2025.11.16-11.09.06:525][510]LogSavePackage: Moving '../../../../../../Git/Saf/GameUniHack/PixelPerfect/Saved/Main91919B0E44C4F711F75FEAA1DD15E0B2.tmp' to '../../../../../../Git/Saf/GameUniHack/PixelPerfect/Content/Levels/Main.umap'
[2025.11.16-11.09.06:566][510]AssetCheck: New page: Asset Save: Main
[2025.11.16-11.09.06:566][510]LogContentValidation: Display: Validating World /Game/Levels/Main.Main
[2025.11.16-11.09.08:187][606]LogEditorViewport: Clicking on Actor (LMB): BP_Sky_Sphere_C (BP_Sky_Sphere)
[2025.11.16-11.09.08:381][614]Cmd: OBJ SAVEPACKAGE PACKAGE="/Game/Levels/Main" FILE="../../../../../../Git/Saf/GameUniHack/PixelPerfect/Content/Levels/Main.umap" SILENT=true AUTOSAVING=false KEEPDIRTY=false
[2025.11.16-11.09.08:421][614]LogUObjectHash: Compacting FUObjectHashTables data took   1.53ms
[2025.11.16-11.09.08:459][614]LogSavePackage: Moving '../../../../../../Git/Saf/GameUniHack/PixelPerfect/Saved/Main103F50BE4E4FA8645EAE9D8132CE33FA.tmp' to '../../../../../../Git/Saf/GameUniHack/PixelPerfect/Content/Levels/Main.umap'
[2025.11.16-11.09.08:495][614]AssetCheck: New page: Asset Save: Main
[2025.11.16-11.09.08:495][614]LogContentValidation: Display: Validating World /Game/Levels/Main.Main
[2025.11.16-11.09.59:554][973]Cmd: OBJ SAVEPACKAGE PACKAGE="/Game/Levels/Main" FILE="../../../../../../Git/Saf/GameUniHack/PixelPerfect/Content/Levels/Main.umap" SILENT=true AUTOSAVING=false KEEPDIRTY=false
[2025.11.16-11.09.59:599][973]LogUObjectHash: Compacting FUObjectHashTables data took   1.08ms
[2025.11.16-11.09.59:639][973]LogSavePackage: Moving '../../../../../../Git/Saf/GameUniHack/PixelPerfect/Saved/Main3CB2BE574E2398D2C614B6B27AE2740F.tmp' to '../../../../../../Git/Saf/GameUniHack/PixelPerfect/Content/Levels/Main.umap'
[2025.11.16-11.09.59:693][973]AssetCheck: New page: Asset Save: Main
[2025.11.16-11.09.59:693][973]LogContentValidation: Display: Validating World /Game/Levels/Main.Main
[2025.11.16-11.10.01:000][ 47]Cmd: OBJ SAVEPACKAGE PACKAGE="/Game/Levels/Main" FILE="../../../../../../Git/Saf/GameUniHack/PixelPerfect/Content/Levels/Main.umap" SILENT=true AUTOSAVING=false KEEPDIRTY=false
[2025.11.16-11.10.01:034][ 47]LogUObjectHash: Compacting FUObjectHashTables data took   0.48ms
[2025.11.16-11.10.01:089][ 47]LogSavePackage: Moving '../../../../../../Git/Saf/GameUniHack/PixelPerfect/Saved/Main512B0B574B91C7E11D32858CCFD54CBB.tmp' to '../../../../../../Git/Saf/GameUniHack/PixelPerfect/Content/Levels/Main.umap'
[2025.11.16-11.10.01:145][ 47]AssetCheck: New page: Asset Save: Main
[2025.11.16-11.10.01:145][ 47]LogContentValidation: Display: Validating World /Game/Levels/Main.Main
[2025.11.16-11.10.10:009][557]LogAssetEditorSubsystem: Opening Asset editor for Blueprint /Game/Intreactable/Train.Train
[2025.11.16-11.10.25:449][396]Cmd: OBJ SAVEPACKAGE PACKAGE="/Game/Levels/Main" FILE="../../../../../../Git/Saf/GameUniHack/PixelPerfect/Content/Levels/Main.umap" SILENT=true AUTOSAVING=false KEEPDIRTY=false
[2025.11.16-11.10.25:499][396]LogUObjectHash: Compacting FUObjectHashTables data took   1.71ms
[2025.11.16-11.10.25:538][396]LogSavePackage: Moving '../../../../../../Git/Saf/GameUniHack/PixelPerfect/Saved/MainCAD180394F501926D5A160B1B1C5A0F0.tmp' to '../../../../../../Git/Saf/GameUniHack/PixelPerfect/Content/Levels/Main.umap'
[2025.11.16-11.10.25:582][396]AssetCheck: New page: Asset Save: Main
[2025.11.16-11.10.25:582][396]LogContentValidation: Display: Validating World /Game/Levels/Main.Main
[2025.11.16-11.10.26:217][429]LogAssetEditorSubsystem: Opening Asset editor for Blueprint /Game/Interfaces/MoveObjs.MoveObjs
[2025.11.16-11.10.27:708][502]BlueprintLog: New page: Compile MoveObjs
[2025.11.16-11.10.27:751][502]LogUObjectHash: Compacting FUObjectHashTables data took   3.52ms
[2025.11.16-11.10.28:137][520]Cmd: OBJ SAVEPACKAGE PACKAGE="/Game/Interfaces/MoveObjs" FILE="../../../../../../Git/Saf/GameUniHack/PixelPerfect/Content/Interfaces/MoveObjs.uasset" SILENT=true
[2025.11.16-11.10.28:141][520]LogSavePackage: Moving '../../../../../../Git/Saf/GameUniHack/PixelPerfect/Saved/MoveObjs6318A69344B5C43C50C29EBED8E721E7.tmp' to '../../../../../../Git/Saf/GameUniHack/PixelPerfect/Content/Interfaces/MoveObjs.uasset'
[2025.11.16-11.10.28:163][520]AssetCheck: New page: Asset Save: MoveObjs
[2025.11.16-11.10.28:163][520]LogContentValidation: Display: Validating Blueprint /Game/Interfaces/MoveObjs.MoveObjs
[2025.11.16-11.11.13:047][173]BlueprintLog: New page: Compile MoveObjs
[2025.11.16-11.11.13:092][173]LogUObjectHash: Compacting FUObjectHashTables data took   2.67ms
[2025.11.16-11.11.13:382][186]Cmd: OBJ SAVEPACKAGE PACKAGE="/Game/Interfaces/MoveObjs" FILE="../../../../../../Git/Saf/GameUniHack/PixelPerfect/Content/Interfaces/MoveObjs.uasset" SILENT=true
[2025.11.16-11.11.13:432][186]LogSavePackage: Moving '../../../../../../Git/Saf/GameUniHack/PixelPerfect/Saved/MoveObjs65537EC9489354373A6ADFBCEC464DBF.tmp' to '../../../../../../Git/Saf/GameUniHack/PixelPerfect/Content/Interfaces/MoveObjs.uasset'
[2025.11.16-11.11.13:455][186]AssetCheck: New page: Asset Save: MoveObjs
[2025.11.16-11.11.13:455][186]LogContentValidation: Display: Validating Blueprint /Game/Interfaces/MoveObjs.MoveObjs
[2025.11.16-11.11.13:689][198]Cmd: OBJ SAVEPACKAGE PACKAGE="/Game/Interfaces/MoveObjs" FILE="../../../../../../Git/Saf/GameUniHack/PixelPerfect/Content/Interfaces/MoveObjs.uasset" SILENT=true
[2025.11.16-11.11.13:713][198]LogSavePackage: Moving '../../../../../../Git/Saf/GameUniHack/PixelPerfect/Saved/MoveObjsDECB7C6449B5C3FAF635A4AE0A6AE5CB.tmp' to '../../../../../../Git/Saf/GameUniHack/PixelPerfect/Content/Interfaces/MoveObjs.uasset'
[2025.11.16-11.11.13:726][198]AssetCheck: New page: Asset Save: MoveObjs
[2025.11.16-11.11.13:726][198]LogContentValidation: Display: Validating Blueprint /Game/Interfaces/MoveObjs.MoveObjs
[2025.11.16-11.11.19:055][402]LogSlate: Window 'Message' being destroyed
[2025.11.16-11.11.19:065][402]Message dialog closed, result: No, title: Message, text: Would you like to transfer the interface functions to be part of your blueprint?
[2025.11.16-11.11.22:862][618]BlueprintLog: New page: Compile Train
[2025.11.16-11.11.22:924][618]LogUObjectHash: Compacting FUObjectHashTables data took   2.19ms
[2025.11.16-11.11.23:257][632]Cmd: OBJ SAVEPACKAGE PACKAGE="/Game/Intreactable/Train" FILE="../../../../../../Git/Saf/GameUniHack/PixelPerfect/Content/Intreactable/Train.uasset" SILENT=true
[2025.11.16-11.11.23:295][632]LogSavePackage: Moving '../../../../../../Git/Saf/GameUniHack/PixelPerfect/Saved/Train7F7B6B67473F5A322E345F80EAF5442A.tmp' to '../../../../../../Git/Saf/GameUniHack/PixelPerfect/Content/Intreactable/Train.uasset'
[2025.11.16-11.11.23:309][632]AssetCheck: New page: Asset Save: Train
[2025.11.16-11.11.23:309][632]LogContentValidation: Display: Validating Blueprint /Game/Intreactable/Train.Train
[2025.11.16-11.11.25:426][758]LogSlate: Prevented a slow task dialog from being summoned while a context menu was open
[2025.11.16-11.11.30:028][ 24]BlueprintLog: New page: Compile Train
[2025.11.16-11.11.30:085][ 24]LogUObjectHash: Compacting FUObjectHashTables data took   1.96ms
[2025.11.16-11.11.30:361][ 36]Cmd: OBJ SAVEPACKAGE PACKAGE="/Game/Intreactable/Train" FILE="../../../../../../Git/Saf/GameUniHack/PixelPerfect/Content/Intreactable/Train.uasset" SILENT=true
[2025.11.16-11.11.30:396][ 36]LogSavePackage: Moving '../../../../../../Git/Saf/GameUniHack/PixelPerfect/Saved/TrainB8E872864025788415EB8ABDBCC6BEEF.tmp' to '../../../../../../Git/Saf/GameUniHack/PixelPerfect/Content/Intreactable/Train.uasset'
[2025.11.16-11.11.30:421][ 36]AssetCheck: New page: Asset Save: Train
[2025.11.16-11.11.30:421][ 36]LogContentValidation: Display: Validating Blueprint /Game/Intreactable/Train.Train
[2025.11.16-11.11.30:537][ 42]Cmd: OBJ SAVEPACKAGE PACKAGE="/Game/Intreactable/Train" FILE="../../../../../../Git/Saf/GameUniHack/PixelPerfect/Content/Intreactable/Train.uasset" SILENT=true
[2025.11.16-11.11.30:566][ 42]LogSavePackage: Moving '../../../../../../Git/Saf/GameUniHack/PixelPerfect/Saved/TrainCA9FBD9149CD026CB919BA96A8F05FC3.tmp' to '../../../../../../Git/Saf/GameUniHack/PixelPerfect/Content/Intreactable/Train.uasset'
[2025.11.16-11.11.30:590][ 42]AssetCheck: New page: Asset Save: Train
[2025.11.16-11.11.30:590][ 42]LogContentValidation: Display: Validating Blueprint /Game/Intreactable/Train.Train
[2025.11.16-11.11.36:046][351]BlueprintLog: New page: Compile Train
[2025.11.16-11.11.36:109][351]LogUObjectHash: Compacting FUObjectHashTables data took   1.88ms
[2025.11.16-11.11.36:312][358]Cmd: OBJ SAVEPACKAGE PACKAGE="/Game/Intreactable/Train" FILE="../../../../../../Git/Saf/GameUniHack/PixelPerfect/Content/Intreactable/Train.uasset" SILENT=true
[2025.11.16-11.11.36:349][358]LogSavePackage: Moving '../../../../../../Git/Saf/GameUniHack/PixelPerfect/Saved/Train03042B414E4D0C6294A4429385A77F3A.tmp' to '../../../../../../Git/Saf/GameUniHack/PixelPerfect/Content/Intreactable/Train.uasset'
[2025.11.16-11.11.36:376][358]AssetCheck: New page: Asset Save: Train
[2025.11.16-11.11.36:376][358]LogContentValidation: Display: Validating Blueprint /Game/Intreactable/Train.Train
[2025.11.16-11.11.37:122][401]Cmd: OBJ SAVEPACKAGE PACKAGE="/Game/Intreactable/Train" FILE="../../../../../../Git/Saf/GameUniHack/PixelPerfect/Content/Intreactable/Train.uasset" SILENT=true
[2025.11.16-11.11.37:154][401]LogSavePackage: Moving '../../../../../../Git/Saf/GameUniHack/PixelPerfect/Saved/Train38E01AA242C8EA8273A5CABC1C1EBB0F.tmp' to '../../../../../../Git/Saf/GameUniHack/PixelPerfect/Content/Intreactable/Train.uasset'
[2025.11.16-11.11.37:167][401]AssetCheck: New page: Asset Save: Train
[2025.11.16-11.11.37:167][401]LogContentValidation: Display: Validating Blueprint /Game/Intreactable/Train.Train
[2025.11.16-11.11.50:726][153]BlueprintLog: New page: Compile Train
[2025.11.16-11.11.50:788][153]LogUObjectHash: Compacting FUObjectHashTables data took   2.14ms
[2025.11.16-11.11.51:131][167]Cmd: OBJ SAVEPACKAGE PACKAGE="/Game/Intreactable/Train" FILE="../../../../../../Git/Saf/GameUniHack/PixelPerfect/Content/Intreactable/Train.uasset" SILENT=true
[2025.11.16-11.11.51:167][167]LogSavePackage: Moving '../../../../../../Git/Saf/GameUniHack/PixelPerfect/Saved/TrainE0DF61C044C3CBE8CCCE4F8CB8B437C6.tmp' to '../../../../../../Git/Saf/GameUniHack/PixelPerfect/Content/Intreactable/Train.uasset'
[2025.11.16-11.11.51:184][167]AssetCheck: New page: Asset Save: Train
[2025.11.16-11.11.51:185][167]LogContentValidation: Display: Validating Blueprint /Game/Intreactable/Train.Train
[2025.11.16-11.11.57:287][505]LogWorld: UWorld::CleanupWorld for World_28, bSessionEnded=true, bCleanupResources=true
[2025.11.16-11.11.57:287][505]LogSlate: InvalidateAllWidgets triggered.  All widgets were invalidated
[2025.11.16-11.11.58:609][555]LogWorld: UWorld::CleanupWorld for World_27, bSessionEnded=true, bCleanupResources=true
[2025.11.16-11.11.58:609][555]LogSlate: InvalidateAllWidgets triggered.  All widgets were invalidated
[2025.11.16-11.11.58:626][555]LogWorld: UWorld::CleanupWorld for World_26, bSessionEnded=true, bCleanupResources=true
[2025.11.16-11.11.58:626][555]LogSlate: InvalidateAllWidgets triggered.  All widgets were invalidated
[2025.11.16-11.12.01:717][724]Cmd: OBJ SAVEPACKAGE PACKAGE="/Game/Levels/Main" FILE="../../../../../../Git/Saf/GameUniHack/PixelPerfect/Content/Levels/Main.umap" SILENT=true AUTOSAVING=false KEEPDIRTY=false
[2025.11.16-11.12.01:762][724]LogUObjectHash: Compacting FUObjectHashTables data took   1.99ms
[2025.11.16-11.12.01:803][724]LogSavePackage: Moving '../../../../../../Git/Saf/GameUniHack/PixelPerfect/Saved/Main8D4019F34646890FD01A288268972304.tmp' to '../../../../../../Git/Saf/GameUniHack/PixelPerfect/Content/Levels/Main.umap'
[2025.11.16-11.12.01:845][724]AssetCheck: New page: Asset Save: Main
[2025.11.16-11.12.01:845][724]LogContentValidation: Display: Validating World /Game/Levels/Main.Main
[2025.11.16-11.12.02:727][767]LogMaterial: Display: Missing cached shader map for material Material_0, compiling. 
[2025.11.16-11.12.02:746][768]LogShaderCompilers: Display: Worker (1/9): shaders left to compile 4
[2025.11.16-11.12.02:746][768]LogShaderCompilers: Display: Worker (2/9): shaders left to compile 3
[2025.11.16-11.12.02:746][768]LogShaderCompilers: Display: Worker (3/9): shaders left to compile 2
[2025.11.16-11.12.02:746][768]LogShaderCompilers: Display: Worker (4/9): shaders left to compile 1
[2025.11.16-11.12.04:426][856]LogTemp: Repeating last play command: Selected Viewport
[2025.11.16-11.12.04:442][856]LogPlayLevel: PlayLevel: No blueprints needed recompiling
[2025.11.16-11.12.04:443][856]PIE: New page: PIE session: Main (Nov 16, 2025, 3:12:04 PM)
[2025.11.16-11.12.04:443][856]LogPlayLevel: Creating play world package: /Game/Levels/UEDPIE_0_Main
[2025.11.16-11.12.04:453][856]LogPlayLevel: PIE: StaticDuplicateObject took: (0.010083s)
[2025.11.16-11.12.04:454][856]LogAIModule: Creating AISystem for world Main
[2025.11.16-11.12.04:454][856]LogAISub: UAISubsystem::UAISubsystem EnvQueryManager (00000222674DE600), frame # 142856
[2025.11.16-11.12.04:454][856]LogAISub: UAISubsystem::UAISubsystem AIPerceptionSystem (000002220C082E80), frame # 142856
[2025.11.16-11.12.04:454][856]LogPlayLevel: PIE: World Init took: (0.001615s)
[2025.11.16-11.12.04:454][856]LogPlayLevel: PIE: Created PIE world by copying editor world from /Game/Levels/Main.Main to /Game/Levels/UEDPIE_0_Main.Main (0.011908s)
[2025.11.16-11.12.04:491][856]LogUObjectHash: Compacting FUObjectHashTables data took   1.75ms
[2025.11.16-11.12.04:493][856]LogAudioMixer: Display: Audio Mixer Platform Settings:
[2025.11.16-11.12.04:493][856]LogAudioMixer: Display: 	Sample Rate:						  48000
[2025.11.16-11.12.04:494][856]LogAudioMixer: Display: 	Callback Buffer Frame Size Requested: 1024
[2025.11.16-11.12.04:494][856]LogAudioMixer: Display: 	Callback Buffer Frame Size To Use:	  1024
[2025.11.16-11.12.04:494][856]LogAudioMixer: Display: 	Number of buffers to queue:			  2
[2025.11.16-11.12.04:494][856]LogAudioMixer: Display: 	Max Channels (voices):				  32
[2025.11.16-11.12.04:494][856]LogAudioMixer: Display: 	Number of Async Source Workers:		  0
[2025.11.16-11.12.04:494][856]LogAudio: Display: AudioDevice MaxSources: 32
[2025.11.16-11.12.04:494][856]LogAudio: Display: Using built-in audio occlusion.
[2025.11.16-11.12.04:494][856]LogAudioMixer: Display: Initializing audio mixer.
[2025.11.16-11.12.04:498][856]LogAudioMixer: Display: 0: FrontLeft
[2025.11.16-11.12.04:498][856]LogAudioMixer: Display: 1: FrontRight
[2025.11.16-11.12.04:512][856]LogAudioMixer: Display: Using Audio Device FxSound Speakers (FxSound Audio Enhancer)
[2025.11.16-11.12.04:512][856]LogAudioMixer: Display: Initializing Sound Submixes...
[2025.11.16-11.12.04:512][856]LogAudioMixer: Display: Creating Master Submix 'MasterSubmixDefault'
[2025.11.16-11.12.04:512][856]LogAudioMixer: Display: Creating Master Submix 'MasterReverbSubmixDefault'
[2025.11.16-11.12.04:513][856]LogAudioMixer: Display: Creating Master Submix 'MasterEQSubmixDefault'
[2025.11.16-11.12.04:515][856]LogInit: FAudioDevice initialized.
[2025.11.16-11.12.04:537][856]LogLoad: Game class is 'PlayerGameModeBase_C'
[2025.11.16-11.12.04:539][856]LogSkeletalMesh: USkeletalMeshComponent::InitArticulated : Could not find root physics body: '/Game/Levels/UEDPIE_0_Main.Main:PersistentLevel.Phone_2.CharacterMesh0'
[2025.11.16-11.12.04:539][856]LogSkeletalMesh: USkeletalMeshComponent::InitArticulated : Could not find root physics body: '/Game/Levels/UEDPIE_0_Main.Main:PersistentLevel.ComputerBoss_2.CharacterMesh0'
[2025.11.16-11.12.04:539][856]LogWorld: Bringing World /Game/Levels/UEDPIE_0_Main.Main up for play (max tick rate 60) at 2025.11.16-13.12.04
[2025.11.16-11.12.04:540][856]LogWorld: Bringing up level for play took: 0.002168
[2025.11.16-11.12.04:540][856]LogOnline: OSS: Creating online subsystem instance for: :Context_59
[2025.11.16-11.12.04:544][856]PIE: Server logged in
[2025.11.16-11.12.04:544][856]PIE: Play in editor total start time 0.103 seconds.
[2025.11.16-11.12.05:625][911]LogSlate: Updating window title bar state: overlay mode, drag disabled, window buttons hidden, title bar hidden
[2025.11.16-11.12.05:625][911]LogWorld: BeginTearingDown for /Game/Levels/UEDPIE_0_Main
[2025.11.16-11.12.05:626][911]LogWorld: UWorld::CleanupWorld for Main, bSessionEnded=true, bCleanupResources=true
[2025.11.16-11.12.05:626][911]LogSlate: InvalidateAllWidgets triggered.  All widgets were invalidated
[2025.11.16-11.12.05:654][911]LogPlayLevel: Display: Shutting down PIE online subsystems
[2025.11.16-11.12.05:657][911]LogSlate: InvalidateAllWidgets triggered.  All widgets were invalidated
[2025.11.16-11.12.05:715][911]LogSlate: Updating window title bar state: overlay mode, drag disabled, window buttons hidden, title bar hidden
[2025.11.16-11.12.05:716][911]LogAISub: UAISubsystem::~UAISubsystem AIPerceptionSystem (000002220C082E80), frame # 142911
[2025.11.16-11.12.05:716][911]LogAISub: UAISubsystem::~UAISubsystem EnvQueryManager (00000222674DE600), frame # 142911
[2025.11.16-11.12.05:718][911]LogUObjectHash: Compacting FUObjectHashTables data took   1.54ms
[2025.11.16-11.12.05:743][912]LogPlayLevel: Display: Destroying online subsystem :Context_59
[2025.11.16-11.12.08:318][ 44]LogAssetEditorSubsystem: Opening Asset editor for WidgetBlueprint /Game/UI/Hud.Hud
[2025.11.16-11.12.10:252][135]BlueprintLog: New page: Compile Hud
[2025.11.16-11.12.10:294][135]LogUObjectHash: Compacting FUObjectHashTables data took   2.27ms
[2025.11.16-11.12.10:597][146]Cmd: OBJ SAVEPACKAGE PACKAGE="/Game/UI/Hud" FILE="../../../../../../Git/Saf/GameUniHack/PixelPerfect/Content/UI/Hud.uasset" SILENT=true
[2025.11.16-11.12.10:635][146]LogSavePackage: Moving '../../../../../../Git/Saf/GameUniHack/PixelPerfect/Saved/Hud3B972FCB45FB523C3C6369BF3CEEDEC0.tmp' to '../../../../../../Git/Saf/GameUniHack/PixelPerfect/Content/UI/Hud.uasset'
[2025.11.16-11.12.10:651][146]AssetCheck: New page: Asset Save: Hud
[2025.11.16-11.12.10:651][146]LogContentValidation: Display: Validating WidgetBlueprint /Game/UI/Hud.Hud
[2025.11.16-11.12.12:859][269]LogTemp: Repeating last play command: Selected Viewport
[2025.11.16-11.12.12:875][269]LogPlayLevel: PlayLevel: No blueprints needed recompiling
[2025.11.16-11.12.12:875][269]PIE: New page: PIE session: Main (Nov 16, 2025, 3:12:12 PM)
[2025.11.16-11.12.12:875][269]LogPlayLevel: Creating play world package: /Game/Levels/UEDPIE_0_Main
[2025.11.16-11.12.12:880][269]LogPlayLevel: PIE: StaticDuplicateObject took: (0.005006s)
[2025.11.16-11.12.12:881][269]LogAIModule: Creating AISystem for world Main
[2025.11.16-11.12.12:881][269]LogAISub: UAISubsystem::UAISubsystem EnvQueryManager (00000221D7BC2800), frame # 143269
[2025.11.16-11.12.12:881][269]LogAISub: UAISubsystem::UAISubsystem AIPerceptionSystem (00000221407C0CC0), frame # 143269
[2025.11.16-11.12.12:882][269]LogPlayLevel: PIE: World Init took: (0.001690s)
[2025.11.16-11.12.12:882][269]LogPlayLevel: PIE: Created PIE world by copying editor world from /Game/Levels/Main.Main to /Game/Levels/UEDPIE_0_Main.Main (0.006840s)
[2025.11.16-11.12.12:917][269]LogUObjectHash: Compacting FUObjectHashTables data took   2.50ms
[2025.11.16-11.12.12:919][269]LogAudioMixer: Display: Audio Mixer Platform Settings:
[2025.11.16-11.12.12:919][269]LogAudioMixer: Display: 	Sample Rate:						  48000
[2025.11.16-11.12.12:919][269]LogAudioMixer: Display: 	Callback Buffer Frame Size Requested: 1024
[2025.11.16-11.12.12:919][269]LogAudioMixer: Display: 	Callback Buffer Frame Size To Use:	  1024
[2025.11.16-11.12.12:919][269]LogAudioMixer: Display: 	Number of buffers to queue:			  2
[2025.11.16-11.12.12:919][269]LogAudioMixer: Display: 	Max Channels (voices):				  32
[2025.11.16-11.12.12:919][269]LogAudioMixer: Display: 	Number of Async Source Workers:		  0
[2025.11.16-11.12.12:919][269]LogAudio: Display: AudioDevice MaxSources: 32
[2025.11.16-11.12.12:919][269]LogAudio: Display: Using built-in audio occlusion.
[2025.11.16-11.12.12:919][269]LogAudioMixer: Display: Initializing audio mixer.
[2025.11.16-11.12.12:922][269]LogAudioMixer: Display: 0: FrontLeft
[2025.11.16-11.12.12:922][269]LogAudioMixer: Display: 1: FrontRight
[2025.11.16-11.12.12:933][269]LogAudioMixer: Display: Using Audio Device FxSound Speakers (FxSound Audio Enhancer)
[2025.11.16-11.12.12:934][269]LogAudioMixer: Display: Initializing Sound Submixes...
[2025.11.16-11.12.12:934][269]LogAudioMixer: Display: Creating Master Submix 'MasterSubmixDefault'
[2025.11.16-11.12.12:934][269]LogAudioMixer: Display: Creating Master Submix 'MasterReverbSubmixDefault'
[2025.11.16-11.12.12:935][269]LogAudioMixer: Display: Creating Master Submix 'MasterEQSubmixDefault'
[2025.11.16-11.12.12:954][269]LogInit: FAudioDevice initialized.
[2025.11.16-11.12.12:963][269]LogLoad: Game class is 'PlayerGameModeBase_C'
[2025.11.16-11.12.12:966][269]LogSkeletalMesh: USkeletalMeshComponent::InitArticulated : Could not find root physics body: '/Game/Levels/UEDPIE_0_Main.Main:PersistentLevel.Phone_2.CharacterMesh0'
[2025.11.16-11.12.12:966][269]LogSkeletalMesh: USkeletalMeshComponent::InitArticulated : Could not find root physics body: '/Game/Levels/UEDPIE_0_Main.Main:PersistentLevel.ComputerBoss_2.CharacterMesh0'
[2025.11.16-11.12.12:966][269]LogWorld: Bringing World /Game/Levels/UEDPIE_0_Main.Main up for play (max tick rate 60) at 2025.11.16-13.12.12
[2025.11.16-11.12.12:967][269]LogWorld: Bringing up level for play took: 0.002904
[2025.11.16-11.12.12:967][269]LogOnline: OSS: Creating online subsystem instance for: :Context_62
[2025.11.16-11.12.12:970][269]PIE: Server logged in
[2025.11.16-11.12.12:970][269]PIE: Play in editor total start time 0.097 seconds.
[2025.11.16-11.12.19:377][651]LogBlueprintUserMessages: [ye_2] Hello
[2025.11.16-11.12.19:377][651]LogBlueprintUserMessages: [ye_2] Hello
[2025.11.16-11.12.20:037][688]LogSlate: Updating window title bar state: overlay mode, drag disabled, window buttons hidden, title bar hidden
[2025.11.16-11.12.20:037][688]LogWorld: BeginTearingDown for /Game/Levels/UEDPIE_0_Main
[2025.11.16-11.12.20:038][688]LogWorld: UWorld::CleanupWorld for Main, bSessionEnded=true, bCleanupResources=true
[2025.11.16-11.12.20:038][688]LogSlate: InvalidateAllWidgets triggered.  All widgets were invalidated
[2025.11.16-11.12.20:059][688]LogPlayLevel: Display: Shutting down PIE online subsystems
[2025.11.16-11.12.20:064][688]LogSlate: InvalidateAllWidgets triggered.  All widgets were invalidated
[2025.11.16-11.12.20:124][688]LogSlate: Updating window title bar state: overlay mode, drag disabled, window buttons hidden, title bar hidden
[2025.11.16-11.12.20:125][688]LogAISub: UAISubsystem::~UAISubsystem AIPerceptionSystem (00000221407C0CC0), frame # 143688
[2025.11.16-11.12.20:125][688]LogAISub: UAISubsystem::~UAISubsystem EnvQueryManager (00000221D7BC2800), frame # 143688
[2025.11.16-11.12.20:127][688]LogUObjectHash: Compacting FUObjectHashTables data took   1.47ms
[2025.11.16-11.12.20:152][689]LogPlayLevel: Display: Destroying online subsystem :Context_62
[2025.11.16-11.12.36:815][614]BlueprintLog: New page: Compile ye
[2025.11.16-11.12.36:888][614]LogUObjectHash: Compacting FUObjectHashTables data took   1.85ms
[2025.11.16-11.12.37:205][628]Cmd: OBJ SAVEPACKAGE PACKAGE="/Game/Cameras/ye" FILE="../../../../../../Git/Saf/GameUniHack/PixelPerfect/Content/Cameras/ye.uasset" SILENT=true
[2025.11.16-11.12.37:252][628]LogSavePackage: Moving '../../../../../../Git/Saf/GameUniHack/PixelPerfect/Saved/yeE567EDF94FA9041CC8E081912F20CDFE.tmp' to '../../../../../../Git/Saf/GameUniHack/PixelPerfect/Content/Cameras/ye.uasset'
[2025.11.16-11.12.37:270][628]AssetCheck: New page: Asset Save: ye
[2025.11.16-11.12.37:270][628]LogContentValidation: Display: Validating Blueprint /Game/Cameras/ye.ye
[2025.11.16-11.12.37:564][643]Cmd: OBJ SAVEPACKAGE PACKAGE="/Game/Cameras/ye" FILE="../../../../../../Git/Saf/GameUniHack/PixelPerfect/Content/Cameras/ye.uasset" SILENT=true
[2025.11.16-11.12.37:610][643]LogSavePackage: Moving '../../../../../../Git/Saf/GameUniHack/PixelPerfect/Saved/ye6645D4CD47AD2C81A32E2792A6AF1646.tmp' to '../../../../../../Git/Saf/GameUniHack/PixelPerfect/Content/Cameras/ye.uasset'
[2025.11.16-11.12.37:631][643]AssetCheck: New page: Asset Save: ye
[2025.11.16-11.12.37:631][643]LogContentValidation: Display: Validating Blueprint /Game/Cameras/ye.ye
[2025.11.16-11.12.38:493][693]Cmd: OBJ SAVEPACKAGE PACKAGE="/Game/Levels/Main" FILE="../../../../../../Git/Saf/GameUniHack/PixelPerfect/Content/Levels/Main.umap" SILENT=true AUTOSAVING=false KEEPDIRTY=false
[2025.11.16-11.12.38:542][693]LogUObjectHash: Compacting FUObjectHashTables data took   1.94ms
[2025.11.16-11.12.38:577][693]LogSavePackage: Moving '../../../../../../Git/Saf/GameUniHack/PixelPerfect/Saved/Main2D97E19D4E1DA5CF0BD942B274ECDE76.tmp' to '../../../../../../Git/Saf/GameUniHack/PixelPerfect/Content/Levels/Main.umap'
[2025.11.16-11.12.38:618][693]AssetCheck: New page: Asset Save: Main
[2025.11.16-11.12.38:618][693]LogContentValidation: Display: Validating World /Game/Levels/Main.Main
[2025.11.16-11.12.38:861][708]LogTemp: Repeating last play command: Selected Viewport
[2025.11.16-11.12.38:875][708]LogPlayLevel: PlayLevel: No blueprints needed recompiling
[2025.11.16-11.12.38:875][708]PIE: New page: PIE session: Main (Nov 16, 2025, 3:12:38 PM)
[2025.11.16-11.12.38:875][708]LogPlayLevel: Creating play world package: /Game/Levels/UEDPIE_0_Main
[2025.11.16-11.12.38:881][708]LogPlayLevel: PIE: StaticDuplicateObject took: (0.004711s)
[2025.11.16-11.12.38:882][708]LogAIModule: Creating AISystem for world Main
[2025.11.16-11.12.38:882][708]LogAISub: UAISubsystem::UAISubsystem EnvQueryManager (0000022148226600), frame # 144708
[2025.11.16-11.12.38:882][708]LogAISub: UAISubsystem::UAISubsystem AIPerceptionSystem (000002223BB25D00), frame # 144708
[2025.11.16-11.12.38:882][708]LogPlayLevel: PIE: World Init took: (0.001655s)
[2025.11.16-11.12.38:882][708]LogPlayLevel: PIE: Created PIE world by copying editor world from /Game/Levels/Main.Main to /Game/Levels/UEDPIE_0_Main.Main (0.006537s)
[2025.11.16-11.12.38:920][708]LogUObjectHash: Compacting FUObjectHashTables data took   1.42ms
[2025.11.16-11.12.38:921][708]LogAudioMixer: Display: Audio Mixer Platform Settings:
[2025.11.16-11.12.38:921][708]LogAudioMixer: Display: 	Sample Rate:						  48000
[2025.11.16-11.12.38:921][708]LogAudioMixer: Display: 	Callback Buffer Frame Size Requested: 1024
[2025.11.16-11.12.38:921][708]LogAudioMixer: Display: 	Callback Buffer Frame Size To Use:	  1024
[2025.11.16-11.12.38:921][708]LogAudioMixer: Display: 	Number of buffers to queue:			  2
[2025.11.16-11.12.38:921][708]LogAudioMixer: Display: 	Max Channels (voices):				  32
[2025.11.16-11.12.38:921][708]LogAudioMixer: Display: 	Number of Async Source Workers:		  0
[2025.11.16-11.12.38:921][708]LogAudio: Display: AudioDevice MaxSources: 32
[2025.11.16-11.12.38:921][708]LogAudio: Display: Using built-in audio occlusion.
[2025.11.16-11.12.38:921][708]LogAudioMixer: Display: Initializing audio mixer.
[2025.11.16-11.12.38:925][708]LogAudioMixer: Display: 0: FrontLeft
[2025.11.16-11.12.38:925][708]LogAudioMixer: Display: 1: FrontRight
[2025.11.16-11.12.38:934][708]LogAudioMixer: Display: Using Audio Device FxSound Speakers (FxSound Audio Enhancer)
[2025.11.16-11.12.38:934][708]LogAudioMixer: Display: Initializing Sound Submixes...
[2025.11.16-11.12.38:934][708]LogAudioMixer: Display: Creating Master Submix 'MasterSubmixDefault'
[2025.11.16-11.12.38:935][708]LogAudioMixer: Display: Creating Master Submix 'MasterReverbSubmixDefault'
[2025.11.16-11.12.38:935][708]LogAudioMixer: Display: Creating Master Submix 'MasterEQSubmixDefault'
[2025.11.16-11.12.38:950][708]LogInit: FAudioDevice initialized.
[2025.11.16-11.12.38:961][708]LogLoad: Game class is 'PlayerGameModeBase_C'
[2025.11.16-11.12.38:963][708]LogSkeletalMesh: USkeletalMeshComponent::InitArticulated : Could not find root physics body: '/Game/Levels/UEDPIE_0_Main.Main:PersistentLevel.Phone_2.CharacterMesh0'
[2025.11.16-11.12.38:963][708]LogSkeletalMesh: USkeletalMeshComponent::InitArticulated : Could not find root physics body: '/Game/Levels/UEDPIE_0_Main.Main:PersistentLevel.ComputerBoss_2.CharacterMesh0'
[2025.11.16-11.12.38:963][708]LogWorld: Bringing World /Game/Levels/UEDPIE_0_Main.Main up for play (max tick rate 60) at 2025.11.16-13.12.38
[2025.11.16-11.12.38:964][708]LogScript: Warning: Accessed None trying to read property CallFunc_GetPlayerController_ReturnValue_5
	ye_C /Game/Levels/UEDPIE_0_Main.Main:PersistentLevel.ye_2
	Function /Game/Cameras/ye.ye_C:ExecuteUbergraph_ye:084B
[2025.11.16-11.12.38:964][708]PIE: Error: Blueprint Runtime Error: "Accessed None trying to read property CallFunc_GetPlayerController_ReturnValue_5". Blueprint:  ye Function:  Execute Ubergraph Ye Graph:  EventGraph Node:  Set bShowMouseCursor
[2025.11.16-11.12.38:965][708]LogWorld: Bringing up level for play took: 0.003211
[2025.11.16-11.12.38:965][708]LogOnline: OSS: Creating online subsystem instance for: :Context_63
[2025.11.16-11.12.38:968][708]PIE: Server logged in
[2025.11.16-11.12.38:969][708]PIE: Play in editor total start time 0.094 seconds.
[2025.11.16-11.12.41:656][867]LogSlate: Updating window title bar state: overlay mode, drag disabled, window buttons hidden, title bar hidden
[2025.11.16-11.12.41:656][867]LogWorld: BeginTearingDown for /Game/Levels/UEDPIE_0_Main
[2025.11.16-11.12.41:657][867]LogWorld: UWorld::CleanupWorld for Main, bSessionEnded=true, bCleanupResources=true
[2025.11.16-11.12.41:657][867]LogSlate: InvalidateAllWidgets triggered.  All widgets were invalidated
[2025.11.16-11.12.41:710][867]LogPlayLevel: Display: Shutting down PIE online subsystems
[2025.11.16-11.12.41:714][867]LogSlate: InvalidateAllWidgets triggered.  All widgets were invalidated
[2025.11.16-11.12.41:773][867]LogSlate: Updating window title bar state: overlay mode, drag disabled, window buttons hidden, title bar hidden
[2025.11.16-11.12.41:774][867]LogAISub: UAISubsystem::~UAISubsystem AIPerceptionSystem (000002223BB25D00), frame # 144867
[2025.11.16-11.12.41:774][867]LogAISub: UAISubsystem::~UAISubsystem EnvQueryManager (0000022148226600), frame # 144867
[2025.11.16-11.12.41:776][867]LogUObjectHash: Compacting FUObjectHashTables data took   1.37ms
[2025.11.16-11.12.41:940][868]LogPlayLevel: Display: Destroying online subsystem :Context_63
[2025.11.16-11.12.42:996][918]LogSlate: Window 'Message Log' being destroyed
[2025.11.16-11.12.43:006][918]LogSlate: Window 'Message Log' being destroyed
[2025.11.16-11.12.44:142][984]LogTemp: Repeating last play command: Selected Viewport
[2025.11.16-11.12.44:157][984]LogPlayLevel: PlayLevel: No blueprints needed recompiling
[2025.11.16-11.12.44:157][984]PIE: New page: PIE session: Main (Nov 16, 2025, 3:12:44 PM)
[2025.11.16-11.12.44:157][984]LogPlayLevel: Creating play world package: /Game/Levels/UEDPIE_0_Main
[2025.11.16-11.12.44:162][984]LogPlayLevel: PIE: StaticDuplicateObject took: (0.004438s)
[2025.11.16-11.12.44:162][984]LogAIModule: Creating AISystem for world Main
[2025.11.16-11.12.44:162][984]LogAISub: UAISubsystem::UAISubsystem EnvQueryManager (00000221BA29BA00), frame # 144984
[2025.11.16-11.12.44:162][984]LogAISub: UAISubsystem::UAISubsystem AIPerceptionSystem (000002223BE11940), frame # 144984
[2025.11.16-11.12.44:162][984]LogPlayLevel: PIE: World Init took: (0.000909s)
[2025.11.16-11.12.44:162][984]LogPlayLevel: PIE: Created PIE world by copying editor world from /Game/Levels/Main.Main to /Game/Levels/UEDPIE_0_Main.Main (0.005443s)
[2025.11.16-11.12.44:199][984]LogUObjectHash: Compacting FUObjectHashTables data took   1.40ms
[2025.11.16-11.12.44:200][984]LogAudioMixer: Display: Audio Mixer Platform Settings:
[2025.11.16-11.12.44:200][984]LogAudioMixer: Display: 	Sample Rate:						  48000
[2025.11.16-11.12.44:200][984]LogAudioMixer: Display: 	Callback Buffer Frame Size Requested: 1024
[2025.11.16-11.12.44:200][984]LogAudioMixer: Display: 	Callback Buffer Frame Size To Use:	  1024
[2025.11.16-11.12.44:200][984]LogAudioMixer: Display: 	Number of buffers to queue:			  2
[2025.11.16-11.12.44:200][984]LogAudioMixer: Display: 	Max Channels (voices):				  32
[2025.11.16-11.12.44:200][984]LogAudioMixer: Display: 	Number of Async Source Workers:		  0
[2025.11.16-11.12.44:200][984]LogAudio: Display: AudioDevice MaxSources: 32
[2025.11.16-11.12.44:201][984]LogAudio: Display: Using built-in audio occlusion.
[2025.11.16-11.12.44:201][984]LogAudioMixer: Display: Initializing audio mixer.
[2025.11.16-11.12.44:204][984]LogAudioMixer: Display: 0: FrontLeft
[2025.11.16-11.12.44:204][984]LogAudioMixer: Display: 1: FrontRight
[2025.11.16-11.12.44:215][984]LogAudioMixer: Display: Using Audio Device FxSound Speakers (FxSound Audio Enhancer)
[2025.11.16-11.12.44:215][984]LogAudioMixer: Display: Initializing Sound Submixes...
[2025.11.16-11.12.44:215][984]LogAudioMixer: Display: Creating Master Submix 'MasterSubmixDefault'
[2025.11.16-11.12.44:215][984]LogAudioMixer: Display: Creating Master Submix 'MasterReverbSubmixDefault'
[2025.11.16-11.12.44:216][984]LogAudioMixer: Display: Creating Master Submix 'MasterEQSubmixDefault'
[2025.11.16-11.12.44:232][984]LogInit: FAudioDevice initialized.
[2025.11.16-11.12.44:239][984]LogLoad: Game class is 'PlayerGameModeBase_C'
[2025.11.16-11.12.44:241][984]LogSkeletalMesh: USkeletalMeshComponent::InitArticulated : Could not find root physics body: '/Game/Levels/UEDPIE_0_Main.Main:PersistentLevel.Phone_2.CharacterMesh0'
[2025.11.16-11.12.44:241][984]LogSkeletalMesh: USkeletalMeshComponent::InitArticulated : Could not find root physics body: '/Game/Levels/UEDPIE_0_Main.Main:PersistentLevel.ComputerBoss_2.CharacterMesh0'
[2025.11.16-11.12.44:241][984]LogWorld: Bringing World /Game/Levels/UEDPIE_0_Main.Main up for play (max tick rate 60) at 2025.11.16-13.12.44
[2025.11.16-11.12.44:242][984]LogScript: Warning: Accessed None trying to read property CallFunc_GetPlayerController_ReturnValue_5
	ye_C /Game/Levels/UEDPIE_0_Main.Main:PersistentLevel.ye_2
	Function /Game/Cameras/ye.ye_C:ExecuteUbergraph_ye:084B
[2025.11.16-11.12.44:242][984]PIE: Error: Blueprint Runtime Error: "Accessed None trying to read property CallFunc_GetPlayerController_ReturnValue_5". Blueprint:  ye Function:  Execute Ubergraph Ye Graph:  EventGraph Node:  Set bShowMouseCursor
[2025.11.16-11.12.44:242][984]LogWorld: Bringing up level for play took: 0.002816
[2025.11.16-11.12.44:242][984]LogOnline: OSS: Creating online subsystem instance for: :Context_64
[2025.11.16-11.12.44:246][984]PIE: Server logged in
[2025.11.16-11.12.44:247][984]PIE: Play in editor total start time 0.091 seconds.
[2025.11.16-11.12.44:845][ 18]LogSlate: Updating window title bar state: overlay mode, drag disabled, window buttons hidden, title bar hidden
[2025.11.16-11.12.44:845][ 18]LogWorld: BeginTearingDown for /Game/Levels/UEDPIE_0_Main
[2025.11.16-11.12.44:846][ 18]LogWorld: UWorld::CleanupWorld for Main, bSessionEnded=true, bCleanupResources=true
[2025.11.16-11.12.44:846][ 18]LogSlate: InvalidateAllWidgets triggered.  All widgets were invalidated
[2025.11.16-11.12.44:862][ 18]LogPlayLevel: Display: Shutting down PIE online subsystems
[2025.11.16-11.12.44:864][ 18]LogSlate: InvalidateAllWidgets triggered.  All widgets were invalidated
[2025.11.16-11.12.44:928][ 18]LogSlate: Updating window title bar state: overlay mode, drag disabled, window buttons hidden, title bar hidden
[2025.11.16-11.12.44:930][ 18]LogAISub: UAISubsystem::~UAISubsystem AIPerceptionSystem (000002223BE11940), frame # 145018
[2025.11.16-11.12.44:930][ 18]LogAISub: UAISubsystem::~UAISubsystem EnvQueryManager (00000221BA29BA00), frame # 145018
[2025.11.16-11.12.44:932][ 18]LogUObjectHash: Compacting FUObjectHashTables data took   2.09ms
[2025.11.16-11.12.45:096][ 19]LogPlayLevel: Display: Destroying online subsystem :Context_64
[2025.11.16-11.12.45:968][ 58]LogSlate: Window 'Message Log' being destroyed
[2025.11.16-11.12.45:978][ 58]LogSlate: Window 'Message Log' being destroyed
[2025.11.16-11.13.11:219][452]BlueprintLog: New page: Compile ye
[2025.11.16-11.13.11:374][452]LogUObjectHash: Compacting FUObjectHashTables data took   1.55ms
[2025.11.16-11.13.11:499][453]Cmd: OBJ SAVEPACKAGE PACKAGE="/Game/Cameras/ye" FILE="../../../../../../Git/Saf/GameUniHack/PixelPerfect/Content/Cameras/ye.uasset" SILENT=true
[2025.11.16-11.13.11:546][453]LogSavePackage: Moving '../../../../../../Git/Saf/GameUniHack/PixelPerfect/Saved/ye73C6151B412DE0C0B6FABFA1F19E1995.tmp' to '../../../../../../Git/Saf/GameUniHack/PixelPerfect/Content/Cameras/ye.uasset'
[2025.11.16-11.13.11:569][453]AssetCheck: New page: Asset Save: ye
[2025.11.16-11.13.11:569][453]LogContentValidation: Display: Validating Blueprint /Game/Cameras/ye.ye
[2025.11.16-11.13.11:928][473]Cmd: OBJ SAVEPACKAGE PACKAGE="/Game/Cameras/ye" FILE="../../../../../../Git/Saf/GameUniHack/PixelPerfect/Content/Cameras/ye.uasset" SILENT=true
[2025.11.16-11.13.11:971][473]LogSavePackage: Moving '../../../../../../Git/Saf/GameUniHack/PixelPerfect/Saved/ye816959A540D5A9A50EB14E8933E7198C.tmp' to '../../../../../../Git/Saf/GameUniHack/PixelPerfect/Content/Cameras/ye.uasset'
[2025.11.16-11.13.11:989][473]AssetCheck: New page: Asset Save: ye
[2025.11.16-11.13.11:989][473]LogContentValidation: Display: Validating Blueprint /Game/Cameras/ye.ye
[2025.11.16-11.13.12:893][523]Cmd: OBJ SAVEPACKAGE PACKAGE="/Game/Levels/Main" FILE="../../../../../../Git/Saf/GameUniHack/PixelPerfect/Content/Levels/Main.umap" SILENT=true AUTOSAVING=false KEEPDIRTY=false
[2025.11.16-11.13.12:929][523]LogUObjectHash: Compacting FUObjectHashTables data took   2.06ms
[2025.11.16-11.13.12:966][523]LogSavePackage: Moving '../../../../../../Git/Saf/GameUniHack/PixelPerfect/Saved/Main3872F51142144263DE877A83CD51FD6D.tmp' to '../../../../../../Git/Saf/GameUniHack/PixelPerfect/Content/Levels/Main.umap'
[2025.11.16-11.13.13:003][523]AssetCheck: New page: Asset Save: Main
[2025.11.16-11.13.13:003][523]LogContentValidation: Display: Validating World /Game/Levels/Main.Main
[2025.11.16-11.13.13:423][548]LogTemp: Repeating last play command: Selected Viewport
[2025.11.16-11.13.13:441][548]LogPlayLevel: PlayLevel: No blueprints needed recompiling
[2025.11.16-11.13.13:441][548]PIE: New page: PIE session: Main (Nov 16, 2025, 3:13:13 PM)
[2025.11.16-11.13.13:442][548]LogPlayLevel: Creating play world package: /Game/Levels/UEDPIE_0_Main
[2025.11.16-11.13.13:450][548]LogPlayLevel: PIE: StaticDuplicateObject took: (0.008057s)
[2025.11.16-11.13.13:451][548]LogAIModule: Creating AISystem for world Main
[2025.11.16-11.13.13:451][548]LogAISub: UAISubsystem::UAISubsystem EnvQueryManager (000002212B14C200), frame # 146548
[2025.11.16-11.13.13:451][548]LogAISub: UAISubsystem::UAISubsystem AIPerceptionSystem (000002221B8EFEC0), frame # 146548
[2025.11.16-11.13.13:451][548]LogPlayLevel: PIE: World Init took: (0.001590s)
[2025.11.16-11.13.13:452][548]LogPlayLevel: PIE: Created PIE world by copying editor world from /Game/Levels/Main.Main to /Game/Levels/UEDPIE_0_Main.Main (0.009802s)
[2025.11.16-11.13.13:483][548]LogUObjectHash: Compacting FUObjectHashTables data took   1.71ms
[2025.11.16-11.13.13:485][548]LogAudioMixer: Display: Audio Mixer Platform Settings:
[2025.11.16-11.13.13:485][548]LogAudioMixer: Display: 	Sample Rate:						  48000
[2025.11.16-11.13.13:485][548]LogAudioMixer: Display: 	Callback Buffer Frame Size Requested: 1024
[2025.11.16-11.13.13:485][548]LogAudioMixer: Display: 	Callback Buffer Frame Size To Use:	  1024
[2025.11.16-11.13.13:485][548]LogAudioMixer: Display: 	Number of buffers to queue:			  2
[2025.11.16-11.13.13:485][548]LogAudioMixer: Display: 	Max Channels (voices):				  32
[2025.11.16-11.13.13:485][548]LogAudioMixer: Display: 	Number of Async Source Workers:		  0
[2025.11.16-11.13.13:485][548]LogAudio: Display: AudioDevice MaxSources: 32
[2025.11.16-11.13.13:485][548]LogAudio: Display: Using built-in audio occlusion.
[2025.11.16-11.13.13:485][548]LogAudioMixer: Display: Initializing audio mixer.
[2025.11.16-11.13.13:489][548]LogAudioMixer: Display: 0: FrontLeft
[2025.11.16-11.13.13:489][548]LogAudioMixer: Display: 1: FrontRight
[2025.11.16-11.13.13:499][548]LogAudioMixer: Display: Using Audio Device FxSound Speakers (FxSound Audio Enhancer)
[2025.11.16-11.13.13:499][548]LogAudioMixer: Display: Initializing Sound Submixes...
[2025.11.16-11.13.13:499][548]LogAudioMixer: Display: Creating Master Submix 'MasterSubmixDefault'
[2025.11.16-11.13.13:499][548]LogAudioMixer: Display: Creating Master Submix 'MasterReverbSubmixDefault'
[2025.11.16-11.13.13:499][548]LogAudioMixer: Display: Creating Master Submix 'MasterEQSubmixDefault'
[2025.11.16-11.13.13:515][548]LogInit: FAudioDevice initialized.
[2025.11.16-11.13.13:525][548]LogLoad: Game class is 'PlayerGameModeBase_C'
[2025.11.16-11.13.13:527][548]LogSkeletalMesh: USkeletalMeshComponent::InitArticulated : Could not find root physics body: '/Game/Levels/UEDPIE_0_Main.Main:PersistentLevel.Phone_2.CharacterMesh0'
[2025.11.16-11.13.13:527][548]LogSkeletalMesh: USkeletalMeshComponent::InitArticulated : Could not find root physics body: '/Game/Levels/UEDPIE_0_Main.Main:PersistentLevel.ComputerBoss_2.CharacterMesh0'
[2025.11.16-11.13.13:527][548]LogWorld: Bringing World /Game/Levels/UEDPIE_0_Main.Main up for play (max tick rate 60) at 2025.11.16-13.13.13
[2025.11.16-11.13.13:528][548]LogWorld: Bringing up level for play took: 0.002441
[2025.11.16-11.13.13:529][548]LogOnline: OSS: Creating online subsystem instance for: :Context_65
[2025.11.16-11.13.13:532][548]PIE: Server logged in
[2025.11.16-11.13.13:535][548]PIE: Play in editor total start time 0.094 seconds.
[2025.11.16-11.13.16:310][714]LogBlueprintUserMessages: [ye_2] Hello
[2025.11.16-11.13.16:310][714]LogBlueprintUserMessages: [ye_2] Hello
[2025.11.16-11.13.18:830][865]LogBlueprintUserMessages: [ye_2] Hello
[2025.11.16-11.13.18:830][865]LogBlueprintUserMessages: [ye_2] Hello
[2025.11.16-11.13.21:025][994]LogSlate: Updating window title bar state: overlay mode, drag disabled, window buttons hidden, title bar hidden
[2025.11.16-11.13.21:025][994]LogWorld: BeginTearingDown for /Game/Levels/UEDPIE_0_Main
[2025.11.16-11.13.21:025][994]LogWorld: UWorld::CleanupWorld for Main, bSessionEnded=true, bCleanupResources=true
[2025.11.16-11.13.21:026][994]LogSlate: InvalidateAllWidgets triggered.  All widgets were invalidated
[2025.11.16-11.13.21:060][994]LogPlayLevel: Display: Shutting down PIE online subsystems
[2025.11.16-11.13.21:065][994]LogSlate: InvalidateAllWidgets triggered.  All widgets were invalidated
[2025.11.16-11.13.21:123][994]LogSlate: Updating window title bar state: overlay mode, drag disabled, window buttons hidden, title bar hidden
[2025.11.16-11.13.21:125][994]LogAISub: UAISubsystem::~UAISubsystem AIPerceptionSystem (000002221B8EFEC0), frame # 146994
[2025.11.16-11.13.21:125][994]LogAISub: UAISubsystem::~UAISubsystem EnvQueryManager (000002212B14C200), frame # 146994
[2025.11.16-11.13.21:127][994]LogUObjectHash: Compacting FUObjectHashTables data took   1.68ms
[2025.11.16-11.13.21:163][995]LogPlayLevel: Display: Destroying online subsystem :Context_65
[2025.11.16-11.13.22:395][ 63]Cmd: OBJ SAVEPACKAGE PACKAGE="/Game/Levels/Main" FILE="../../../../../../Git/Saf/GameUniHack/PixelPerfect/Content/Levels/Main.umap" SILENT=true AUTOSAVING=false KEEPDIRTY=false
[2025.11.16-11.13.22:431][ 63]LogUObjectHash: Compacting FUObjectHashTables data took   1.13ms
[2025.11.16-11.13.22:476][ 63]LogSavePackage: Moving '../../../../../../Git/Saf/GameUniHack/PixelPerfect/Saved/Main9056268346CA0532E297CA944FCA0162.tmp' to '../../../../../../Git/Saf/GameUniHack/PixelPerfect/Content/Levels/Main.umap'
[2025.11.16-11.13.22:524][ 63]AssetCheck: New page: Asset Save: Main
[2025.11.16-11.13.22:524][ 63]LogContentValidation: Display: Validating World /Game/Levels/Main.Main
[2025.11.16-11.13.25:569][233]LogActorComponent: UnregisterComponent: (/Engine/Transient.EditorFloorComp) Not registered. Aborting.
[2025.11.16-11.13.25:569][233]LogWorld: UWorld::CleanupWorld for World_23, bSessionEnded=true, bCleanupResources=true
[2025.11.16-11.13.25:569][233]LogSlate: InvalidateAllWidgets triggered.  All widgets were invalidated
[2025.11.16-11.13.26:568][287]LogWorld: UWorld::CleanupWorld for World_25, bSessionEnded=true, bCleanupResources=true
[2025.11.16-11.13.26:568][287]LogSlate: InvalidateAllWidgets triggered.  All widgets were invalidated
[2025.11.16-11.13.26:572][287]LogWorld: UWorld::CleanupWorld for World_24, bSessionEnded=true, bCleanupResources=true
[2025.11.16-11.13.26:573][287]LogSlate: InvalidateAllWidgets triggered.  All widgets were invalidated
[2025.11.16-11.13.27:354][328]LogActorComponent: UnregisterComponent: (/Engine/Transient.EditorFloorComp) Not registered. Aborting.
[2025.11.16-11.13.27:354][328]LogWorld: UWorld::CleanupWorld for World_29, bSessionEnded=true, bCleanupResources=true
[2025.11.16-11.13.27:354][328]LogSlate: InvalidateAllWidgets triggered.  All widgets were invalidated
[2025.11.16-11.13.27:884][355]LogActorComponent: UnregisterComponent: (/Engine/Transient.EditorFloorComp) Not registered. Aborting.
[2025.11.16-11.13.27:884][355]LogWorld: UWorld::CleanupWorld for World_31, bSessionEnded=true, bCleanupResources=true
[2025.11.16-11.13.27:884][355]LogSlate: InvalidateAllWidgets triggered.  All widgets were invalidated
[2025.11.16-11.13.29:329][435]LogActorComponent: UnregisterComponent: (/Engine/Transient.EditorFloorComp) Not registered. Aborting.
[2025.11.16-11.13.29:329][435]LogWorld: UWorld::CleanupWorld for World_32, bSessionEnded=true, bCleanupResources=true
[2025.11.16-11.13.29:329][435]LogSlate: InvalidateAllWidgets triggered.  All widgets were invalidated
[2025.11.16-11.13.29:934][467]LogWorld: UWorld::CleanupWorld for World_34, bSessionEnded=true, bCleanupResources=true
[2025.11.16-11.13.29:934][467]LogSlate: InvalidateAllWidgets triggered.  All widgets were invalidated
[2025.11.16-11.13.31:540][559]Cmd: OBJ SAVEPACKAGE PACKAGE="/Game/Levels/Main" FILE="../../../../../../Git/Saf/GameUniHack/PixelPerfect/Content/Levels/Main.umap" SILENT=true AUTOSAVING=false KEEPDIRTY=false
[2025.11.16-11.13.31:577][559]LogUObjectHash: Compacting FUObjectHashTables data took   1.79ms
[2025.11.16-11.13.31:621][559]LogSavePackage: Moving '../../../../../../Git/Saf/GameUniHack/PixelPerfect/Saved/Main6EF8A5604EEFA21537802AADF44F4CED.tmp' to '../../../../../../Git/Saf/GameUniHack/PixelPerfect/Content/Levels/Main.umap'
[2025.11.16-11.13.31:669][559]AssetCheck: New page: Asset Save: Main
[2025.11.16-11.13.31:669][559]LogContentValidation: Display: Validating World /Game/Levels/Main.Main
[2025.11.16-11.13.38:373][942]Cmd: OBJ SAVEPACKAGE PACKAGE="/Game/Levels/Main" FILE="../../../../../../Git/Saf/GameUniHack/PixelPerfect/Content/Levels/Main.umap" SILENT=true AUTOSAVING=false KEEPDIRTY=false
[2025.11.16-11.13.38:398][942]LogUObjectHash: Compacting FUObjectHashTables data took   1.44ms
[2025.11.16-11.13.38:437][942]LogSavePackage: Moving '../../../../../../Git/Saf/GameUniHack/PixelPerfect/Saved/Main19DF28B6413760EEF990B38530112CC7.tmp' to '../../../../../../Git/Saf/GameUniHack/PixelPerfect/Content/Levels/Main.umap'
[2025.11.16-11.13.38:489][942]AssetCheck: New page: Asset Save: Main
[2025.11.16-11.13.38:489][942]LogContentValidation: Display: Validating World /Game/Levels/Main.Main
[2025.11.16-11.14.22:405][184]LogAudioMixer: Display: Audio Buffer Underrun detected.
[2025.11.16-11.14.35:988][412]AssetReimport: New page: Outstanding source content changes 3:14:35 PM
[2025.11.16-11.14.35:991][412]LogFactory: FactoryCreateFile: StaticMesh with FbxFactory (0 0 C:/Git/Saf/GameUniHack/PixelPerfect/Content/Assets/Warehouse/Models/Locomotive.fbx)
[2025.11.16-11.14.36:002][412]LogFbx: Loading FBX Scene from C:/Git/Saf/GameUniHack/PixelPerfect/Content/Assets/Warehouse/Models/Locomotive.fbx
[2025.11.16-11.14.36:007][412]LogFbx: FBX Scene Loaded Succesfully
[2025.11.16-11.14.37:511][412]LogSlate: Window 'FBX Import Options' being destroyed
[2025.11.16-11.14.37:558][412]LogStaticMesh: Building static mesh Locomotive...
[2025.11.16-11.14.37:568][412]LogStaticMesh: Built static mesh [0.01s] /Game/Assets/Warehouse/Models/Locomotive.Locomotive
[2025.11.16-11.14.37:799][413]Cmd: OBJ SAVEPACKAGE PACKAGE="/Game/Assets/Warehouse/Models/Locomotive" FILE="../../../../../../Git/Saf/GameUniHack/PixelPerfect/Content/Assets/Warehouse/Models/Locomotive.uasset" SILENT=true
[2025.11.16-11.14.37:825][413]LogSavePackage: Moving '../../../../../../Git/Saf/GameUniHack/PixelPerfect/Saved/Locomotive64A637E142BDE4D38B6F128A0DFAB2C4.tmp' to '../../../../../../Git/Saf/GameUniHack/PixelPerfect/Content/Assets/Warehouse/Models/Locomotive.uasset'
[2025.11.16-11.14.37:933][414]AssetCheck: New page: Asset Save: Locomotive
[2025.11.16-11.14.37:933][414]LogContentValidation: Display: Validating StaticMesh /Game/Assets/Warehouse/Models/Locomotive.Locomotive
[2025.11.16-11.14.39:091][480]LogSlate: Window 'Message Log' being destroyed
[2025.11.16-11.14.39:097][480]LogSlate: Window 'Message Log' being destroyed
[2025.11.16-11.14.39:718][514]Cmd: OBJ SAVEPACKAGE PACKAGE="/Game/Levels/Main" FILE="../../../../../../Git/Saf/GameUniHack/PixelPerfect/Content/Levels/Main.umap" SILENT=true AUTOSAVING=false KEEPDIRTY=false
[2025.11.16-11.14.39:750][514]LogUObjectHash: Compacting FUObjectHashTables data took   2.37ms
[2025.11.16-11.14.39:795][514]LogSavePackage: Moving '../../../../../../Git/Saf/GameUniHack/PixelPerfect/Saved/Main583127C1414629E5321009AB16A0CC22.tmp' to '../../../../../../Git/Saf/GameUniHack/PixelPerfect/Content/Levels/Main.umap'
[2025.11.16-11.14.39:852][514]AssetCheck: New page: Asset Save: Main
[2025.11.16-11.14.39:852][514]LogContentValidation: Display: Validating World /Game/Levels/Main.Main
[2025.11.16-11.14.40:908][575]AssetReimport: Importing new asset /Game/Assets/Warehouse/Models/Locomotive.
[2025.11.16-11.16.14:274][124]AssetReimport: New page: Outstanding source content changes 3:16:14 PM
[2025.11.16-11.16.14:277][124]LogFactory: FactoryCreateFile: StaticMesh with FbxFactory (0 0 C:/Git/Saf/GameUniHack/PixelPerfect/Content/Enemy/Anomaly/Computer.fbx)
[2025.11.16-11.16.14:287][124]LogFbx: Loading FBX Scene from C:/Git/Saf/GameUniHack/PixelPerfect/Content/Enemy/Anomaly/Computer.fbx
[2025.11.16-11.16.14:292][124]LogFbx: FBX Scene Loaded Succesfully
[2025.11.16-11.16.15:430][124]LogSlate: Window 'FBX Import Options' being destroyed
[2025.11.16-11.16.15:478][124]LogStaticMesh: Building static mesh Computer...
[2025.11.16-11.16.15:485][124]LogStaticMesh: Built static mesh [0.01s] /Game/Enemy/Anomaly/Computer.Computer
[2025.11.16-11.16.15:666][125]Cmd: OBJ SAVEPACKAGE PACKAGE="/Game/Enemy/Anomaly/Computer" FILE="../../../../../../Git/Saf/GameUniHack/PixelPerfect/Content/Enemy/Anomaly/Computer.uasset" SILENT=true
[2025.11.16-11.16.15:681][125]LogSavePackage: Moving '../../../../../../Git/Saf/GameUniHack/PixelPerfect/Saved/ComputerD642A9694BD6D3B99B2ED09CD452DC30.tmp' to '../../../../../../Git/Saf/GameUniHack/PixelPerfect/Content/Enemy/Anomaly/Computer.uasset'
[2025.11.16-11.16.15:762][126]AssetCheck: New page: Asset Save: Computer
[2025.11.16-11.16.15:762][126]LogContentValidation: Display: Validating StaticMesh /Game/Enemy/Anomaly/Computer.Computer
[2025.11.16-11.16.16:676][173]LogSlate: Window 'Message Log' being destroyed
[2025.11.16-11.16.16:683][173]LogSlate: Window 'Message Log' being destroyed
[2025.11.16-11.16.18:761][234]AssetReimport: Importing new asset /Game/Enemy/Anomaly/Computer.
[2025.11.16-11.17.33:057][666]AssetReimport: New page: Outstanding source content changes 3:17:33 PM
[2025.11.16-11.17.33:058][666]LogEditorFactories: Performing atomic reimport of [C:/Git/Saf/GameUniHack/PixelPerfect/Content/Enemy/Anomaly/Computer.fbx]
[2025.11.16-11.17.33:067][666]LogFbx: Loading FBX Scene from C:/Git/Saf/GameUniHack/PixelPerfect/Content/Enemy/Anomaly/Computer.fbx
[2025.11.16-11.17.33:072][666]LogFbx: FBX Scene Loaded Succesfully
[2025.11.16-11.17.33:085][666]LogStaticMesh: Building static mesh Computer...
[2025.11.16-11.17.33:097][666]LogStaticMesh: Built static mesh [0.01s] /Game/Enemy/Anomaly/Computer.Computer
[2025.11.16-11.17.34:068][666]LogSlate: Window 'Reimport Material Conflicts Resolution' being destroyed
[2025.11.16-11.17.34:083][666]LogEditorFactories: -- imported successfully
[2025.11.16-11.17.34:237][667]Cmd: OBJ SAVEPACKAGE PACKAGE="/Game/Enemy/Anomaly/Computer" FILE="../../../../../../Git/Saf/GameUniHack/PixelPerfect/Content/Enemy/Anomaly/Computer.uasset" SILENT=true
[2025.11.16-11.17.34:271][667]LogSavePackage: Moving '../../../../../../Git/Saf/GameUniHack/PixelPerfect/Saved/Computer786806A447F8B172BA13B8BCB553E3FD.tmp' to '../../../../../../Git/Saf/GameUniHack/PixelPerfect/Content/Enemy/Anomaly/Computer.uasset'
[2025.11.16-11.17.34:308][668]AssetCheck: New page: Asset Save: Computer
[2025.11.16-11.17.34:308][668]LogContentValidation: Display: Validating StaticMesh /Game/Enemy/Anomaly/Computer.Computer
[2025.11.16-11.17.34:739][692]Cmd: OBJ SAVEPACKAGE PACKAGE="/Game/Levels/Main" FILE="../../../../../../Git/Saf/GameUniHack/PixelPerfect/Content/Levels/Main.umap" SILENT=true AUTOSAVING=false KEEPDIRTY=false
[2025.11.16-11.17.34:772][692]LogUObjectHash: Compacting FUObjectHashTables data took   1.56ms
[2025.11.16-11.17.34:818][692]LogSavePackage: Moving '../../../../../../Git/Saf/GameUniHack/PixelPerfect/Saved/MainF4F545D14F7374452415F29213F4D3C8.tmp' to '../../../../../../Git/Saf/GameUniHack/PixelPerfect/Content/Levels/Main.umap'
[2025.11.16-11.17.34:863][692]AssetCheck: New page: Asset Save: Main
[2025.11.16-11.17.34:863][692]LogContentValidation: Display: Validating World /Game/Levels/Main.Main
[2025.11.16-11.17.37:296][835]AssetReimport: Reimported asset Computer from C:/Git/Saf/GameUniHack/PixelPerfect/Content/Enemy/Anomaly/Computer.fbx.
[2025.11.16-11.17.41:612][ 80]LogAssetEditorSubsystem: Opening Asset editor for Blueprint /Game/Enemy/Anomaly/ComputerBoss.ComputerBoss
[2025.11.16-11.17.41:947][ 80]LogSkeletalMesh: USkeletalMeshComponent::InitArticulated : Could not find root physics body: '/Engine/Transient.World_40:PersistentLevel.ComputerBoss_C_0.CharacterMesh0'
[2025.11.16-11.17.43:052][129]LogSkeletalMesh: USkeletalMeshComponent::InitArticulated : Could not find root physics body: '/Game/Levels/Main.Main:PersistentLevel.ComputerBoss_2.CharacterMesh0'
[2025.11.16-11.17.43:054][129]LogSkeletalMesh: USkeletalMeshComponent::InitArticulated : Could not find root physics body: '/Engine/Transient.World_40:PersistentLevel.ComputerBoss_C_0.CharacterMesh0'
[2025.11.16-11.17.43:600][161]BlueprintLog: New page: Compile ComputerBoss
[2025.11.16-11.17.43:621][161]LogSkeletalMesh: USkeletalMeshComponent::InitArticulated : Could not find root physics body: '/Game/Levels/Main.Main:PersistentLevel.ComputerBoss_2.CharacterMesh0'
[2025.11.16-11.17.43:622][161]LogSkeletalMesh: USkeletalMeshComponent::InitArticulated : Could not find root physics body: '/Game/Levels/Main.Main:PersistentLevel.ComputerBoss_2.CharacterMesh0'
[2025.11.16-11.17.43:622][161]LogSkeletalMesh: USkeletalMeshComponent::InitArticulated : Could not find root physics body: '/Engine/Transient.World_40:PersistentLevel.ComputerBoss_C_0.CharacterMesh0'
[2025.11.16-11.17.43:623][161]LogSkeletalMesh: USkeletalMeshComponent::InitArticulated : Could not find root physics body: '/Engine/Transient.World_40:PersistentLevel.ComputerBoss_C_0.CharacterMesh0'
[2025.11.16-11.17.43:659][161]LogUObjectHash: Compacting FUObjectHashTables data took   1.93ms
[2025.11.16-11.17.43:665][161]LogSkeletalMesh: USkeletalMeshComponent::InitArticulated : Could not find root physics body: '/Game/Levels/Main.Main:PersistentLevel.ComputerBoss_2.CharacterMesh0'
[2025.11.16-11.17.43:665][161]LogSkeletalMesh: USkeletalMeshComponent::InitArticulated : Could not find root physics body: '/Engine/Transient.World_40:PersistentLevel.ComputerBoss_C_0.CharacterMesh0'
[2025.11.16-11.17.43:672][161]LogSkeletalMesh: USkeletalMeshComponent::InitArticulated : Could not find root physics body: '/Game/Levels/Main.Main:PersistentLevel.ComputerBoss_2.CharacterMesh0'
[2025.11.16-11.17.43:672][161]LogSkeletalMesh: USkeletalMeshComponent::InitArticulated : Could not find root physics body: '/Engine/Transient.World_40:PersistentLevel.ComputerBoss_C_0.CharacterMesh0'
[2025.11.16-11.19.14:011][856]AssetReimport: New page: Outstanding source content changes 3:19:14 PM
[2025.11.16-11.19.14:012][856]LogEditorFactories: Performing atomic reimport of [C:/Git/Saf/GameUniHack/PixelPerfect/Content/Enemy/Anomaly/Computer.fbx]
[2025.11.16-11.19.14:020][856]LogFbx: Loading FBX Scene from C:/Git/Saf/GameUniHack/PixelPerfect/Content/Enemy/Anomaly/Computer.fbx
[2025.11.16-11.19.14:026][856]LogFbx: FBX Scene Loaded Succesfully
[2025.11.16-11.19.14:036][856]LogStaticMesh: Building static mesh Computer...
[2025.11.16-11.19.14:042][856]LogStaticMesh: Built static mesh [0.01s] /Game/Enemy/Anomaly/Computer.Computer
[2025.11.16-11.19.14:051][856]LogEditorFactories: -- imported successfully
[2025.11.16-11.19.14:286][857]Cmd: OBJ SAVEPACKAGE PACKAGE="/Game/Enemy/Anomaly/Computer" FILE="../../../../../../Git/Saf/GameUniHack/PixelPerfect/Content/Enemy/Anomaly/Computer.uasset" SILENT=true
[2025.11.16-11.19.14:322][857]LogSavePackage: Moving '../../../../../../Git/Saf/GameUniHack/PixelPerfect/Saved/Computer4CD765634B5D11828A65DD814C2E039A.tmp' to '../../../../../../Git/Saf/GameUniHack/PixelPerfect/Content/Enemy/Anomaly/Computer.uasset'
[2025.11.16-11.19.14:433][858]AssetCheck: New page: Asset Save: Computer
[2025.11.16-11.19.14:433][858]LogContentValidation: Display: Validating StaticMesh /Game/Enemy/Anomaly/Computer.Computer
[2025.11.16-11.19.17:352][ 10]LogUObjectHash: Compacting FUObjectHashTables data took   2.07ms
[2025.11.16-11.19.17:447][ 10]AssetReimport: Reimported asset Computer from C:/Git/Saf/GameUniHack/PixelPerfect/Content/Enemy/Anomaly/Computer.fbx.
[2025.11.16-11.19.18:478][ 10]LogSlate: Window 'Delete Assets' being destroyed
[2025.11.16-11.19.18:663][ 10]LogUObjectHash: Compacting FUObjectHashTables data took   1.31ms
[2025.11.16-11.19.18:701][ 10]LogUObjectHash: Compacting FUObjectHashTables data took   1.20ms
[2025.11.16-11.19.18:723][ 10]LogUObjectHash: Compacting FUObjectHashTables data took   0.43ms
[2025.11.16-11.19.19:428][ 48]Cmd: OBJ SAVEPACKAGE PACKAGE="/Game/Levels/Main" FILE="../../../../../../Git/Saf/GameUniHack/PixelPerfect/Content/Levels/Main.umap" SILENT=true AUTOSAVING=false KEEPDIRTY=false
[2025.11.16-11.19.19:469][ 48]LogUObjectHash: Compacting FUObjectHashTables data took   1.73ms
[2025.11.16-11.19.19:509][ 48]LogSavePackage: Moving '../../../../../../Git/Saf/GameUniHack/PixelPerfect/Saved/Main7B443E85473FBC948159C68CCDC127EB.tmp' to '../../../../../../Git/Saf/GameUniHack/PixelPerfect/Content/Levels/Main.umap'
[2025.11.16-11.19.19:564][ 48]AssetCheck: New page: Asset Save: Main
[2025.11.16-11.19.19:564][ 48]LogContentValidation: Display: Validating World /Game/Levels/Main.Main
[2025.11.16-11.19.31:267][268]AssetReimport: New page: Outstanding source content changes 3:19:31 PM
[2025.11.16-11.19.31:268][268]LogFactory: FactoryCreateFile: StaticMesh with FbxFactory (0 0 C:/Git/Saf/GameUniHack/PixelPerfect/Content/Enemy/Anomaly/Computer.fbx)
[2025.11.16-11.19.31:277][268]LogFbx: Loading FBX Scene from C:/Git/Saf/GameUniHack/PixelPerfect/Content/Enemy/Anomaly/Computer.fbx
[2025.11.16-11.19.31:282][268]LogFbx: FBX Scene Loaded Succesfully
[2025.11.16-11.19.34:766][268]LogSlate: Window 'FBX Import Options' being destroyed
[2025.11.16-11.19.34:806][268]LogStaticMesh: Building static mesh Computer...
[2025.11.16-11.19.34:813][268]LogStaticMesh: Built static mesh [0.01s] /Game/Enemy/Anomaly/Computer.Computer
[2025.11.16-11.19.35:042][269]Cmd: OBJ SAVEPACKAGE PACKAGE="/Game/Enemy/Anomaly/Computer" FILE="../../../../../../Git/Saf/GameUniHack/PixelPerfect/Content/Enemy/Anomaly/Computer.uasset" SILENT=true
[2025.11.16-11.19.35:058][269]LogSavePackage: Moving '../../../../../../Git/Saf/GameUniHack/PixelPerfect/Saved/ComputerFE2163CB486BBE3D527CF7AB9ABA5A4C.tmp' to '../../../../../../Git/Saf/GameUniHack/PixelPerfect/Content/Enemy/Anomaly/Computer.uasset'
[2025.11.16-11.19.35:113][270]AssetCheck: New page: Asset Save: Computer
[2025.11.16-11.19.35:113][270]LogContentValidation: Display: Validating StaticMesh /Game/Enemy/Anomaly/Computer.Computer
[2025.11.16-11.19.35:939][316]LogSlate: Window 'Message Log' being destroyed
[2025.11.16-11.19.35:945][316]LogSlate: Window 'Message Log' being destroyed
[2025.11.16-11.19.38:103][439]AssetReimport: Importing new asset /Game/Enemy/Anomaly/Computer.
[2025.11.16-11.19.41:012][605]LogAssetEditorSubsystem: Opening Asset editor for StaticMesh /Game/Enemy/Anomaly/Computer.Computer
[2025.11.16-11.19.41:180][605]LogWorld: UWorld::CleanupWorld for World_41, bSessionEnded=true, bCleanupResources=true
[2025.11.16-11.19.41:181][605]LogSlate: InvalidateAllWidgets triggered.  All widgets were invalidated
[2025.11.16-11.19.44:688][781]LogSlate: Window 'Computer' being destroyed
[2025.11.16-11.19.44:744][781]LogWorld: UWorld::CleanupWorld for World_42, bSessionEnded=true, bCleanupResources=true
[2025.11.16-11.19.44:744][781]LogSlate: InvalidateAllWidgets triggered.  All widgets were invalidated
[2025.11.16-11.19.44:933][781]Cmd: OBJ SAVEPACKAGE PACKAGE="/Game/Enemy/Anomaly/Computer" FILE="../../../../../../Git/Saf/GameUniHack/PixelPerfect/Content/Enemy/Anomaly/Computer.uasset" SILENT=true
[2025.11.16-11.19.44:960][781]LogSavePackage: Moving '../../../../../../Git/Saf/GameUniHack/PixelPerfect/Saved/Computer8089E2C0418D29E34C9E6B9F3838504E.tmp' to '../../../../../../Git/Saf/GameUniHack/PixelPerfect/Content/Enemy/Anomaly/Computer.uasset'
[2025.11.16-11.19.44:978][781]AssetCheck: New page: Asset Save: Computer
[2025.11.16-11.19.44:978][781]LogContentValidation: Display: Validating StaticMesh /Game/Enemy/Anomaly/Computer.Computer
[2025.11.16-11.19.46:537][855]LogUObjectHash: Compacting FUObjectHashTables data took   1.86ms
[2025.11.16-11.19.47:443][855]LogSlate: Window 'Delete Assets' being destroyed
[2025.11.16-11.19.47:602][855]LogUObjectHash: Compacting FUObjectHashTables data took   1.43ms
[2025.11.16-11.19.47:641][855]LogUObjectHash: Compacting FUObjectHashTables data took   1.58ms
[2025.11.16-11.19.47:669][855]LogUObjectHash: Compacting FUObjectHashTables data took   0.46ms
[2025.11.16-11.19.47:816][858]Cmd: OBJ SAVEPACKAGE PACKAGE="/Game/Levels/Main" FILE="../../../../../../Git/Saf/GameUniHack/PixelPerfect/Content/Levels/Main.umap" SILENT=true AUTOSAVING=false KEEPDIRTY=false
[2025.11.16-11.19.47:853][858]LogUObjectHash: Compacting FUObjectHashTables data took   2.13ms
[2025.11.16-11.19.47:894][858]LogSavePackage: Moving '../../../../../../Git/Saf/GameUniHack/PixelPerfect/Saved/Main093F7A344844B0E26FB765A35B6BB9EB.tmp' to '../../../../../../Git/Saf/GameUniHack/PixelPerfect/Content/Levels/Main.umap'
[2025.11.16-11.19.47:931][858]AssetCheck: New page: Asset Save: Main
[2025.11.16-11.19.47:931][858]LogContentValidation: Display: Validating World /Game/Levels/Main.Main
[2025.11.16-11.20.41:967][286]AssetReimport: New page: Outstanding source content changes 3:20:41 PM
[2025.11.16-11.20.41:969][286]LogFactory: FactoryCreateFile: StaticMesh with FbxFactory (0 0 C:/Git/Saf/GameUniHack/PixelPerfect/Content/Enemy/Anomaly/ComputerMesh.fbx)
[2025.11.16-11.20.41:977][286]LogFbx: Loading FBX Scene from C:/Git/Saf/GameUniHack/PixelPerfect/Content/Enemy/Anomaly/ComputerMesh.fbx
[2025.11.16-11.20.41:983][286]LogFbx: FBX Scene Loaded Succesfully
[2025.11.16-11.20.43:437][286]LogSlate: Window 'FBX Import Options' being destroyed
[2025.11.16-11.20.43:484][286]LogStaticMesh: Building static mesh ComputerMesh...
[2025.11.16-11.20.43:492][286]LogStaticMesh: Built static mesh [0.01s] /Game/Enemy/Anomaly/ComputerMesh.ComputerMesh
[2025.11.16-11.20.43:737][287]Cmd: OBJ SAVEPACKAGE PACKAGE="/Game/Enemy/Anomaly/ComputerMesh" FILE="../../../../../../Git/Saf/GameUniHack/PixelPerfect/Content/Enemy/Anomaly/ComputerMesh.uasset" SILENT=true
[2025.11.16-11.20.43:751][287]LogSavePackage: Moving '../../../../../../Git/Saf/GameUniHack/PixelPerfect/Saved/ComputerMeshF3577F8D470066A94CD8F085D74E930B.tmp' to '../../../../../../Git/Saf/GameUniHack/PixelPerfect/Content/Enemy/Anomaly/ComputerMesh.uasset'
[2025.11.16-11.20.43:818][288]AssetCheck: New page: Asset Save: ComputerMesh
[2025.11.16-11.20.43:818][288]LogContentValidation: Display: Validating StaticMesh /Game/Enemy/Anomaly/ComputerMesh.ComputerMesh
[2025.11.16-11.20.44:996][354]LogSlate: Window 'Message Log' being destroyed
[2025.11.16-11.20.45:005][354]LogSlate: Window 'Message Log' being destroyed
[2025.11.16-11.20.46:794][456]AssetReimport: Importing new asset /Game/Enemy/Anomaly/ComputerMesh.
[2025.11.16-11.20.50:655][675]BlueprintLog: New page: Compile ComputerBoss
[2025.11.16-11.20.50:739][675]LogUObjectHash: Compacting FUObjectHashTables data took   2.12ms
[2025.11.16-11.20.50:982][685]Cmd: OBJ SAVEPACKAGE PACKAGE="/Game/Enemy/Anomaly/ComputerBoss" FILE="../../../../../../Git/Saf/GameUniHack/PixelPerfect/Content/Enemy/Anomaly/ComputerBoss.uasset" SILENT=true
[2025.11.16-11.20.51:045][685]LogSavePackage: Moving '../../../../../../Git/Saf/GameUniHack/PixelPerfect/Saved/ComputerBoss176792B941145E502B0879AE5E07A1AD.tmp' to '../../../../../../Git/Saf/GameUniHack/PixelPerfect/Content/Enemy/Anomaly/ComputerBoss.uasset'
[2025.11.16-11.20.51:079][685]AssetCheck: New page: Asset Save: ComputerBoss
[2025.11.16-11.20.51:079][685]LogContentValidation: Display: Validating Blueprint /Game/Enemy/Anomaly/ComputerBoss.ComputerBoss
[2025.11.16-11.20.56:435][984]BlueprintLog: New page: Compile ComputerBoss
[2025.11.16-11.20.56:505][984]LogUObjectHash: Compacting FUObjectHashTables data took   2.09ms
[2025.11.16-11.20.56:754][993]Cmd: OBJ SAVEPACKAGE PACKAGE="/Game/Enemy/Anomaly/ComputerBoss" FILE="../../../../../../Git/Saf/GameUniHack/PixelPerfect/Content/Enemy/Anomaly/ComputerBoss.uasset" SILENT=true
[2025.11.16-11.20.56:793][993]LogSavePackage: Moving '../../../../../../Git/Saf/GameUniHack/PixelPerfect/Saved/ComputerBoss6BDAE62243A2E4F29E8813B7AF2DD7D9.tmp' to '../../../../../../Git/Saf/GameUniHack/PixelPerfect/Content/Enemy/Anomaly/ComputerBoss.uasset'
[2025.11.16-11.20.56:817][993]AssetCheck: New page: Asset Save: ComputerBoss
[2025.11.16-11.20.56:817][993]LogContentValidation: Display: Validating Blueprint /Game/Enemy/Anomaly/ComputerBoss.ComputerBoss
[2025.11.16-11.21.00:017][164]BlueprintLog: New page: Compile ComputerBoss
[2025.11.16-11.21.00:093][164]LogUObjectHash: Compacting FUObjectHashTables data took   1.94ms
[2025.11.16-11.21.00:358][173]Cmd: OBJ SAVEPACKAGE PACKAGE="/Game/Enemy/Anomaly/ComputerBoss" FILE="../../../../../../Git/Saf/GameUniHack/PixelPerfect/Content/Enemy/Anomaly/ComputerBoss.uasset" SILENT=true
[2025.11.16-11.21.00:396][173]LogSavePackage: Moving '../../../../../../Git/Saf/GameUniHack/PixelPerfect/Saved/ComputerBoss1DA667A64B40FD2D3E8FFAA8E5F784AE.tmp' to '../../../../../../Git/Saf/GameUniHack/PixelPerfect/Content/Enemy/Anomaly/ComputerBoss.uasset'
[2025.11.16-11.21.00:432][173]AssetCheck: New page: Asset Save: ComputerBoss
[2025.11.16-11.21.00:433][173]LogContentValidation: Display: Validating Blueprint /Game/Enemy/Anomaly/ComputerBoss.ComputerBoss
[2025.11.16-11.21.02:060][260]LogAssetEditorSubsystem: Opening Asset editor for StaticMesh /Game/Enemy/Anomaly/ComputerMesh.ComputerMesh
[2025.11.16-11.21.02:236][260]LogWorld: UWorld::CleanupWorld for World_43, bSessionEnded=true, bCleanupResources=true
[2025.11.16-11.21.02:236][260]LogSlate: InvalidateAllWidgets triggered.  All widgets were invalidated
[2025.11.16-11.21.10:985][720]Cmd: OBJ SAVEPACKAGE PACKAGE="/Game/Enemy/Anomaly/ComputerMesh" FILE="../../../../../../Git/Saf/GameUniHack/PixelPerfect/Content/Enemy/Anomaly/ComputerMesh.uasset" SILENT=true
[2025.11.16-11.21.11:018][720]LogSavePackage: Moving '../../../../../../Git/Saf/GameUniHack/PixelPerfect/Saved/ComputerMesh6AAB35C04718FA742C82A8AF5AD152F6.tmp' to '../../../../../../Git/Saf/GameUniHack/PixelPerfect/Content/Enemy/Anomaly/ComputerMesh.uasset'
[2025.11.16-11.21.11:047][720]AssetCheck: New page: Asset Save: ComputerMesh
[2025.11.16-11.21.11:047][720]LogContentValidation: Display: Validating StaticMesh /Game/Enemy/Anomaly/ComputerMesh.ComputerMesh
[2025.11.16-11.21.11:624][750]LogSlate: Window 'ComputerMesh' being destroyed
[2025.11.16-11.21.11:653][750]LogWorld: UWorld::CleanupWorld for World_44, bSessionEnded=true, bCleanupResources=true
[2025.11.16-11.21.11:653][750]LogSlate: InvalidateAllWidgets triggered.  All widgets were invalidated
[2025.11.16-11.21.18:447][118]BlueprintLog: New page: Compile ComputerBoss
[2025.11.16-11.21.18:515][118]LogUObjectHash: Compacting FUObjectHashTables data took   2.42ms
[2025.11.16-11.21.18:833][130]Cmd: OBJ SAVEPACKAGE PACKAGE="/Game/Enemy/Anomaly/ComputerBoss" FILE="../../../../../../Git/Saf/GameUniHack/PixelPerfect/Content/Enemy/Anomaly/ComputerBoss.uasset" SILENT=true
[2025.11.16-11.21.18:874][130]LogSavePackage: Moving '../../../../../../Git/Saf/GameUniHack/PixelPerfect/Saved/ComputerBossE2CF5BCA4A1FBBB4FEBA1D87B6CACF58.tmp' to '../../../../../../Git/Saf/GameUniHack/PixelPerfect/Content/Enemy/Anomaly/ComputerBoss.uasset'
[2025.11.16-11.21.18:893][130]AssetCheck: New page: Asset Save: ComputerBoss
[2025.11.16-11.21.18:893][130]LogContentValidation: Display: Validating Blueprint /Game/Enemy/Anomaly/ComputerBoss.ComputerBoss
[2025.11.16-11.21.19:724][179]Cmd: OBJ SAVEPACKAGE PACKAGE="/Game/Enemy/Anomaly/ComputerBoss" FILE="../../../../../../Git/Saf/GameUniHack/PixelPerfect/Content/Enemy/Anomaly/ComputerBoss.uasset" SILENT=true
[2025.11.16-11.21.19:759][179]LogSavePackage: Moving '../../../../../../Git/Saf/GameUniHack/PixelPerfect/Saved/ComputerBoss9A0BECFA4C5D3BBF13B913ADEEBACCA8.tmp' to '../../../../../../Git/Saf/GameUniHack/PixelPerfect/Content/Enemy/Anomaly/ComputerBoss.uasset'
[2025.11.16-11.21.19:772][179]AssetCheck: New page: Asset Save: ComputerBoss
[2025.11.16-11.21.19:773][179]LogContentValidation: Display: Validating Blueprint /Game/Enemy/Anomaly/ComputerBoss.ComputerBoss
[2025.11.16-11.21.20:549][219]Cmd: OBJ SAVEPACKAGE PACKAGE="/Game/Levels/Main" FILE="../../../../../../Git/Saf/GameUniHack/PixelPerfect/Content/Levels/Main.umap" SILENT=true AUTOSAVING=false KEEPDIRTY=false
[2025.11.16-11.21.20:584][219]LogUObjectHash: Compacting FUObjectHashTables data took   1.95ms
[2025.11.16-11.21.20:627][219]LogSavePackage: Moving '../../../../../../Git/Saf/GameUniHack/PixelPerfect/Saved/Main9A01B0E14C810C98A173D38E0B176992.tmp' to '../../../../../../Git/Saf/GameUniHack/PixelPerfect/Content/Levels/Main.umap'
[2025.11.16-11.21.20:665][219]AssetCheck: New page: Asset Save: Main
[2025.11.16-11.21.20:665][219]LogContentValidation: Display: Validating World /Game/Levels/Main.Main
[2025.11.16-11.21.53:721][123]BlueprintLog: New page: Compile ComputerBoss
[2025.11.16-11.21.53:843][123]LogUObjectHash: Compacting FUObjectHashTables data took   1.79ms
[2025.11.16-11.21.54:036][129]Cmd: OBJ SAVEPACKAGE PACKAGE="/Game/Enemy/Anomaly/ComputerBoss" FILE="../../../../../../Git/Saf/GameUniHack/PixelPerfect/Content/Enemy/Anomaly/ComputerBoss.uasset" SILENT=true
[2025.11.16-11.21.54:072][129]LogSavePackage: Moving '../../../../../../Git/Saf/GameUniHack/PixelPerfect/Saved/ComputerBoss20875CE54925D64CD1D06B83E372044C.tmp' to '../../../../../../Git/Saf/GameUniHack/PixelPerfect/Content/Enemy/Anomaly/ComputerBoss.uasset'
[2025.11.16-11.21.54:094][129]AssetCheck: New page: Asset Save: ComputerBoss
[2025.11.16-11.21.54:094][129]LogContentValidation: Display: Validating Blueprint /Game/Enemy/Anomaly/ComputerBoss.ComputerBoss
[2025.11.16-11.22.05:485][796]BlueprintLog: New page: Compile ComputerBoss
[2025.11.16-11.22.05:597][796]LogUObjectHash: Compacting FUObjectHashTables data took   2.06ms
[2025.11.16-11.22.05:802][802]Cmd: OBJ SAVEPACKAGE PACKAGE="/Game/Enemy/Anomaly/ComputerBoss" FILE="../../../../../../Git/Saf/GameUniHack/PixelPerfect/Content/Enemy/Anomaly/ComputerBoss.uasset" SILENT=true
[2025.11.16-11.22.05:842][802]LogSavePackage: Moving '../../../../../../Git/Saf/GameUniHack/PixelPerfect/Saved/ComputerBossA2CB6BA4494BA982A80135B921858B06.tmp' to '../../../../../../Git/Saf/GameUniHack/PixelPerfect/Content/Enemy/Anomaly/ComputerBoss.uasset'
[2025.11.16-11.22.05:861][802]AssetCheck: New page: Asset Save: ComputerBoss
[2025.11.16-11.22.05:861][802]LogContentValidation: Display: Validating Blueprint /Game/Enemy/Anomaly/ComputerBoss.ComputerBoss
[2025.11.16-11.22.06:174][820]Cmd: OBJ SAVEPACKAGE PACKAGE="/Game/Enemy/Anomaly/ComputerBoss" FILE="../../../../../../Git/Saf/GameUniHack/PixelPerfect/Content/Enemy/Anomaly/ComputerBoss.uasset" SILENT=true
[2025.11.16-11.22.06:205][820]LogSavePackage: Moving '../../../../../../Git/Saf/GameUniHack/PixelPerfect/Saved/ComputerBossF7CE72404C9F738E19BE699FB1BD7947.tmp' to '../../../../../../Git/Saf/GameUniHack/PixelPerfect/Content/Enemy/Anomaly/ComputerBoss.uasset'
[2025.11.16-11.22.06:219][820]AssetCheck: New page: Asset Save: ComputerBoss
[2025.11.16-11.22.06:219][820]LogContentValidation: Display: Validating Blueprint /Game/Enemy/Anomaly/ComputerBoss.ComputerBoss
[2025.11.16-11.22.36:755][467]Cmd: OBJ SAVEPACKAGE PACKAGE="/Game/Enemy/Anomaly/BOT" FILE="../../../../../../Git/Saf/GameUniHack/PixelPerfect/Content/Enemy/Anomaly/BOT.uasset" SILENT=true
[2025.11.16-11.22.36:760][467]LogSavePackage: Moving '../../../../../../Git/Saf/GameUniHack/PixelPerfect/Saved/BOT703ECCD248364DAFD94D9D9F903AF7CA.tmp' to '../../../../../../Git/Saf/GameUniHack/PixelPerfect/Content/Enemy/Anomaly/BOT.uasset'
[2025.11.16-11.22.36:942][467]LogUObjectHash: Compacting FUObjectHashTables data took   1.79ms
[2025.11.16-11.22.36:981][467]LogUObjectHash: Compacting FUObjectHashTables data took   1.27ms
[2025.11.16-11.22.37:003][467]LogUObjectHash: Compacting FUObjectHashTables data took   0.41ms
[2025.11.16-11.22.37:037][467]AssetCheck: New page: Asset Save: BOT
[2025.11.16-11.22.37:037][467]LogContentValidation: Display: Validating Texture2D /Game/Enemy/Anomaly/BOT.BOT
[2025.11.16-11.22.37:951][517]Cmd: OBJ SAVEPACKAGE PACKAGE="/Game/Levels/Main" FILE="../../../../../../Git/Saf/GameUniHack/PixelPerfect/Content/Levels/Main.umap" SILENT=true AUTOSAVING=false KEEPDIRTY=false
[2025.11.16-11.22.37:979][517]LogUObjectHash: Compacting FUObjectHashTables data took   0.55ms
[2025.11.16-11.22.38:018][517]LogSavePackage: Moving '../../../../../../Git/Saf/GameUniHack/PixelPerfect/Saved/Main5B0DA2744D7FF5C2BBC657B27E31E38E.tmp' to '../../../../../../Git/Saf/GameUniHack/PixelPerfect/Content/Levels/Main.umap'
[2025.11.16-11.22.38:064][517]AssetCheck: New page: Asset Save: Main
[2025.11.16-11.22.38:064][517]LogContentValidation: Display: Validating World /Game/Levels/Main.Main
[2025.11.16-11.22.40:293][627]LogMaterial: Display: Missing cached shader map for material BOT_Mat, compiling. 
[2025.11.16-11.22.40:336][628]LogShaderCompilers: Display: Worker (1/9): shaders left to compile 15
[2025.11.16-11.22.40:336][628]LogShaderCompilers: Display: Worker (2/9): shaders left to compile 13
[2025.11.16-11.22.40:336][628]LogShaderCompilers: Display: Worker (3/9): shaders left to compile 11
[2025.11.16-11.22.40:336][628]LogShaderCompilers: Display: Worker (4/9): shaders left to compile 9
[2025.11.16-11.22.40:336][628]LogShaderCompilers: Display: Worker (5/9): shaders left to compile 7
[2025.11.16-11.22.40:336][628]LogShaderCompilers: Display: Worker (6/9): shaders left to compile 5
[2025.11.16-11.22.40:336][628]LogShaderCompilers: Display: Worker (7/9): shaders left to compile 3
[2025.11.16-11.22.40:336][628]LogShaderCompilers: Display: Worker (8/9): shaders left to compile 1
[2025.11.16-11.22.41:914][695]LogAssetEditorSubsystem: Opening Asset editor for Material /Game/Enemy/Anomaly/BOT_Mat.BOT_Mat
[2025.11.16-11.22.41:918][695]LogMaterial: Display: Missing cached shader map for material BOT_Mat, compiling. 
[2025.11.16-11.22.41:933][695]LogShaderCompilers: Display: Worker (7/9): shaders left to compile 9
[2025.11.16-11.22.41:933][695]LogShaderCompilers: Display: Worker (8/9): shaders left to compile 8
[2025.11.16-11.22.42:102][695]LogMaterial: Display: Missing cached shader map for material BOT_Mat, compiling. 
[2025.11.16-11.22.42:114][695]LogMaterial: Display: Missing cached shader map for material BOT_Mat, compiling. 
[2025.11.16-11.22.42:122][695]LogShaderCompilers: Display: Worker (1/9): shaders left to compile 9
[2025.11.16-11.22.42:122][695]LogShaderCompilers: Display: Worker (2/9): shaders left to compile 8
[2025.11.16-11.22.42:122][695]LogShaderCompilers: Display: Worker (4/9): shaders left to compile 7
[2025.11.16-11.22.42:122][695]LogShaderCompilers: Display: Worker (6/9): shaders left to compile 6
[2025.11.16-11.22.42:131][695]LogMaterial: Display: Missing cached shader map for material FMatExpressionPreview MaterialExpressionTextureSample_0, compiling. 
[2025.11.16-11.22.42:426][701]LogShaderCompilers: Display: Worker (5/9): shaders left to compile 9
[2025.11.16-11.22.42:426][701]LogShaderCompilers: Display: Worker (3/9): shaders left to compile 8
[2025.11.16-11.22.42:779][711]LogShaderCompilers: Display: Worker (8/9): shaders left to compile 7
[2025.11.16-11.22.42:806][712]LogShaderCompilers: Display: Worker (4/9): shaders left to compile 6
[2025.11.16-11.22.42:919][716]LogShaderCompilers: Display: Worker (7/9): shaders left to compile 5
[2025.11.16-11.22.43:011][718]LogShaderCompilers: Display: Worker (2/9): shaders left to compile 4
[2025.11.16-11.22.43:050][720]LogShaderCompilers: Display: Worker (3/9): shaders left to compile 3
[2025.11.16-11.22.43:073][721]LogShaderCompilers: Display: Worker (6/9): shaders left to compile 2
[2025.11.16-11.22.43:137][724]LogShaderCompilers: Display: Worker (1/9): shaders left to compile 1
[2025.11.16-11.22.43:755][746]MaterialEditorStats: Base pass shader: 120 instructions
[2025.11.16-11.22.43:755][746]MaterialEditorStats: Base pass shader with Volumetric Lightmap: 194 instructions
[2025.11.16-11.22.43:755][746]MaterialEditorStats: Base pass vertex shader: 44 instructions
[2025.11.16-11.22.43:755][746]MaterialEditorStats: Texture samplers: 3/16
[2025.11.16-11.22.43:755][746]MaterialEditorStats: Texture Lookups (Est.): VS(0), PS(1)
[2025.11.16-11.22.43:755][746]MaterialEditorStats: User interpolators: 2/4 Scalars (1/4 Vectors) (TexCoords: 2, Custom: 0)
[2025.11.16-11.22.49:312][ 70]LogMaterial: Display: Missing cached shader map for material BOT_Mat, compiling. 
[2025.11.16-11.22.49:362][ 71]LogShaderCompilers: Display: Worker (1/9): shaders left to compile 9
[2025.11.16-11.22.49:362][ 71]LogShaderCompilers: Display: Worker (2/9): shaders left to compile 8
[2025.11.16-11.22.49:362][ 71]LogShaderCompilers: Display: Worker (3/9): shaders left to compile 7
[2025.11.16-11.22.49:362][ 71]LogShaderCompilers: Display: Worker (4/9): shaders left to compile 6
[2025.11.16-11.22.49:362][ 71]LogShaderCompilers: Display: Worker (5/9): shaders left to compile 5
[2025.11.16-11.22.49:362][ 71]LogShaderCompilers: Display: Worker (6/9): shaders left to compile 4
[2025.11.16-11.22.49:362][ 71]LogShaderCompilers: Display: Worker (7/9): shaders left to compile 3
[2025.11.16-11.22.49:362][ 71]LogShaderCompilers: Display: Worker (8/9): shaders left to compile 2
[2025.11.16-11.22.49:988][ 94]LogShaderCompilers: Display: Worker (3/9): shaders left to compile 1
[2025.11.16-11.22.50:545][119]MaterialEditorStats: Base pass shader: 120 instructions
[2025.11.16-11.22.50:546][119]MaterialEditorStats: Base pass shader with Volumetric Lightmap: 194 instructions
[2025.11.16-11.22.50:546][119]MaterialEditorStats: Base pass vertex shader: 44 instructions
[2025.11.16-11.22.50:546][119]MaterialEditorStats: Texture samplers: 3/16
[2025.11.16-11.22.50:546][119]MaterialEditorStats: Texture Lookups (Est.): VS(0), PS(1)
[2025.11.16-11.22.50:546][119]MaterialEditorStats: User interpolators: 2/4 Scalars (1/4 Vectors) (TexCoords: 2, Custom: 0)
[2025.11.16-11.22.52:125][211]LogMaterial: Display: Missing cached shader map for material BOT_Mat, compiling. 
[2025.11.16-11.22.52:132][211]LogMaterial: Display: Missing cached shader map for material BOT_Mat, compiling. 
[2025.11.16-11.22.52:169][212]LogShaderCompilers: Display: Worker (1/9): shaders left to compile 9
[2025.11.16-11.22.52:169][212]LogShaderCompilers: Display: Worker (2/9): shaders left to compile 8
[2025.11.16-11.22.52:169][212]LogShaderCompilers: Display: Worker (3/9): shaders left to compile 7
[2025.11.16-11.22.52:169][212]LogShaderCompilers: Display: Worker (4/9): shaders left to compile 6
[2025.11.16-11.22.52:169][212]LogShaderCompilers: Display: Worker (5/9): shaders left to compile 5
[2025.11.16-11.22.52:169][212]LogShaderCompilers: Display: Worker (6/9): shaders left to compile 4
[2025.11.16-11.22.52:169][212]LogShaderCompilers: Display: Worker (7/9): shaders left to compile 3
[2025.11.16-11.22.52:170][212]LogShaderCompilers: Display: Worker (8/9): shaders left to compile 2
[2025.11.16-11.22.52:776][234]LogShaderCompilers: Display: Worker (6/9): shaders left to compile 1
[2025.11.16-11.22.53:231][255]MaterialEditorStats: Base pass shader: 120 instructions
[2025.11.16-11.22.53:231][255]MaterialEditorStats: Base pass shader with Volumetric Lightmap: 194 instructions
[2025.11.16-11.22.53:231][255]MaterialEditorStats: Base pass vertex shader: 44 instructions
[2025.11.16-11.22.53:231][255]MaterialEditorStats: Texture samplers: 3/16
[2025.11.16-11.22.53:231][255]MaterialEditorStats: Texture Lookups (Est.): VS(0), PS(1)
[2025.11.16-11.22.53:231][255]MaterialEditorStats: User interpolators: 2/4 Scalars (1/4 Vectors) (TexCoords: 2, Custom: 0)
[2025.11.16-11.22.54:415][323]LogMaterial: Display: Missing cached shader map for material BOT_Mat, compiling. 
[2025.11.16-11.22.54:429][323]LogShaderCompilers: Display: Worker (1/9): shaders left to compile 9
[2025.11.16-11.22.54:430][323]LogShaderCompilers: Display: Worker (2/9): shaders left to compile 8
[2025.11.16-11.22.54:430][323]LogShaderCompilers: Display: Worker (3/9): shaders left to compile 7
[2025.11.16-11.22.54:430][323]LogShaderCompilers: Display: Worker (4/9): shaders left to compile 6
[2025.11.16-11.22.54:430][323]LogShaderCompilers: Display: Worker (5/9): shaders left to compile 5
[2025.11.16-11.22.54:430][323]LogShaderCompilers: Display: Worker (6/9): shaders left to compile 4
[2025.11.16-11.22.54:430][323]LogShaderCompilers: Display: Worker (7/9): shaders left to compile 3
[2025.11.16-11.22.54:430][323]LogShaderCompilers: Display: Worker (8/9): shaders left to compile 2
[2025.11.16-11.22.54:433][323]LogMaterial: Display: Missing cached shader map for material FMatExpressionPreview MaterialExpressionTextureSample_0, compiling. 
[2025.11.16-11.22.54:980][341]LogShaderCompilers: Display: Worker (3/9): shaders left to compile 5
[2025.11.16-11.22.55:002][342]LogShaderCompilers: Display: Worker (6/9): shaders left to compile 4
[2025.11.16-11.22.55:217][351]LogShaderCompilers: Display: Worker (2/9): shaders left to compile 3
[2025.11.16-11.22.55:294][354]LogShaderCompilers: Display: Worker (8/9): shaders left to compile 2
[2025.11.16-11.22.55:378][358]LogShaderCompilers: Display: Worker (7/9): shaders left to compile 1
[2025.11.16-11.22.55:513][365]MaterialEditorStats: Base pass shader: 120 instructions
[2025.11.16-11.22.55:513][365]MaterialEditorStats: Base pass shader with Volumetric Lightmap: 194 instructions
[2025.11.16-11.22.55:513][365]MaterialEditorStats: Base pass vertex shader: 44 instructions
[2025.11.16-11.22.55:513][365]MaterialEditorStats: Texture samplers: 3/16
[2025.11.16-11.22.55:513][365]MaterialEditorStats: Texture Lookups (Est.): VS(0), PS(1)
[2025.11.16-11.22.55:513][365]MaterialEditorStats: User interpolators: 2/4 Scalars (1/4 Vectors) (TexCoords: 2, Custom: 0)
[2025.11.16-11.22.56:656][424]LogMaterialEditor: Saving and Compiling material BOT_Mat
[2025.11.16-11.22.57:307][424]LogMaterial: Display: Missing cached shader map for material BOT_Mat, compiling. 
[2025.11.16-11.22.57:334][424]LogShaderCompilers: Display: Worker (1/9): shaders left to compile 9
[2025.11.16-11.22.57:334][424]LogShaderCompilers: Display: Worker (2/9): shaders left to compile 8
[2025.11.16-11.22.57:334][424]LogShaderCompilers: Display: Worker (3/9): shaders left to compile 7
[2025.11.16-11.22.57:334][424]LogShaderCompilers: Display: Worker (4/9): shaders left to compile 6
[2025.11.16-11.22.57:334][424]LogShaderCompilers: Display: Worker (5/9): shaders left to compile 5
[2025.11.16-11.22.57:335][424]LogShaderCompilers: Display: Worker (6/9): shaders left to compile 4
[2025.11.16-11.22.57:335][424]LogShaderCompilers: Display: Worker (7/9): shaders left to compile 3
[2025.11.16-11.22.57:335][424]LogShaderCompilers: Display: Worker (8/9): shaders left to compile 2
[2025.11.16-11.22.57:381][424]LogMaterial: Display: Missing cached shader map for material BOT_Mat, compiling. 
[2025.11.16-11.22.57:429][424]LogUObjectHash: Compacting FUObjectHashTables data took   2.22ms
[2025.11.16-11.22.57:445][424]LogMaterial: Display: Missing cached shader map for material DebugViewMode MaterialTexCoordScale, compiling. 
[2025.11.16-11.22.57:973][424]LogShaderCompilers: Display: Worker (3/9): shaders left to compile 18
[2025.11.16-11.22.57:973][424]LogShaderCompilers: Display: Worker (6/9): shaders left to compile 17
[2025.11.16-11.22.57:973][424]LogShaderCompilers: Display: Worker (2/9): shaders left to compile 16
[2025.11.16-11.22.58:243][424]LogShaderCompilers: Display: Worker (8/9): shaders left to compile 15
[2025.11.16-11.22.58:243][424]LogShaderCompilers: Display: Worker (7/9): shaders left to compile 13
[2025.11.16-11.22.58:243][424]LogShaderCompilers: Display: Worker (1/9): shaders left to compile 11
[2025.11.16-11.22.58:243][424]LogShaderCompilers: Display: Worker (4/9): shaders left to compile 9
[2025.11.16-11.22.58:243][424]LogShaderCompilers: Display: Worker (5/9): shaders left to compile 7
[2025.11.16-11.22.58:243][424]LogShaderCompilers: Display: Worker (6/9): shaders left to compile 6
[2025.11.16-11.22.58:243][424]LogShaderCompilers: Display: Worker (3/9): shaders left to compile 5
[2025.11.16-11.22.58:243][424]LogShaderCompilers: Display: Worker (2/9): shaders left to compile 4
[2025.11.16-11.22.58:248][424]TextureStreamingBuild: Display: Compiling optional shaders took 0.809 seconds.
[2025.11.16-11.22.58:305][424]LogUObjectHash: Compacting FUObjectHashTables data took   0.96ms
[2025.11.16-11.22.58:909][424]LogShaderCompilers: Display: Worker (2/9): shaders left to compile 3
[2025.11.16-11.22.58:909][424]LogShaderCompilers: Display: Worker (5/9): shaders left to compile 2
[2025.11.16-11.22.58:909][424]LogShaderCompilers: Display: Worker (6/9): shaders left to compile 1
[2025.11.16-11.22.59:151][424]Cmd: OBJ SAVEPACKAGE PACKAGE="/Game/Enemy/Anomaly/BOT_Mat" FILE="../../../../../../Git/Saf/GameUniHack/PixelPerfect/Content/Enemy/Anomaly/BOT_Mat.uasset" SILENT=true
[2025.11.16-11.22.59:158][424]LogSavePackage: Moving '../../../../../../Git/Saf/GameUniHack/PixelPerfect/Saved/BOT_Mat133E0827438330E0D13A5489ED5CF48F.tmp' to '../../../../../../Git/Saf/GameUniHack/PixelPerfect/Content/Enemy/Anomaly/BOT_Mat.uasset'
[2025.11.16-11.22.59:241][424]AssetCheck: New page: Asset Save: BOT_Mat
[2025.11.16-11.22.59:241][424]LogContentValidation: Display: Validating Material /Game/Enemy/Anomaly/BOT_Mat.BOT_Mat
[2025.11.16-11.22.59:243][424]MaterialEditorStats: Base pass shader: 120 instructions
[2025.11.16-11.22.59:243][424]MaterialEditorStats: Base pass shader with Volumetric Lightmap: 194 instructions
[2025.11.16-11.22.59:243][424]MaterialEditorStats: Base pass vertex shader: 44 instructions
[2025.11.16-11.22.59:243][424]MaterialEditorStats: Texture samplers: 4/16
[2025.11.16-11.22.59:243][424]MaterialEditorStats: Texture Lookups (Est.): VS(0), PS(1)
[2025.11.16-11.22.59:243][424]MaterialEditorStats: User interpolators: 2/4 Scalars (1/4 Vectors) (TexCoords: 2, Custom: 0)
[2025.11.16-11.23.00:099][468]LogMaterial: Display: Missing cached shader map for material BOT_Mat, compiling. 
[2025.11.16-11.23.00:139][469]LogShaderCompilers: Display: Worker (1/9): shaders left to compile 9
[2025.11.16-11.23.00:139][469]LogShaderCompilers: Display: Worker (2/9): shaders left to compile 8
[2025.11.16-11.23.00:139][469]LogShaderCompilers: Display: Worker (3/9): shaders left to compile 7
[2025.11.16-11.23.00:139][469]LogShaderCompilers: Display: Worker (4/9): shaders left to compile 6
[2025.11.16-11.23.00:139][469]LogShaderCompilers: Display: Worker (5/9): shaders left to compile 5
[2025.11.16-11.23.00:139][469]LogShaderCompilers: Display: Worker (6/9): shaders left to compile 4
[2025.11.16-11.23.00:139][469]LogShaderCompilers: Display: Worker (7/9): shaders left to compile 3
[2025.11.16-11.23.00:139][469]LogShaderCompilers: Display: Worker (8/9): shaders left to compile 2
[2025.11.16-11.23.00:777][496]LogShaderCompilers: Display: Worker (6/9): shaders left to compile 1
[2025.11.16-11.23.01:242][521]MaterialEditorStats: Base pass shader: 120 instructions
[2025.11.16-11.23.01:242][521]MaterialEditorStats: Base pass shader with Volumetric Lightmap: 194 instructions
[2025.11.16-11.23.01:242][521]MaterialEditorStats: Base pass vertex shader: 44 instructions
[2025.11.16-11.23.01:242][521]MaterialEditorStats: Texture samplers: 3/16
[2025.11.16-11.23.01:242][521]MaterialEditorStats: Texture Lookups (Est.): VS(0), PS(1)
[2025.11.16-11.23.01:242][521]MaterialEditorStats: User interpolators: 2/4 Scalars (1/4 Vectors) (TexCoords: 2, Custom: 0)
[2025.11.16-11.23.04:681][723]LogMaterial: Display: Missing cached shader map for material BOT_Mat, compiling. 
[2025.11.16-11.23.04:705][724]LogShaderCompilers: Display: Worker (1/9): shaders left to compile 9
[2025.11.16-11.23.04:706][724]LogShaderCompilers: Display: Worker (2/9): shaders left to compile 8
[2025.11.16-11.23.04:706][724]LogShaderCompilers: Display: Worker (3/9): shaders left to compile 7
[2025.11.16-11.23.04:706][724]LogShaderCompilers: Display: Worker (4/9): shaders left to compile 6
[2025.11.16-11.23.04:706][724]LogShaderCompilers: Display: Worker (5/9): shaders left to compile 5
[2025.11.16-11.23.04:706][724]LogShaderCompilers: Display: Worker (6/9): shaders left to compile 4
[2025.11.16-11.23.04:706][724]LogShaderCompilers: Display: Worker (7/9): shaders left to compile 3
[2025.11.16-11.23.04:706][724]LogShaderCompilers: Display: Worker (8/9): shaders left to compile 2
[2025.11.16-11.23.05:303][744]LogShaderCompilers: Display: Worker (6/9): shaders left to compile 1
[2025.11.16-11.23.05:509][754]LogMaterialEditor: Saving and Compiling material BOT_Mat
[2025.11.16-11.23.06:075][754]LogMaterial: Display: Missing cached shader map for material BOT_Mat, compiling. 
[2025.11.16-11.23.06:101][754]LogShaderCompilers: Display: Worker (1/9): shaders left to compile 9
[2025.11.16-11.23.06:101][754]LogShaderCompilers: Display: Worker (2/9): shaders left to compile 8
[2025.11.16-11.23.06:101][754]LogShaderCompilers: Display: Worker (3/9): shaders left to compile 7
[2025.11.16-11.23.06:101][754]LogShaderCompilers: Display: Worker (4/9): shaders left to compile 6
[2025.11.16-11.23.06:101][754]LogShaderCompilers: Display: Worker (5/9): shaders left to compile 5
[2025.11.16-11.23.06:101][754]LogShaderCompilers: Display: Worker (6/9): shaders left to compile 4
[2025.11.16-11.23.06:101][754]LogShaderCompilers: Display: Worker (7/9): shaders left to compile 3
[2025.11.16-11.23.06:101][754]LogShaderCompilers: Display: Worker (8/9): shaders left to compile 2
[2025.11.16-11.23.06:138][754]LogMaterial: Display: Missing cached shader map for material BOT_Mat, compiling. 
[2025.11.16-11.23.06:184][754]LogUObjectHash: Compacting FUObjectHashTables data took   2.11ms
[2025.11.16-11.23.06:195][754]LogMaterial: Display: Missing cached shader map for material DebugViewMode MaterialTexCoordScale, compiling. 
[2025.11.16-11.23.06:721][754]LogShaderCompilers: Display: Worker (3/9): shaders left to compile 18
[2025.11.16-11.23.06:721][754]LogShaderCompilers: Display: Worker (6/9): shaders left to compile 17
[2025.11.16-11.23.06:721][754]LogShaderCompilers: Display: Worker (2/9): shaders left to compile 16
[2025.11.16-11.23.06:999][754]LogShaderCompilers: Display: Worker (8/9): shaders left to compile 15
[2025.11.16-11.23.06:999][754]LogShaderCompilers: Display: Worker (4/9): shaders left to compile 13
[2025.11.16-11.23.06:999][754]LogShaderCompilers: Display: Worker (7/9): shaders left to compile 11
[2025.11.16-11.23.06:999][754]LogShaderCompilers: Display: Worker (5/9): shaders left to compile 9
[2025.11.16-11.23.06:999][754]LogShaderCompilers: Display: Worker (6/9): shaders left to compile 7
[2025.11.16-11.23.06:999][754]LogShaderCompilers: Display: Worker (1/9): shaders left to compile 5
[2025.11.16-11.23.06:999][754]LogShaderCompilers: Display: Worker (3/9): shaders left to compile 4
[2025.11.16-11.23.06:999][754]LogShaderCompilers: Display: Worker (2/9): shaders left to compile 3
[2025.11.16-11.23.07:003][754]TextureStreamingBuild: Display: Compiling optional shaders took 0.814 seconds.
[2025.11.16-11.23.07:053][754]LogUObjectHash: Compacting FUObjectHashTables data took   0.80ms
[2025.11.16-11.23.07:659][754]LogShaderCompilers: Display: Worker (2/9): shaders left to compile 2
[2025.11.16-11.23.07:659][754]LogShaderCompilers: Display: Worker (3/9): shaders left to compile 1
[2025.11.16-11.23.07:942][754]Cmd: OBJ SAVEPACKAGE PACKAGE="/Game/Enemy/Anomaly/BOT_Mat" FILE="../../../../../../Git/Saf/GameUniHack/PixelPerfect/Content/Enemy/Anomaly/BOT_Mat.uasset" SILENT=true
[2025.11.16-11.23.07:967][754]LogSavePackage: Moving '../../../../../../Git/Saf/GameUniHack/PixelPerfect/Saved/BOT_MatF8051880419AA15EFFF821AAD8E82509.tmp' to '../../../../../../Git/Saf/GameUniHack/PixelPerfect/Content/Enemy/Anomaly/BOT_Mat.uasset'
[2025.11.16-11.23.08:009][754]AssetCheck: New page: Asset Save: BOT_Mat
[2025.11.16-11.23.08:009][754]LogContentValidation: Display: Validating Material /Game/Enemy/Anomaly/BOT_Mat.BOT_Mat
[2025.11.16-11.23.08:011][754]MaterialEditorStats: Base pass shader: 121 instructions
[2025.11.16-11.23.08:011][754]MaterialEditorStats: Base pass shader with Volumetric Lightmap: 195 instructions
[2025.11.16-11.23.08:011][754]MaterialEditorStats: Base pass vertex shader: 44 instructions
[2025.11.16-11.23.08:011][754]MaterialEditorStats: Texture samplers: 4/16
[2025.11.16-11.23.08:011][754]MaterialEditorStats: Texture Lookups (Est.): VS(0), PS(1)
[2025.11.16-11.23.08:011][754]MaterialEditorStats: User interpolators: 2/4 Scalars (1/4 Vectors) (TexCoords: 2, Custom: 0)
[2025.11.16-11.23.11:478][933]LogSlate: Window 'BOT_Mat' being destroyed
[2025.11.16-11.23.14:502][108]LogEditorViewport: Clicking on Actor (LMB): StaticMeshActor (Warehouse)
[2025.11.16-11.23.19:015][349]LogAssetEditorSubsystem: Opening Asset editor for Material /Game/Assets/Warehouse/Wall_Main_Mat.Wall_Main_Mat
[2025.11.16-11.23.19:017][349]LogMaterial: Display: Missing cached shader map for material Wall_Main_Mat, compiling. 
[2025.11.16-11.23.19:093][349]LogMaterial: Display: Missing cached shader map for material Wall_Main_Mat, compiling. 
[2025.11.16-11.23.19:102][349]LogMaterial: Display: Missing cached shader map for material Wall_Main_Mat, compiling. 
[2025.11.16-11.23.19:118][349]LogShaderCompilers: Display: Worker (1/9): shaders left to compile 9
[2025.11.16-11.23.19:118][349]LogShaderCompilers: Display: Worker (2/9): shaders left to compile 8
[2025.11.16-11.23.19:118][349]LogShaderCompilers: Display: Worker (3/9): shaders left to compile 7
[2025.11.16-11.23.19:118][349]LogShaderCompilers: Display: Worker (4/9): shaders left to compile 6
[2025.11.16-11.23.19:118][349]LogShaderCompilers: Display: Worker (5/9): shaders left to compile 5
[2025.11.16-11.23.19:118][349]LogShaderCompilers: Display: Worker (6/9): shaders left to compile 4
[2025.11.16-11.23.19:118][349]LogShaderCompilers: Display: Worker (7/9): shaders left to compile 3
[2025.11.16-11.23.19:118][349]LogShaderCompilers: Display: Worker (8/9): shaders left to compile 2
[2025.11.16-11.23.19:118][349]LogMaterial: Display: Missing cached shader map for material FMatExpressionPreview MaterialExpressionTextureObject_0, compiling. 
[2025.11.16-11.23.19:661][373]LogShaderCompilers: Display: Worker (3/9): shaders left to compile 5
[2025.11.16-11.23.19:703][375]LogShaderCompilers: Display: Worker (6/9): shaders left to compile 4
[2025.11.16-11.23.19:917][388]LogShaderCompilers: Display: Worker (2/9): shaders left to compile 3
[2025.11.16-11.23.19:950][390]LogShaderCompilers: Display: Worker (8/9): shaders left to compile 2
[2025.11.16-11.23.20:007][393]LogShaderCompilers: Display: Worker (4/9): shaders left to compile 1
[2025.11.16-11.23.20:161][401]MaterialEditorStats: Base pass shader: 125 instructions
[2025.11.16-11.23.20:162][401]MaterialEditorStats: Base pass shader with Volumetric Lightmap: 199 instructions
[2025.11.16-11.23.20:162][401]MaterialEditorStats: Base pass vertex shader: 41 instructions
[2025.11.16-11.23.20:162][401]MaterialEditorStats: Texture samplers: 3/16
[2025.11.16-11.23.20:162][401]MaterialEditorStats: Texture Lookups (Est.): VS(0), PS(2)
[2025.11.16-11.23.21:823][494]LogWorld: UWorld::CleanupWorld for World_46, bSessionEnded=true, bCleanupResources=true
[2025.11.16-11.23.21:823][494]LogSlate: InvalidateAllWidgets triggered.  All widgets were invalidated
[2025.11.16-11.23.28:696][873]LogAssetEditorSubsystem: Opening Asset editor for Material /Game/Assets/Warehouse/Wall_Main_Mat.Wall_Main_Mat
[2025.11.16-11.23.28:698][873]LogMaterial: Display: Missing cached shader map for material PreviewMaterial_0, compiling. 
[2025.11.16-11.23.28:757][873]LogMaterial: Display: Missing cached shader map for material PreviewMaterial_0, compiling. 
[2025.11.16-11.23.28:766][873]LogMaterial: Display: Missing cached shader map for material PreviewMaterial_0, compiling. 
[2025.11.16-11.23.28:772][873]LogShaderCompilers: Display: Worker (1/9): shaders left to compile 9
[2025.11.16-11.23.28:772][873]LogShaderCompilers: Display: Worker (2/9): shaders left to compile 8
[2025.11.16-11.23.28:772][873]LogShaderCompilers: Display: Worker (3/9): shaders left to compile 7
[2025.11.16-11.23.28:772][873]LogShaderCompilers: Display: Worker (4/9): shaders left to compile 6
[2025.11.16-11.23.28:772][873]LogShaderCompilers: Display: Worker (5/9): shaders left to compile 5
[2025.11.16-11.23.28:772][873]LogShaderCompilers: Display: Worker (6/9): shaders left to compile 4
[2025.11.16-11.23.28:772][873]LogShaderCompilers: Display: Worker (7/9): shaders left to compile 3
[2025.11.16-11.23.28:772][873]LogShaderCompilers: Display: Worker (8/9): shaders left to compile 2
[2025.11.16-11.23.28:785][873]LogMaterial: Display: Missing cached shader map for material FMatExpressionPreview MaterialExpressionTextureObject_0, compiling. 
[2025.11.16-11.23.29:297][888]LogShaderCompilers: Display: Worker (6/9): shaders left to compile 5
[2025.11.16-11.23.29:323][890]LogShaderCompilers: Display: Worker (3/9): shaders left to compile 4
[2025.11.16-11.23.29:530][902]LogShaderCompilers: Display: Worker (2/9): shaders left to compile 3
[2025.11.16-11.23.29:596][906]LogShaderCompilers: Display: Worker (8/9): shaders left to compile 2
[2025.11.16-11.23.29:665][909]LogShaderCompilers: Display: Worker (7/9): shaders left to compile 1
[2025.11.16-11.23.29:784][916]MaterialEditorStats: Base pass shader: 125 instructions
[2025.11.16-11.23.29:784][916]MaterialEditorStats: Base pass shader with Volumetric Lightmap: 199 instructions
[2025.11.16-11.23.29:784][916]MaterialEditorStats: Base pass vertex shader: 41 instructions
[2025.11.16-11.23.29:784][916]MaterialEditorStats: Texture samplers: 3/16
[2025.11.16-11.23.29:784][916]MaterialEditorStats: Texture Lookups (Est.): VS(0), PS(2)
[2025.11.16-11.23.30:665][962]LogWorld: UWorld::CleanupWorld for World_47, bSessionEnded=true, bCleanupResources=true
[2025.11.16-11.23.30:665][962]LogSlate: InvalidateAllWidgets triggered.  All widgets were invalidated
[2025.11.16-11.23.41:620][575]LogAssetEditorSubsystem: Opening Asset editor for Material /Game/Assets/MasterMaterial.MasterMaterial
[2025.11.16-11.23.41:632][575]LogMaterial: Display: Missing cached shader map for material MasterMaterial, compiling. 
[2025.11.16-11.23.41:716][575]LogMaterial: Display: Missing cached shader map for material MasterMaterial, compiling. 
[2025.11.16-11.23.41:726][575]LogMaterial: Display: Missing cached shader map for material MasterMaterial, compiling. 
[2025.11.16-11.23.41:738][575]LogShaderCompilers: Display: Worker (1/9): shaders left to compile 14
[2025.11.16-11.23.41:741][575]LogShaderCompilers: Display: Worker (2/9): shaders left to compile 13
[2025.11.16-11.23.41:741][575]LogShaderCompilers: Display: Worker (3/9): shaders left to compile 12
[2025.11.16-11.23.41:741][575]LogShaderCompilers: Display: Worker (4/9): shaders left to compile 11
[2025.11.16-11.23.41:741][575]LogShaderCompilers: Display: Worker (5/9): shaders left to compile 10
[2025.11.16-11.23.41:741][575]LogShaderCompilers: Display: Worker (6/9): shaders left to compile 9
[2025.11.16-11.23.41:741][575]LogShaderCompilers: Display: Worker (7/9): shaders left to compile 8
[2025.11.16-11.23.41:741][575]LogShaderCompilers: Display: Worker (8/9): shaders left to compile 7
[2025.11.16-11.23.41:745][575]LogMaterial: Display: Missing cached shader map for material FMatExpressionPreview MaterialExpressionVectorParameter_0, compiling. 
[2025.11.16-11.23.41:752][575]LogMaterial: Display: Missing cached shader map for material FMatExpressionPreview MaterialExpressionTextureObjectParameter_0, compiling. 
[2025.11.16-11.23.42:006][580]LogShaderCompilers: Display: Worker (3/9): shaders left to compile 14
[2025.11.16-11.23.42:127][585]LogShaderCompilers: Display: Worker (2/9): shaders left to compile 13
[2025.11.16-11.23.42:258][591]LogShaderCompilers: Display: Worker (5/9): shaders left to compile 12
[2025.11.16-11.23.42:289][593]LogShaderCompilers: Display: Worker (8/9): shaders left to compile 11
[2025.11.16-11.23.42:464][602]LogShaderCompilers: Display: Worker (2/9): shaders left to compile 10
[2025.11.16-11.23.42:580][609]LogShaderCompilers: Display: Worker (4/9): shaders left to compile 9
[2025.11.16-11.23.42:735][618]LogShaderCompilers: Display: Worker (6/9): shaders left to compile 8
[2025.11.16-11.23.42:735][618]LogShaderCompilers: Display: Worker (7/9): shaders left to compile 7
[2025.11.16-11.23.42:735][618]LogShaderCompilers: Display: Worker (1/9): shaders left to compile 6
[2025.11.16-11.23.42:802][622]LogShaderCompilers: Display: Worker (8/9): shaders left to compile 5
[2025.11.16-11.23.42:903][628]LogShaderCompilers: Display: Worker (3/9): shaders left to compile 4
[2025.11.16-11.23.42:996][632]LogShaderCompilers: Display: Worker (2/9): shaders left to compile 3
[2025.11.16-11.23.43:136][638]LogShaderCompilers: Display: Worker (5/9): shaders left to compile 2
[2025.11.16-11.23.43:287][645]LogShaderCompilers: Display: Worker (6/9): shaders left to compile 1
[2025.11.16-11.23.43:469][654]MaterialEditorStats: Base pass shader: 134 instructions
[2025.11.16-11.23.43:469][654]MaterialEditorStats: Base pass shader with Volumetric Lightmap: 208 instructions
[2025.11.16-11.23.43:469][654]MaterialEditorStats: Base pass vertex shader: 45 instructions
[2025.11.16-11.23.43:469][654]MaterialEditorStats: Texture samplers: 3/16
[2025.11.16-11.23.43:469][654]MaterialEditorStats: Texture Lookups (Est.): VS(0), PS(3)
[2025.11.16-11.23.45:827][785]LogUObjectHash: Warning: Ambiguous path search, could be MaterialGraphNode /Engine/Transient.BOT_Mat:MaterialGraph_0.MaterialGraphNode_2 or MaterialGraphNode /Engine/Transient.Wall_Main_Mat:MaterialGraph_0.MaterialGraphNode_2
[2025.11.16-11.23.45:827][785]LogUObjectHash: Warning: Ambiguous path search, could be MaterialGraphNode /Engine/Transient.BOT_Mat:MaterialGraph_0.MaterialGraphNode_2 or MaterialGraphNode /Engine/Transient.PreviewMaterial_0:MaterialGraph_0.MaterialGraphNode_2
[2025.11.16-11.23.45:827][785]LogUObjectHash: Warning: Ambiguous path search, could be MaterialGraphNode /Engine/Transient.BOT_Mat:MaterialGraph_0.MaterialGraphNode_2 or MaterialGraphNode /Engine/Transient.MasterMaterial:MaterialGraph_0.MaterialGraphNode_2
[2025.11.16-11.23.45:829][785]LogProperty: Warning: ObjectProperty /Script/Engine.ExpressionInput:Expression: unresolved reference to 'MaterialExpressionVectorParameter'"MaterialGraphNode_2.MaterialExpressionVectorParameter_0"',Mask=1,MaskR=1,MaskG=1,MaskB=1)'
[2025.11.16-11.23.45:831][785]LogUObjectHash: Warning: Ambiguous path search, could be MaterialExpressionMaterialFunctionCall /Engine/Functions/Engine_MaterialFunctions02/Texturing/FlipBook.FlipBook:MaterialExpressionMaterialFunctionCall_0 or MaterialExpressionMaterialFunctionCall /Engine/BufferVisualization/CustomStencil.CustomStencil:MaterialExpressionMaterialFunctionCall_0
[2025.11.16-11.23.45:831][785]LogUObjectHash: Warning: Ambiguous path search, could be MaterialExpressionMaterialFunctionCall /Engine/Functions/Engine_MaterialFunctions02/Texturing/FlipBook.FlipBook:MaterialExpressionMaterialFunctionCall_0 or MaterialExpressionMaterialFunctionCall /Engine/BufferVisualization/Velocity.Velocity:MaterialExpressionMaterialFunctionCall_0
[2025.11.16-11.23.45:831][785]LogUObjectHash: Warning: Ambiguous path search, could be MaterialExpressionMaterialFunctionCall /Engine/Functions/Engine_MaterialFunctions02/Texturing/FlipBook.FlipBook:MaterialExpressionMaterialFunctionCall_0 or MaterialExpressionMaterialFunctionCall /OculusVR/Materials/OculusMR_ChromaKey.OculusMR_ChromaKey:MaterialExpressionMaterialFunctionCall_0
[2025.11.16-11.23.45:831][785]LogUObjectHash: Warning: Ambiguous path search, could be MaterialExpressionMaterialFunctionCall /Engine/Functions/Engine_MaterialFunctions02/Texturing/FlipBook.FlipBook:MaterialExpressionMaterialFunctionCall_0 or MaterialExpressionMaterialFunctionCall /OculusVR/Materials/OculusMR_ChromaKey_Lit.OculusMR_ChromaKey_Lit:MaterialExpressionMaterialFunctionCall_0
[2025.11.16-11.23.45:831][785]LogUObjectHash: Warning: Ambiguous path search, could be MaterialExpressionMaterialFunctionCall /Engine/Functions/Engine_MaterialFunctions02/Texturing/FlipBook.FlipBook:MaterialExpressionMaterialFunctionCall_0 or MaterialExpressionMaterialFunctionCall /Game/Misc/CustomWorldAlignedTexture.CustomWorldAlignedTexture:MaterialExpressionMaterialFunctionCall_0
[2025.11.16-11.23.45:831][785]LogUObjectHash: Warning: Ambiguous path search, could be MaterialExpressionMaterialFunctionCall /Engine/Functions/Engine_MaterialFunctions02/Texturing/FlipBook.FlipBook:MaterialExpressionMaterialFunctionCall_0 or MaterialExpressionMaterialFunctionCall /Game/Assets/MasterMaterial.MasterMaterial:MaterialExpressionMaterialFunctionCall_0
[2025.11.16-11.23.45:831][785]LogUObjectHash: Warning: Ambiguous path search, could be MaterialExpressionMaterialFunctionCall /Engine/Functions/Engine_MaterialFunctions02/Texturing/FlipBook.FlipBook:MaterialExpressionMaterialFunctionCall_0 or MaterialExpressionMaterialFunctionCall /Engine/Transient.MasterMaterial:MaterialExpressionMaterialFunctionCall_0
[2025.11.16-11.23.45:831][785]LogProperty: Warning: Illegal TEXT reference to a private object in external package (MaterialExpressionMaterialFunctionCall /Engine/Functions/Engine_MaterialFunctions02/Texturing/FlipBook.FlipBook:MaterialExpressionMaterialFunctionCall_0) from referencer (MaterialExpressionMultiply /Engine/Transient.BOT_Mat:MaterialGraph_0.MaterialGraphNode_0.MaterialExpressionMultiply_0).  Import failed...
[2025.11.16-11.23.45:831][785]LogProperty: Warning: ObjectProperty /Script/Engine.ExpressionInput:Expression: unresolved reference to 'MaterialExpressionMaterialFunctionCall'"MaterialExpressionMaterialFunctionCall_0"',OutputIndex=2)'
[2025.11.16-11.23.45:836][785]LogMaterial: Display: Missing cached shader map for material BOT_Mat, compiling. 
[2025.11.16-11.23.45:844][785]LogMaterial: Display: Missing cached shader map for material FMatExpressionPreview MaterialExpressionVectorParameter_0, compiling. 
[2025.11.16-11.23.45:874][786]LogShaderCompilers: Display: Worker (1/9): shaders left to compile 13
[2025.11.16-11.23.45:874][786]LogShaderCompilers: Display: Worker (2/9): shaders left to compile 12
[2025.11.16-11.23.45:874][786]LogShaderCompilers: Display: Worker (3/9): shaders left to compile 11
[2025.11.16-11.23.45:874][786]LogShaderCompilers: Display: Worker (4/9): shaders left to compile 10
[2025.11.16-11.23.45:874][786]LogShaderCompilers: Display: Worker (5/9): shaders left to compile 9
[2025.11.16-11.23.45:874][786]LogShaderCompilers: Display: Worker (6/9): shaders left to compile 8
[2025.11.16-11.23.45:874][786]LogShaderCompilers: Display: Worker (7/9): shaders left to compile 7
[2025.11.16-11.23.45:874][786]LogShaderCompilers: Display: Worker (8/9): shaders left to compile 6
[2025.11.16-11.23.46:442][815]LogShaderCompilers: Display: Worker (6/9): shaders left to compile 5
[2025.11.16-11.23.46:461][816]LogShaderCompilers: Display: Worker (3/9): shaders left to compile 4
[2025.11.16-11.23.46:674][826]LogShaderCompilers: Display: Worker (2/9): shaders left to compile 3
[2025.11.16-11.23.46:675][826]LogShaderCompilers: Display: Worker (8/9): shaders left to compile 2
[2025.11.16-11.23.46:772][832]LogShaderCompilers: Display: Worker (4/9): shaders left to compile 1
[2025.11.16-11.23.46:955][842]MaterialEditorStats: Base pass shader: 121 instructions
[2025.11.16-11.23.46:955][842]MaterialEditorStats: Base pass shader with Volumetric Lightmap: 195 instructions
[2025.11.16-11.23.46:955][842]MaterialEditorStats: Base pass vertex shader: 44 instructions
[2025.11.16-11.23.46:955][842]MaterialEditorStats: Texture samplers: 3/16
[2025.11.16-11.23.46:955][842]MaterialEditorStats: Texture Lookups (Est.): VS(0), PS(1)
[2025.11.16-11.23.46:955][842]MaterialEditorStats: User interpolators: 2/4 Scalars (1/4 Vectors) (TexCoords: 2, Custom: 0)
[2025.11.16-11.23.48:289][916]LogMaterial: Display: Missing cached shader map for material BOT_Mat, compiling. 
[2025.11.16-11.23.48:302][916]LogShaderCompilers: Display: Worker (1/9): shaders left to compile 9
[2025.11.16-11.23.48:302][916]LogShaderCompilers: Display: Worker (2/9): shaders left to compile 8
[2025.11.16-11.23.48:303][916]LogShaderCompilers: Display: Worker (3/9): shaders left to compile 7
[2025.11.16-11.23.48:303][916]LogShaderCompilers: Display: Worker (4/9): shaders left to compile 6
[2025.11.16-11.23.48:303][916]LogShaderCompilers: Display: Worker (5/9): shaders left to compile 5
[2025.11.16-11.23.48:303][916]LogShaderCompilers: Display: Worker (6/9): shaders left to compile 4
[2025.11.16-11.23.48:303][916]LogShaderCompilers: Display: Worker (7/9): shaders left to compile 3
[2025.11.16-11.23.48:303][916]LogShaderCompilers: Display: Worker (8/9): shaders left to compile 2
[2025.11.16-11.23.48:307][916]LogMaterial: Display: Missing cached shader map for material FMatExpressionPreview MaterialExpressionVectorParameter_0, compiling. 
[2025.11.16-11.23.48:846][944]LogShaderCompilers: Display: Worker (3/9): shaders left to compile 5
[2025.11.16-11.23.48:846][944]LogShaderCompilers: Display: Worker (6/9): shaders left to compile 4
[2025.11.16-11.23.49:120][959]LogShaderCompilers: Display: Worker (2/9): shaders left to compile 3
[2025.11.16-11.23.49:120][959]LogShaderCompilers: Display: Worker (8/9): shaders left to compile 2
[2025.11.16-11.23.49:184][963]LogShaderCompilers: Display: Worker (7/9): shaders left to compile 1
[2025.11.16-11.23.49:369][973]MaterialEditorStats: Base pass shader: 117 instructions
[2025.11.16-11.23.49:369][973]MaterialEditorStats: Base pass shader with Volumetric Lightmap: 191 instructions
[2025.11.16-11.23.49:369][973]MaterialEditorStats: Base pass vertex shader: 40 instructions
[2025.11.16-11.23.49:369][973]MaterialEditorStats: Texture samplers: 2/16
[2025.11.16-11.23.49:733][994]LogMaterial: Display: Missing cached shader map for material BOT_Mat, compiling. 
[2025.11.16-11.23.49:749][994]LogShaderCompilers: Display: Worker (1/9): shaders left to compile 9
[2025.11.16-11.23.49:749][994]LogShaderCompilers: Display: Worker (2/9): shaders left to compile 8
[2025.11.16-11.23.49:749][994]LogShaderCompilers: Display: Worker (3/9): shaders left to compile 7
[2025.11.16-11.23.49:749][994]LogShaderCompilers: Display: Worker (4/9): shaders left to compile 6
[2025.11.16-11.23.49:749][994]LogShaderCompilers: Display: Worker (5/9): shaders left to compile 5
[2025.11.16-11.23.49:749][994]LogShaderCompilers: Display: Worker (6/9): shaders left to compile 4
[2025.11.16-11.23.49:749][994]LogShaderCompilers: Display: Worker (7/9): shaders left to compile 3
[2025.11.16-11.23.49:749][994]LogShaderCompilers: Display: Worker (8/9): shaders left to compile 2
[2025.11.16-11.23.49:749][994]LogMaterial: Display: Missing cached shader map for material FMatExpressionPreview MaterialExpressionTextureSample_0, compiling. 
[2025.11.16-11.23.50:352][ 21]LogShaderCompilers: Display: Worker (3/9): shaders left to compile 5
[2025.11.16-11.23.50:352][ 21]LogShaderCompilers: Display: Worker (6/9): shaders left to compile 4
[2025.11.16-11.23.50:479][ 27]LogShaderCompilers: Display: Worker (2/9): shaders left to compile 3
[2025.11.16-11.23.50:546][ 31]LogShaderCompilers: Display: Worker (8/9): shaders left to compile 2
[2025.11.16-11.23.50:562][ 32]LogShaderCompilers: Display: Worker (4/9): shaders left to compile 1
[2025.11.16-11.23.50:704][ 40]LogMaterial: Display: Missing cached shader map for material BOT_Mat, compiling. 
[2025.11.16-11.23.50:726][ 41]LogShaderCompilers: Display: Worker (1/9): shaders left to compile 9
[2025.11.16-11.23.50:726][ 41]LogShaderCompilers: Display: Worker (5/9): shaders left to compile 8
[2025.11.16-11.23.50:726][ 41]LogShaderCompilers: Display: Worker (7/9): shaders left to compile 7
[2025.11.16-11.23.50:726][ 41]LogShaderCompilers: Display: Worker (3/9): shaders left to compile 6
[2025.11.16-11.23.50:726][ 41]LogShaderCompilers: Display: Worker (6/9): shaders left to compile 5
[2025.11.16-11.23.51:026][ 53]LogShaderCompilers: Display: Worker (2/9): shaders left to compile 4
[2025.11.16-11.23.51:026][ 53]LogShaderCompilers: Display: Worker (4/9): shaders left to compile 3
[2025.11.16-11.23.51:092][ 57]LogShaderCompilers: Display: Worker (8/9): shaders left to compile 2
[2025.11.16-11.23.51:239][ 63]LogShaderCompilers: Display: Worker (7/9): shaders left to compile 1
[2025.11.16-11.23.51:798][ 89]MaterialEditorStats: Base pass shader: 121 instructions
[2025.11.16-11.23.51:799][ 89]MaterialEditorStats: Base pass shader with Volumetric Lightmap: 195 instructions
[2025.11.16-11.23.51:799][ 89]MaterialEditorStats: Base pass vertex shader: 44 instructions
[2025.11.16-11.23.51:799][ 89]MaterialEditorStats: Texture samplers: 3/16
[2025.11.16-11.23.51:799][ 89]MaterialEditorStats: Texture Lookups (Est.): VS(0), PS(1)
[2025.11.16-11.23.51:799][ 89]MaterialEditorStats: User interpolators: 2/4 Scalars (1/4 Vectors) (TexCoords: 2, Custom: 0)
[2025.11.16-11.23.52:296][117]LogMaterialEditor: Saving and Compiling material BOT_Mat
[2025.11.16-11.23.52:913][117]LogMaterial: Display: Missing cached shader map for material BOT_Mat, compiling. 
[2025.11.16-11.23.52:987][117]LogShaderCompilers: Display: Worker (1/9): shaders left to compile 9
[2025.11.16-11.23.52:987][117]LogShaderCompilers: Display: Worker (2/9): shaders left to compile 8
[2025.11.16-11.23.52:987][117]LogShaderCompilers: Display: Worker (3/9): shaders left to compile 7
[2025.11.16-11.23.52:987][117]LogShaderCompilers: Display: Worker (4/9): shaders left to compile 6
[2025.11.16-11.23.52:987][117]LogShaderCompilers: Display: Worker (5/9): shaders left to compile 5
[2025.11.16-11.23.52:987][117]LogShaderCompilers: Display: Worker (6/9): shaders left to compile 4
[2025.11.16-11.23.52:987][117]LogShaderCompilers: Display: Worker (7/9): shaders left to compile 3
[2025.11.16-11.23.52:987][117]LogShaderCompilers: Display: Worker (8/9): shaders left to compile 2
[2025.11.16-11.23.53:006][117]LogMaterial: Display: Missing cached shader map for material BOT_Mat, compiling. 
[2025.11.16-11.23.53:061][117]LogUObjectHash: Compacting FUObjectHashTables data took   2.18ms
[2025.11.16-11.23.53:077][117]LogMaterial: Display: Missing cached shader map for material DebugViewMode MaterialTexCoordScale, compiling. 
[2025.11.16-11.23.53:607][117]LogShaderCompilers: Display: Worker (6/9): shaders left to compile 18
[2025.11.16-11.23.53:607][117]LogShaderCompilers: Display: Worker (3/9): shaders left to compile 17
[2025.11.16-11.23.53:898][117]LogShaderCompilers: Display: Worker (2/9): shaders left to compile 16
[2025.11.16-11.23.53:898][117]LogShaderCompilers: Display: Worker (8/9): shaders left to compile 15
[2025.11.16-11.23.53:898][117]LogShaderCompilers: Display: Worker (4/9): shaders left to compile 13
[2025.11.16-11.23.53:898][117]LogShaderCompilers: Display: Worker (7/9): shaders left to compile 11
[2025.11.16-11.23.53:898][117]LogShaderCompilers: Display: Worker (1/9): shaders left to compile 9
[2025.11.16-11.23.53:898][117]LogShaderCompilers: Display: Worker (5/9): shaders left to compile 7
[2025.11.16-11.23.53:898][117]LogShaderCompilers: Display: Worker (3/9): shaders left to compile 5
[2025.11.16-11.23.53:898][117]LogShaderCompilers: Display: Worker (6/9): shaders left to compile 4
[2025.11.16-11.23.53:898][117]LogShaderCompilers: Display: Worker (2/9): shaders left to compile 3
[2025.11.16-11.23.53:902][117]TextureStreamingBuild: Display: Compiling optional shaders took 0.831 seconds.
[2025.11.16-11.23.53:960][117]LogUObjectHash: Compacting FUObjectHashTables data took   3.41ms
[2025.11.16-11.23.54:567][117]LogShaderCompilers: Display: Worker (2/9): shaders left to compile 2
[2025.11.16-11.23.54:567][117]LogShaderCompilers: Display: Worker (6/9): shaders left to compile 1
[2025.11.16-11.23.54:835][117]Cmd: OBJ SAVEPACKAGE PACKAGE="/Game/Enemy/Anomaly/BOT_Mat" FILE="../../../../../../Git/Saf/GameUniHack/PixelPerfect/Content/Enemy/Anomaly/BOT_Mat.uasset" SILENT=true
[2025.11.16-11.23.54:869][117]LogSavePackage: Moving '../../../../../../Git/Saf/GameUniHack/PixelPerfect/Saved/BOT_Mat7FB857334AD2998700DC1B8CFB96F3FD.tmp' to '../../../../../../Git/Saf/GameUniHack/PixelPerfect/Content/Enemy/Anomaly/BOT_Mat.uasset'
[2025.11.16-11.23.54:918][117]AssetCheck: New page: Asset Save: BOT_Mat
[2025.11.16-11.23.54:918][117]LogContentValidation: Display: Validating Material /Game/Enemy/Anomaly/BOT_Mat.BOT_Mat
[2025.11.16-11.23.54:925][117]MaterialEditorStats: Base pass shader: 121 instructions
[2025.11.16-11.23.54:925][117]MaterialEditorStats: Base pass shader with Volumetric Lightmap: 195 instructions
[2025.11.16-11.23.54:925][117]MaterialEditorStats: Base pass vertex shader: 44 instructions
[2025.11.16-11.23.54:925][117]MaterialEditorStats: Texture samplers: 4/16
[2025.11.16-11.23.54:926][117]MaterialEditorStats: Texture Lookups (Est.): VS(0), PS(1)
[2025.11.16-11.23.54:926][117]MaterialEditorStats: User interpolators: 2/4 Scalars (1/4 Vectors) (TexCoords: 2, Custom: 0)
[2025.11.16-11.23.57:505][265]Cmd: OBJ SAVEPACKAGE PACKAGE="/Game/Levels/Main" FILE="../../../../../../Git/Saf/GameUniHack/PixelPerfect/Content/Levels/Main.umap" SILENT=true AUTOSAVING=false KEEPDIRTY=false
[2025.11.16-11.23.57:543][265]LogUObjectHash: Compacting FUObjectHashTables data took   0.51ms
[2025.11.16-11.23.57:583][265]LogSavePackage: Moving '../../../../../../Git/Saf/GameUniHack/PixelPerfect/Saved/MainA70DC6664BFC547405CBEEB5451C4D6A.tmp' to '../../../../../../Git/Saf/GameUniHack/PixelPerfect/Content/Levels/Main.umap'
[2025.11.16-11.23.57:620][265]AssetCheck: New page: Asset Save: Main
[2025.11.16-11.23.57:620][265]LogContentValidation: Display: Validating World /Game/Levels/Main.Main
[2025.11.16-11.24.14:603][236]LogEditorViewport: Clicking on Actor (LMB): ComputerBoss_C (ComputerBoss)
[2025.11.16-11.24.14:998][257]LogEditorViewport: Clicking on Actor (context menu): ComputerBoss_C (ComputerBoss)
[2025.11.16-11.24.24:001][745]BlueprintLog: New page: Compile ComputerBoss
[2025.11.16-11.24.24:129][745]LogUObjectHash: Compacting FUObjectHashTables data took   1.96ms
[2025.11.16-11.24.25:475][818]LogAssetEditorSubsystem: Opening Asset editor for MaterialInstanceConstant /Game/Enemy/Anomaly/BOT_Mat_Inst1.BOT_Mat_Inst1
[2025.11.16-11.24.43:582][877]LogSlate: Window 'Color Picker' being destroyed
[2025.11.16-11.24.45:435][984]Cmd: OBJ SAVEPACKAGE PACKAGE="/Game/Enemy/Anomaly/BOT_Mat_Inst1" FILE="../../../../../../Git/Saf/GameUniHack/PixelPerfect/Content/Enemy/Anomaly/BOT_Mat_Inst1.uasset" SILENT=true
[2025.11.16-11.24.45:474][984]LogUObjectHash: Compacting FUObjectHashTables data took   1.84ms
[2025.11.16-11.24.45:477][984]TextureStreamingBuild: Display: Compiling optional shaders took 0.000 seconds.
[2025.11.16-11.24.45:506][984]LogUObjectHash: Compacting FUObjectHashTables data took   0.45ms
[2025.11.16-11.24.45:514][984]LogSavePackage: Moving '../../../../../../Git/Saf/GameUniHack/PixelPerfect/Saved/BOT_Mat_Inst1DE3101EA4FFC7D8197CF7AA1338A5890.tmp' to '../../../../../../Git/Saf/GameUniHack/PixelPerfect/Content/Enemy/Anomaly/BOT_Mat_Inst1.uasset'
[2025.11.16-11.24.45:533][984]AssetCheck: New page: Asset Save: BOT_Mat_Inst1
[2025.11.16-11.24.45:533][984]LogContentValidation: Display: Validating MaterialInstanceConstant /Game/Enemy/Anomaly/BOT_Mat_Inst1.BOT_Mat_Inst1
[2025.11.16-11.24.50:000][238]LogMaterialEditor: Saving and Compiling material MasterMaterial
[2025.11.16-11.24.50:038][238]Cmd: OBJ SAVEPACKAGE PACKAGE="/Game/Assets/MasterMaterial" FILE="../../../../../../Git/Saf/GameUniHack/PixelPerfect/Content/Assets/MasterMaterial.uasset" SILENT=true
[2025.11.16-11.24.50:066][238]LogSavePackage: Moving '../../../../../../Git/Saf/GameUniHack/PixelPerfect/Saved/MasterMaterial799AB2D5447310A8D63E8BACF2E6B2B7.tmp' to '../../../../../../Git/Saf/GameUniHack/PixelPerfect/Content/Assets/MasterMaterial.uasset'
[2025.11.16-11.24.50:093][238]AssetCheck: New page: Asset Save: MasterMaterial
[2025.11.16-11.24.50:093][238]LogContentValidation: Display: Validating Material /Game/Assets/MasterMaterial.MasterMaterial
[2025.11.16-11.24.54:792][495]LogMaterial: Display: Missing cached shader map for material BOT_Mat1, compiling. 
[2025.11.16-11.24.54:833][496]LogShaderCompilers: Display: Worker (1/9): shaders left to compile 15
[2025.11.16-11.24.54:833][496]LogShaderCompilers: Display: Worker (2/9): shaders left to compile 13
[2025.11.16-11.24.54:833][496]LogShaderCompilers: Display: Worker (3/9): shaders left to compile 11
[2025.11.16-11.24.54:833][496]LogShaderCompilers: Display: Worker (4/9): shaders left to compile 9
[2025.11.16-11.24.54:833][496]LogShaderCompilers: Display: Worker (5/9): shaders left to compile 7
[2025.11.16-11.24.54:833][496]LogShaderCompilers: Display: Worker (6/9): shaders left to compile 5
[2025.11.16-11.24.54:835][496]LogShaderCompilers: Display: Worker (7/9): shaders left to compile 3
[2025.11.16-11.24.54:835][496]LogShaderCompilers: Display: Worker (8/9): shaders left to compile 1
[2025.11.16-11.25.00:306][802]Cmd: OBJ SAVEPACKAGE PACKAGE="/Game/Enemy/Anomaly/BOT_Emmisive" FILE="../../../../../../Git/Saf/GameUniHack/PixelPerfect/Content/Enemy/Anomaly/BOT_Emmisive.uasset" SILENT=true
[2025.11.16-11.25.00:316][802]LogSavePackage: Moving '../../../../../../Git/Saf/GameUniHack/PixelPerfect/Saved/BOT_EmmisiveF7B8487D42E756157B29DA88B89A9D7C.tmp' to '../../../../../../Git/Saf/GameUniHack/PixelPerfect/Content/Enemy/Anomaly/BOT_Emmisive.uasset'
[2025.11.16-11.25.00:501][802]LogUObjectHash: Compacting FUObjectHashTables data took   1.49ms
[2025.11.16-11.25.00:539][802]LogUObjectHash: Compacting FUObjectHashTables data took   0.81ms
[2025.11.16-11.25.00:562][802]LogUObjectHash: Compacting FUObjectHashTables data took   0.44ms
[2025.11.16-11.25.00:592][802]AssetCheck: New page: Asset Save: BOT_Emmisive
[2025.11.16-11.25.00:592][802]LogContentValidation: Display: Validating Material /Game/Enemy/Anomaly/BOT_Emmisive.BOT_Emmisive
[2025.11.16-11.25.01:371][842]LogAssetEditorSubsystem: Opening Asset editor for Material /Game/Enemy/Anomaly/BOT_Emmisive.BOT_Emmisive
[2025.11.16-11.25.01:373][842]LogMaterial: Display: Missing cached shader map for material BOT_Emmisive, compiling. 
[2025.11.16-11.25.01:434][842]LogMaterial: Display: Missing cached shader map for material BOT_Emmisive, compiling. 
[2025.11.16-11.25.01:440][842]LogMaterial: Display: Missing cached shader map for material BOT_Emmisive, compiling. 
[2025.11.16-11.25.01:453][842]LogShaderCompilers: Display: Worker (1/9): shaders left to compile 9
[2025.11.16-11.25.01:453][842]LogShaderCompilers: Display: Worker (2/9): shaders left to compile 8
[2025.11.16-11.25.01:453][842]LogShaderCompilers: Display: Worker (3/9): shaders left to compile 7
[2025.11.16-11.25.01:453][842]LogShaderCompilers: Display: Worker (4/9): shaders left to compile 6
[2025.11.16-11.25.01:453][842]LogShaderCompilers: Display: Worker (5/9): shaders left to compile 5
[2025.11.16-11.25.01:453][842]LogShaderCompilers: Display: Worker (6/9): shaders left to compile 4
[2025.11.16-11.25.01:453][842]LogShaderCompilers: Display: Worker (7/9): shaders left to compile 3
[2025.11.16-11.25.01:453][842]LogShaderCompilers: Display: Worker (8/9): shaders left to compile 2
[2025.11.16-11.25.01:458][842]LogMaterial: Display: Missing cached shader map for material FMatExpressionPreview MaterialExpressionTextureSample_0, compiling. 
[2025.11.16-11.25.01:470][842]LogMaterial: Display: Missing cached shader map for material FMatExpressionPreview MaterialExpressionVectorParameter_0, compiling. 
[2025.11.16-11.25.02:045][869]LogShaderCompilers: Display: Worker (6/9): shaders left to compile 9
[2025.11.16-11.25.02:063][870]LogShaderCompilers: Display: Worker (3/9): shaders left to compile 8
[2025.11.16-11.25.02:245][881]LogShaderCompilers: Display: Worker (2/9): shaders left to compile 7
[2025.11.16-11.25.02:327][886]LogShaderCompilers: Display: Worker (4/9): shaders left to compile 6
[2025.11.16-11.25.02:327][886]LogShaderCompilers: Display: Worker (8/9): shaders left to compile 5
[2025.11.16-11.25.02:345][887]LogShaderCompilers: Display: Worker (1/9): shaders left to compile 4
[2025.11.16-11.25.02:361][888]LogShaderCompilers: Display: Worker (5/9): shaders left to compile 3
[2025.11.16-11.25.02:361][888]LogShaderCompilers: Display: Worker (7/9): shaders left to compile 2
[2025.11.16-11.25.02:554][899]LogShaderCompilers: Display: Worker (3/9): shaders left to compile 1
[2025.11.16-11.25.02:556][899]MaterialEditorStats: Base pass shader: 121 instructions
[2025.11.16-11.25.02:557][899]MaterialEditorStats: Base pass shader with Volumetric Lightmap: 195 instructions
[2025.11.16-11.25.02:557][899]MaterialEditorStats: Base pass vertex shader: 44 instructions
[2025.11.16-11.25.02:557][899]MaterialEditorStats: Texture samplers: 3/16
[2025.11.16-11.25.02:557][899]MaterialEditorStats: Texture Lookups (Est.): VS(0), PS(1)
[2025.11.16-11.25.02:557][899]MaterialEditorStats: User interpolators: 2/4 Scalars (1/4 Vectors) (TexCoords: 2, Custom: 0)
[2025.11.16-11.25.05:180][ 44]LogMaterial: Display: Missing cached shader map for material BOT_Emmisive, compiling. 
[2025.11.16-11.25.05:213][ 45]LogShaderCompilers: Display: Worker (1/9): shaders left to compile 9
[2025.11.16-11.25.05:213][ 45]LogShaderCompilers: Display: Worker (2/9): shaders left to compile 8
[2025.11.16-11.25.05:213][ 45]LogShaderCompilers: Display: Worker (3/9): shaders left to compile 7
[2025.11.16-11.25.05:213][ 45]LogShaderCompilers: Display: Worker (4/9): shaders left to compile 6
[2025.11.16-11.25.05:213][ 45]LogShaderCompilers: Display: Worker (5/9): shaders left to compile 5
[2025.11.16-11.25.05:213][ 45]LogShaderCompilers: Display: Worker (6/9): shaders left to compile 4
[2025.11.16-11.25.05:213][ 45]LogShaderCompilers: Display: Worker (7/9): shaders left to compile 3
[2025.11.16-11.25.05:213][ 45]LogShaderCompilers: Display: Worker (8/9): shaders left to compile 2
[2025.11.16-11.25.05:765][ 70]LogShaderCompilers: Display: Worker (3/9): shaders left to compile 1
[2025.11.16-11.25.06:203][ 96]MaterialEditorStats: Base pass shader: 123 instructions
[2025.11.16-11.25.06:203][ 96]MaterialEditorStats: Base pass shader with Volumetric Lightmap: 197 instructions
[2025.11.16-11.25.06:203][ 96]MaterialEditorStats: Base pass vertex shader: 44 instructions
[2025.11.16-11.25.06:203][ 96]MaterialEditorStats: Texture samplers: 3/16
[2025.11.16-11.25.06:203][ 96]MaterialEditorStats: Texture Lookups (Est.): VS(0), PS(1)
[2025.11.16-11.25.06:203][ 96]MaterialEditorStats: User interpolators: 2/4 Scalars (1/4 Vectors) (TexCoords: 2, Custom: 0)
[2025.11.16-11.25.06:652][123]LogMaterialEditor: Saving and Compiling material BOT_Emmisive
[2025.11.16-11.25.07:296][123]LogMaterial: Display: Missing cached shader map for material BOT_Emmisive, compiling. 
[2025.11.16-11.25.07:343][123]LogShaderCompilers: Display: Worker (1/9): shaders left to compile 9
[2025.11.16-11.25.07:343][123]LogShaderCompilers: Display: Worker (2/9): shaders left to compile 8
[2025.11.16-11.25.07:343][123]LogShaderCompilers: Display: Worker (3/9): shaders left to compile 7
[2025.11.16-11.25.07:343][123]LogShaderCompilers: Display: Worker (4/9): shaders left to compile 6
[2025.11.16-11.25.07:343][123]LogShaderCompilers: Display: Worker (5/9): shaders left to compile 5
[2025.11.16-11.25.07:343][123]LogShaderCompilers: Display: Worker (6/9): shaders left to compile 4
[2025.11.16-11.25.07:343][123]LogShaderCompilers: Display: Worker (7/9): shaders left to compile 3
[2025.11.16-11.25.07:343][123]LogShaderCompilers: Display: Worker (8/9): shaders left to compile 2
[2025.11.16-11.25.07:369][123]LogMaterial: Display: Missing cached shader map for material BOT_Emmisive, compiling. 
[2025.11.16-11.25.07:414][123]LogUObjectHash: Compacting FUObjectHashTables data took   2.16ms
[2025.11.16-11.25.07:424][123]LogMaterial: Display: Missing cached shader map for material DebugViewMode MaterialTexCoordScale, compiling. 
[2025.11.16-11.25.07:956][123]LogShaderCompilers: Display: Worker (6/9): shaders left to compile 18
[2025.11.16-11.25.07:956][123]LogShaderCompilers: Display: Worker (3/9): shaders left to compile 17
[2025.11.16-11.25.08:279][123]LogShaderCompilers: Display: Worker (2/9): shaders left to compile 16
[2025.11.16-11.25.08:279][123]LogShaderCompilers: Display: Worker (8/9): shaders left to compile 15
[2025.11.16-11.25.08:279][123]LogShaderCompilers: Display: Worker (1/9): shaders left to compile 13
[2025.11.16-11.25.08:279][123]LogShaderCompilers: Display: Worker (4/9): shaders left to compile 11
[2025.11.16-11.25.08:279][123]LogShaderCompilers: Display: Worker (5/9): shaders left to compile 9
[2025.11.16-11.25.08:279][123]LogShaderCompilers: Display: Worker (7/9): shaders left to compile 7
[2025.11.16-11.25.08:279][123]LogShaderCompilers: Display: Worker (3/9): shaders left to compile 5
[2025.11.16-11.25.08:279][123]LogShaderCompilers: Display: Worker (6/9): shaders left to compile 4
[2025.11.16-11.25.08:279][123]LogShaderCompilers: Display: Worker (2/9): shaders left to compile 3
[2025.11.16-11.25.08:283][123]TextureStreamingBuild: Display: Compiling optional shaders took 0.866 seconds.
[2025.11.16-11.25.08:337][123]LogUObjectHash: Compacting FUObjectHashTables data took   0.83ms
[2025.11.16-11.25.08:955][123]LogShaderCompilers: Display: Worker (2/9): shaders left to compile 2
[2025.11.16-11.25.08:955][123]LogShaderCompilers: Display: Worker (6/9): shaders left to compile 1
[2025.11.16-11.25.09:264][123]Cmd: OBJ SAVEPACKAGE PACKAGE="/Game/Enemy/Anomaly/BOT_Emmisive" FILE="../../../../../../Git/Saf/GameUniHack/PixelPerfect/Content/Enemy/Anomaly/BOT_Emmisive.uasset" SILENT=true
[2025.11.16-11.25.09:295][123]LogSavePackage: Moving '../../../../../../Git/Saf/GameUniHack/PixelPerfect/Saved/BOT_Emmisive776076794FDADCFB99BF1E85C0F71F84.tmp' to '../../../../../../Git/Saf/GameUniHack/PixelPerfect/Content/Enemy/Anomaly/BOT_Emmisive.uasset'
[2025.11.16-11.25.09:333][123]AssetCheck: New page: Asset Save: BOT_Emmisive
[2025.11.16-11.25.09:333][123]LogContentValidation: Display: Validating Material /Game/Enemy/Anomaly/BOT_Emmisive.BOT_Emmisive
[2025.11.16-11.25.09:335][123]MaterialEditorStats: Base pass shader: 123 instructions
[2025.11.16-11.25.09:335][123]MaterialEditorStats: Base pass shader with Volumetric Lightmap: 197 instructions
[2025.11.16-11.25.09:335][123]MaterialEditorStats: Base pass vertex shader: 44 instructions
[2025.11.16-11.25.09:335][123]MaterialEditorStats: Texture samplers: 4/16
[2025.11.16-11.25.09:335][123]MaterialEditorStats: Texture Lookups (Est.): VS(0), PS(1)
[2025.11.16-11.25.09:335][123]MaterialEditorStats: User interpolators: 2/4 Scalars (1/4 Vectors) (TexCoords: 2, Custom: 0)
[2025.11.16-11.25.10:986][211]Cmd: OBJ SAVEPACKAGE PACKAGE="/Game/Enemy/Anomaly/BOT_Mat_Inst1" FILE="../../../../../../Git/Saf/GameUniHack/PixelPerfect/Content/Enemy/Anomaly/BOT_Mat_Inst1.uasset" SILENT=true
[2025.11.16-11.25.11:012][211]LogSavePackage: Moving '../../../../../../Git/Saf/GameUniHack/PixelPerfect/Saved/BOT_Mat_Inst1BE4710244F206DEB11C816AE9C330285.tmp' to '../../../../../../Git/Saf/GameUniHack/PixelPerfect/Content/Enemy/Anomaly/BOT_Mat_Inst1.uasset'
[2025.11.16-11.25.11:041][211]AssetCheck: New page: Asset Save: BOT_Mat_Inst1
[2025.11.16-11.25.11:041][211]LogContentValidation: Display: Validating MaterialInstanceConstant /Game/Enemy/Anomaly/BOT_Mat_Inst1.BOT_Mat_Inst1
[2025.11.16-11.25.22:319][857]BlueprintLog: New page: Compile ComputerBoss
[2025.11.16-11.25.22:441][857]LogUObjectHash: Compacting FUObjectHashTables data took   1.71ms
[2025.11.16-11.25.22:672][865]Cmd: OBJ SAVEPACKAGE PACKAGE="/Game/Enemy/Anomaly/ComputerBoss" FILE="../../../../../../Git/Saf/GameUniHack/PixelPerfect/Content/Enemy/Anomaly/ComputerBoss.uasset" SILENT=true
[2025.11.16-11.25.22:712][865]LogSavePackage: Moving '../../../../../../Git/Saf/GameUniHack/PixelPerfect/Saved/ComputerBoss5FD1F51D435998D93CF7D3AE8046060F.tmp' to '../../../../../../Git/Saf/GameUniHack/PixelPerfect/Content/Enemy/Anomaly/ComputerBoss.uasset'
[2025.11.16-11.25.22:739][865]AssetCheck: New page: Asset Save: ComputerBoss
[2025.11.16-11.25.22:739][865]LogContentValidation: Display: Validating Blueprint /Game/Enemy/Anomaly/ComputerBoss.ComputerBoss
[2025.11.16-11.25.27:245][ 98]LogAssetEditorSubsystem: Opening Asset editor for MaterialInstanceConstant /Game/Enemy/Anomaly/BOT_Emmisive_Inst.BOT_Emmisive_Inst
[2025.11.16-11.25.32:233][381]LogSlate: Window 'Color Picker' being destroyed
[2025.11.16-11.25.34:748][517]Cmd: OBJ SAVEPACKAGE PACKAGE="/Game/Enemy/Anomaly/BOT_Emmisive_Inst" FILE="../../../../../../Git/Saf/GameUniHack/PixelPerfect/Content/Enemy/Anomaly/BOT_Emmisive_Inst.uasset" SILENT=true
[2025.11.16-11.25.34:788][517]LogUObjectHash: Compacting FUObjectHashTables data took   2.02ms
[2025.11.16-11.25.34:791][517]TextureStreamingBuild: Display: Compiling optional shaders took 0.000 seconds.
[2025.11.16-11.25.34:818][517]LogUObjectHash: Compacting FUObjectHashTables data took   0.42ms
[2025.11.16-11.25.34:824][517]LogSavePackage: Moving '../../../../../../Git/Saf/GameUniHack/PixelPerfect/Saved/BOT_Emmisive_InstBA43540C4B7E96069D9C6DB6980ECC32.tmp' to '../../../../../../Git/Saf/GameUniHack/PixelPerfect/Content/Enemy/Anomaly/BOT_Emmisive_Inst.uasset'
[2025.11.16-11.25.34:842][517]AssetCheck: New page: Asset Save: BOT_Emmisive_Inst
[2025.11.16-11.25.34:842][517]LogContentValidation: Display: Validating MaterialInstanceConstant /Game/Enemy/Anomaly/BOT_Emmisive_Inst.BOT_Emmisive_Inst
[2025.11.16-11.25.37:794][686]LogWorld: UWorld::CleanupWorld for World_49, bSessionEnded=true, bCleanupResources=true
[2025.11.16-11.25.37:794][686]LogSlate: InvalidateAllWidgets triggered.  All widgets were invalidated
[2025.11.16-11.25.39:442][780]LogMaterial: Display: Missing cached shader map for material BOT_Emmisive, compiling. 
[2025.11.16-11.25.39:479][781]LogShaderCompilers: Display: Worker (1/9): shaders left to compile 9
[2025.11.16-11.25.39:480][781]LogShaderCompilers: Display: Worker (2/9): shaders left to compile 8
[2025.11.16-11.25.39:480][781]LogShaderCompilers: Display: Worker (3/9): shaders left to compile 7
[2025.11.16-11.25.39:480][781]LogShaderCompilers: Display: Worker (4/9): shaders left to compile 6
[2025.11.16-11.25.39:480][781]LogShaderCompilers: Display: Worker (5/9): shaders left to compile 5
[2025.11.16-11.25.39:480][781]LogShaderCompilers: Display: Worker (6/9): shaders left to compile 4
[2025.11.16-11.25.39:480][781]LogShaderCompilers: Display: Worker (7/9): shaders left to compile 3
[2025.11.16-11.25.39:480][781]LogShaderCompilers: Display: Worker (8/9): shaders left to compile 2
[2025.11.16-11.25.40:316][827]LogMaterial: Display: Missing cached shader map for material BOT_Emmisive, compiling. 
[2025.11.16-11.25.40:328][827]LogShaderCompilers: Display: Worker (3/9): shaders left to compile 9
[2025.11.16-11.25.40:566][838]LogShaderCompilers: Display: Worker (6/9): shaders left to compile 8
[2025.11.16-11.25.40:624][841]LogShaderCompilers: Display: Worker (2/9): shaders left to compile 7
[2025.11.16-11.25.40:737][848]LogShaderCompilers: Display: Worker (7/9): shaders left to compile 6
[2025.11.16-11.25.40:770][850]LogShaderCompilers: Display: Worker (1/9): shaders left to compile 5
[2025.11.16-11.25.40:839][854]LogShaderCompilers: Display: Worker (5/9): shaders left to compile 4
[2025.11.16-11.25.40:839][854]LogShaderCompilers: Display: Worker (4/9): shaders left to compile 3
[2025.11.16-11.25.40:839][854]LogShaderCompilers: Display: Worker (8/9): shaders left to compile 2
[2025.11.16-11.25.41:282][878]LogShaderCompilers: Display: Worker (2/9): shaders left to compile 1
[2025.11.16-11.25.41:707][901]MaterialEditorStats: Base pass shader: 123 instructions
[2025.11.16-11.25.41:707][901]MaterialEditorStats: Base pass shader with Volumetric Lightmap: 197 instructions
[2025.11.16-11.25.41:707][901]MaterialEditorStats: Base pass vertex shader: 44 instructions
[2025.11.16-11.25.41:707][901]MaterialEditorStats: Texture samplers: 3/16
[2025.11.16-11.25.41:707][901]MaterialEditorStats: Texture Lookups (Est.): VS(0), PS(1)
[2025.11.16-11.25.41:707][901]MaterialEditorStats: User interpolators: 2/4 Scalars (1/4 Vectors) (TexCoords: 2, Custom: 0)
[2025.11.16-11.25.41:874][911]LogMaterial: Display: Missing cached shader map for material BOT_Emmisive, compiling. 
[2025.11.16-11.25.41:901][912]LogShaderCompilers: Display: Worker (1/9): shaders left to compile 9
[2025.11.16-11.25.41:901][912]LogShaderCompilers: Display: Worker (2/9): shaders left to compile 8
[2025.11.16-11.25.41:901][912]LogShaderCompilers: Display: Worker (3/9): shaders left to compile 7
[2025.11.16-11.25.41:901][912]LogShaderCompilers: Display: Worker (4/9): shaders left to compile 6
[2025.11.16-11.25.41:901][912]LogShaderCompilers: Display: Worker (5/9): shaders left to compile 5
[2025.11.16-11.25.41:901][912]LogShaderCompilers: Display: Worker (6/9): shaders left to compile 4
[2025.11.16-11.25.41:901][912]LogShaderCompilers: Display: Worker (7/9): shaders left to compile 3
[2025.11.16-11.25.41:901][912]LogShaderCompilers: Display: Worker (8/9): shaders left to compile 2
[2025.11.16-11.25.42:492][944]LogShaderCompilers: Display: Worker (3/9): shaders left to compile 1
[2025.11.16-11.25.42:917][969]MaterialEditorStats: Base pass shader: 123 instructions
[2025.11.16-11.25.42:917][969]MaterialEditorStats: Base pass shader with Volumetric Lightmap: 197 instructions
[2025.11.16-11.25.42:917][969]MaterialEditorStats: Base pass vertex shader: 44 instructions
[2025.11.16-11.25.42:917][969]MaterialEditorStats: Texture samplers: 3/16
[2025.11.16-11.25.42:917][969]MaterialEditorStats: Texture Lookups (Est.): VS(0), PS(1)
[2025.11.16-11.25.42:917][969]MaterialEditorStats: User interpolators: 2/4 Scalars (1/4 Vectors) (TexCoords: 2, Custom: 0)
[2025.11.16-11.25.43:656][ 13]LogMaterial: Display: Missing cached shader map for material BOT_Emmisive, compiling. 
[2025.11.16-11.25.43:705][ 14]LogShaderCompilers: Display: Worker (1/9): shaders left to compile 9
[2025.11.16-11.25.43:705][ 14]LogShaderCompilers: Display: Worker (2/9): shaders left to compile 8
[2025.11.16-11.25.43:705][ 14]LogShaderCompilers: Display: Worker (3/9): shaders left to compile 7
[2025.11.16-11.25.43:705][ 14]LogShaderCompilers: Display: Worker (4/9): shaders left to compile 6
[2025.11.16-11.25.43:705][ 14]LogShaderCompilers: Display: Worker (5/9): shaders left to compile 5
[2025.11.16-11.25.43:705][ 14]LogShaderCompilers: Display: Worker (6/9): shaders left to compile 4
[2025.11.16-11.25.43:705][ 14]LogShaderCompilers: Display: Worker (7/9): shaders left to compile 3
[2025.11.16-11.25.43:705][ 14]LogShaderCompilers: Display: Worker (8/9): shaders left to compile 2
[2025.11.16-11.25.44:213][ 43]LogShaderCompilers: Display: Worker (3/9): shaders left to compile 1
[2025.11.16-11.25.44:633][ 68]MaterialEditorStats: Base pass shader: 123 instructions
[2025.11.16-11.25.44:635][ 68]MaterialEditorStats: Base pass shader with Volumetric Lightmap: 197 instructions
[2025.11.16-11.25.44:635][ 68]MaterialEditorStats: Base pass vertex shader: 44 instructions
[2025.11.16-11.25.44:635][ 68]MaterialEditorStats: Texture samplers: 3/16
[2025.11.16-11.25.44:635][ 68]MaterialEditorStats: Texture Lookups (Est.): VS(0), PS(1)
[2025.11.16-11.25.44:635][ 68]MaterialEditorStats: User interpolators: 2/4 Scalars (1/4 Vectors) (TexCoords: 2, Custom: 0)
[2025.11.16-11.25.48:671][309]LogMaterial: Display: Missing cached shader map for material BOT_Emmisive, compiling. 
[2025.11.16-11.25.48:679][309]LogMaterial: Display: Missing cached shader map for material BOT_Emmisive, compiling. 
[2025.11.16-11.25.48:695][310]LogShaderCompilers: Display: Worker (1/9): shaders left to compile 9
[2025.11.16-11.25.48:695][310]LogShaderCompilers: Display: Worker (2/9): shaders left to compile 8
[2025.11.16-11.25.48:695][310]LogShaderCompilers: Display: Worker (3/9): shaders left to compile 7
[2025.11.16-11.25.48:695][310]LogShaderCompilers: Display: Worker (4/9): shaders left to compile 6
[2025.11.16-11.25.48:695][310]LogShaderCompilers: Display: Worker (5/9): shaders left to compile 5
[2025.11.16-11.25.48:695][310]LogShaderCompilers: Display: Worker (6/9): shaders left to compile 4
[2025.11.16-11.25.48:695][310]LogShaderCompilers: Display: Worker (7/9): shaders left to compile 3
[2025.11.16-11.25.48:695][310]LogShaderCompilers: Display: Worker (8/9): shaders left to compile 2
[2025.11.16-11.25.49:242][339]LogShaderCompilers: Display: Worker (3/9): shaders left to compile 1
[2025.11.16-11.25.49:645][363]MaterialEditorStats: Base pass shader: 123 instructions
[2025.11.16-11.25.49:645][363]MaterialEditorStats: Base pass shader with Volumetric Lightmap: 197 instructions
[2025.11.16-11.25.49:645][363]MaterialEditorStats: Base pass vertex shader: 44 instructions
[2025.11.16-11.25.49:645][363]MaterialEditorStats: Texture samplers: 3/16
[2025.11.16-11.25.49:645][363]MaterialEditorStats: Texture Lookups (Est.): VS(0), PS(1)
[2025.11.16-11.25.49:645][363]MaterialEditorStats: User interpolators: 2/4 Scalars (1/4 Vectors) (TexCoords: 2, Custom: 0)
[2025.11.16-11.25.50:138][392]LogMaterial: Display: Missing cached shader map for material BOT_Emmisive, compiling. 
[2025.11.16-11.25.50:160][393]LogShaderCompilers: Display: Worker (1/9): shaders left to compile 9
[2025.11.16-11.25.50:160][393]LogShaderCompilers: Display: Worker (2/9): shaders left to compile 8
[2025.11.16-11.25.50:160][393]LogShaderCompilers: Display: Worker (3/9): shaders left to compile 7
[2025.11.16-11.25.50:160][393]LogShaderCompilers: Display: Worker (4/9): shaders left to compile 6
[2025.11.16-11.25.50:160][393]LogShaderCompilers: Display: Worker (5/9): shaders left to compile 5
[2025.11.16-11.25.50:160][393]LogShaderCompilers: Display: Worker (6/9): shaders left to compile 4
[2025.11.16-11.25.50:160][393]LogShaderCompilers: Display: Worker (7/9): shaders left to compile 3
[2025.11.16-11.25.50:160][393]LogShaderCompilers: Display: Worker (8/9): shaders left to compile 2
[2025.11.16-11.25.50:701][423]LogShaderCompilers: Display: Worker (6/9): shaders left to compile 1
[2025.11.16-11.25.51:096][446]MaterialEditorStats: Base pass shader: 124 instructions
[2025.11.16-11.25.51:096][446]MaterialEditorStats: Base pass shader with Volumetric Lightmap: 198 instructions
[2025.11.16-11.25.51:096][446]MaterialEditorStats: Base pass vertex shader: 44 instructions
[2025.11.16-11.25.51:096][446]MaterialEditorStats: Texture samplers: 3/16
[2025.11.16-11.25.51:096][446]MaterialEditorStats: Texture Lookups (Est.): VS(0), PS(1)
[2025.11.16-11.25.51:096][446]MaterialEditorStats: User interpolators: 2/4 Scalars (1/4 Vectors) (TexCoords: 2, Custom: 0)
[2025.11.16-11.25.51:394][464]LogMaterialEditor: Saving and Compiling material BOT_Emmisive
[2025.11.16-11.25.51:943][464]LogMaterial: Display: Missing cached shader map for material BOT_Emmisive, compiling. 
[2025.11.16-11.25.51:983][464]LogShaderCompilers: Display: Worker (1/9): shaders left to compile 9
[2025.11.16-11.25.51:983][464]LogShaderCompilers: Display: Worker (2/9): shaders left to compile 8
[2025.11.16-11.25.51:983][464]LogShaderCompilers: Display: Worker (3/9): shaders left to compile 7
[2025.11.16-11.25.51:983][464]LogShaderCompilers: Display: Worker (4/9): shaders left to compile 6
[2025.11.16-11.25.51:983][464]LogShaderCompilers: Display: Worker (5/9): shaders left to compile 5
[2025.11.16-11.25.51:983][464]LogShaderCompilers: Display: Worker (6/9): shaders left to compile 4
[2025.11.16-11.25.51:983][464]LogShaderCompilers: Display: Worker (7/9): shaders left to compile 3
[2025.11.16-11.25.51:983][464]LogShaderCompilers: Display: Worker (8/9): shaders left to compile 2
[2025.11.16-11.25.52:005][464]LogMaterial: Display: Missing cached shader map for material BOT_Emmisive, compiling. 
[2025.11.16-11.25.52:085][464]LogUObjectHash: Compacting FUObjectHashTables data took   2.18ms
[2025.11.16-11.25.52:095][464]LogMaterial: Display: Missing cached shader map for material DebugViewMode MaterialTexCoordScale, compiling. 
[2025.11.16-11.25.52:619][464]LogShaderCompilers: Display: Worker (3/9): shaders left to compile 18
[2025.11.16-11.25.52:619][464]LogShaderCompilers: Display: Worker (6/9): shaders left to compile 17
[2025.11.16-11.25.52:619][464]LogShaderCompilers: Display: Worker (2/9): shaders left to compile 16
[2025.11.16-11.25.52:619][464]LogShaderCompilers: Display: Worker (8/9): shaders left to compile 15
[2025.11.16-11.25.52:847][464]LogShaderCompilers: Display: Worker (4/9): shaders left to compile 13
[2025.11.16-11.25.52:847][464]LogShaderCompilers: Display: Worker (7/9): shaders left to compile 11
[2025.11.16-11.25.52:847][464]LogShaderCompilers: Display: Worker (1/9): shaders left to compile 9
[2025.11.16-11.25.52:847][464]LogShaderCompilers: Display: Worker (5/9): shaders left to compile 7
[2025.11.16-11.25.52:847][464]LogShaderCompilers: Display: Worker (6/9): shaders left to compile 5
[2025.11.16-11.25.52:847][464]LogShaderCompilers: Display: Worker (3/9): shaders left to compile 3
[2025.11.16-11.25.52:847][464]LogShaderCompilers: Display: Worker (2/9): shaders left to compile 2
[2025.11.16-11.25.52:851][464]TextureStreamingBuild: Display: Compiling optional shaders took 0.762 seconds.
[2025.11.16-11.25.52:890][464]LogUObjectHash: Compacting FUObjectHashTables data took   2.63ms
[2025.11.16-11.25.53:498][464]LogShaderCompilers: Display: Worker (3/9): shaders left to compile 1
[2025.11.16-11.25.53:767][464]Cmd: OBJ SAVEPACKAGE PACKAGE="/Game/Enemy/Anomaly/BOT_Emmisive" FILE="../../../../../../Git/Saf/GameUniHack/PixelPerfect/Content/Enemy/Anomaly/BOT_Emmisive.uasset" SILENT=true
[2025.11.16-11.25.53:794][464]LogSavePackage: Moving '../../../../../../Git/Saf/GameUniHack/PixelPerfect/Saved/BOT_Emmisive5798394F497FFF666B4A63980F7463F9.tmp' to '../../../../../../Git/Saf/GameUniHack/PixelPerfect/Content/Enemy/Anomaly/BOT_Emmisive.uasset'
[2025.11.16-11.25.53:832][464]AssetCheck: New page: Asset Save: BOT_Emmisive
[2025.11.16-11.25.53:833][464]LogContentValidation: Display: Validating Material /Game/Enemy/Anomaly/BOT_Emmisive.BOT_Emmisive
[2025.11.16-11.25.53:842][464]MaterialEditorStats: Base pass shader: 124 instructions
[2025.11.16-11.25.53:842][464]MaterialEditorStats: Base pass shader with Volumetric Lightmap: 198 instructions
[2025.11.16-11.25.53:842][464]MaterialEditorStats: Base pass vertex shader: 44 instructions
[2025.11.16-11.25.53:842][464]MaterialEditorStats: Texture samplers: 4/16
[2025.11.16-11.25.53:842][464]MaterialEditorStats: Texture Lookups (Est.): VS(0), PS(1)
[2025.11.16-11.25.53:842][464]MaterialEditorStats: User interpolators: 2/4 Scalars (1/4 Vectors) (TexCoords: 2, Custom: 0)
[2025.11.16-11.25.54:904][524]Cmd: OBJ SAVEPACKAGE PACKAGE="/Game/Levels/Main" FILE="../../../../../../Git/Saf/GameUniHack/PixelPerfect/Content/Levels/Main.umap" SILENT=true AUTOSAVING=false KEEPDIRTY=false
[2025.11.16-11.25.54:935][524]LogUObjectHash: Compacting FUObjectHashTables data took   0.42ms
[2025.11.16-11.25.54:976][524]LogSavePackage: Moving '../../../../../../Git/Saf/GameUniHack/PixelPerfect/Saved/MainF8BE6E5B44F7E02E57B3FAA026359B6E.tmp' to '../../../../../../Git/Saf/GameUniHack/PixelPerfect/Content/Levels/Main.umap'
[2025.11.16-11.25.55:017][524]AssetCheck: New page: Asset Save: Main
[2025.11.16-11.25.55:017][524]LogContentValidation: Display: Validating World /Game/Levels/Main.Main
[2025.11.16-11.26.01:480][898]LogWorld: UWorld::CleanupWorld for World_50, bSessionEnded=true, bCleanupResources=true
[2025.11.16-11.26.01:480][898]LogSlate: InvalidateAllWidgets triggered.  All widgets were invalidated
[2025.11.16-11.26.04:050][ 42]LogAssetEditorSubsystem: Opening Asset editor for MaterialInstanceConstant /Game/Enemy/Anomaly/BOT_Mat_Inst.BOT_Mat_Inst
[2025.11.16-11.26.09:572][355]LogSlate: Window 'Color Picker' being destroyed
[2025.11.16-11.26.10:567][409]Cmd: OBJ SAVEPACKAGE PACKAGE="/Game/Enemy/Anomaly/BOT_Mat_Inst" FILE="../../../../../../Git/Saf/GameUniHack/PixelPerfect/Content/Enemy/Anomaly/BOT_Mat_Inst.uasset" SILENT=true
[2025.11.16-11.26.10:607][409]LogUObjectHash: Compacting FUObjectHashTables data took   1.62ms
[2025.11.16-11.26.10:612][409]TextureStreamingBuild: Display: Compiling optional shaders took 0.000 seconds.
[2025.11.16-11.26.10:644][409]LogUObjectHash: Compacting FUObjectHashTables data took   1.44ms
[2025.11.16-11.26.10:651][409]LogSavePackage: Moving '../../../../../../Git/Saf/GameUniHack/PixelPerfect/Saved/BOT_Mat_Inst47ADB91E480B6B3C6974328710F4BA2C.tmp' to '../../../../../../Git/Saf/GameUniHack/PixelPerfect/Content/Enemy/Anomaly/BOT_Mat_Inst.uasset'
[2025.11.16-11.26.10:666][409]AssetCheck: New page: Asset Save: BOT_Mat_Inst
[2025.11.16-11.26.10:666][409]LogContentValidation: Display: Validating MaterialInstanceConstant /Game/Enemy/Anomaly/BOT_Mat_Inst.BOT_Mat_Inst
[2025.11.16-11.26.11:318][448]Cmd: POLY SELECT ADJACENT WALLS
[2025.11.16-11.26.12:567][521]Cmd: OBJ SAVEPACKAGE PACKAGE="/Game/Levels/Main" FILE="../../../../../../Git/Saf/GameUniHack/PixelPerfect/Content/Levels/Main.umap" SILENT=true AUTOSAVING=false KEEPDIRTY=false
[2025.11.16-11.26.12:593][521]LogUObjectHash: Compacting FUObjectHashTables data took   0.43ms
[2025.11.16-11.26.12:632][521]LogSavePackage: Moving '../../../../../../Git/Saf/GameUniHack/PixelPerfect/Saved/Main5B18C7324406BFD420317BA1A070C061.tmp' to '../../../../../../Git/Saf/GameUniHack/PixelPerfect/Content/Levels/Main.umap'
[2025.11.16-11.26.12:675][521]AssetCheck: New page: Asset Save: Main
[2025.11.16-11.26.12:675][521]LogContentValidation: Display: Validating World /Game/Levels/Main.Main
[2025.11.16-11.26.14:040][602]LogEditorViewport: Clicking on Actor (LMB): ComputerBoss_C (ComputerBoss2)
[2025.11.16-11.26.16:480][738]Cmd: EDIT CUT
[2025.11.16-11.26.16:488][738]LogEditorActor: Deleted Actor: ComputerBoss_C
[2025.11.16-11.26.16:528][738]LogUObjectHash: Compacting FUObjectHashTables data took   1.46ms
[2025.11.16-11.26.16:531][738]LogEditorActor: Deleted 1 Actors (0.045 secs)
[2025.11.16-11.26.16:971][761]Cmd: OBJ SAVEPACKAGE PACKAGE="/Game/Levels/Main" FILE="../../../../../../Git/Saf/GameUniHack/PixelPerfect/Content/Levels/Main.umap" SILENT=true AUTOSAVING=false KEEPDIRTY=false
[2025.11.16-11.26.17:012][761]LogUObjectHash: Compacting FUObjectHashTables data took   0.76ms
[2025.11.16-11.26.17:052][761]LogSavePackage: Moving '../../../../../../Git/Saf/GameUniHack/PixelPerfect/Saved/MainEB8563BE47A0A8C61923E4B2C800B075.tmp' to '../../../../../../Git/Saf/GameUniHack/PixelPerfect/Content/Levels/Main.umap'
[2025.11.16-11.26.17:095][761]AssetCheck: New page: Asset Save: Main
[2025.11.16-11.26.17:095][761]LogContentValidation: Display: Validating World /Game/Levels/Main.Main
[2025.11.16-11.26.27:756][381]BlueprintLog: New page: Compile ComputerBoss
[2025.11.16-11.26.27:822][381]LogUObjectHash: Compacting FUObjectHashTables data took   1.73ms
[2025.11.16-11.26.28:128][393]Cmd: OBJ SAVEPACKAGE PACKAGE="/Game/Enemy/Anomaly/ComputerBoss" FILE="../../../../../../Git/Saf/GameUniHack/PixelPerfect/Content/Enemy/Anomaly/ComputerBoss.uasset" SILENT=true
[2025.11.16-11.26.28:166][393]LogSavePackage: Moving '../../../../../../Git/Saf/GameUniHack/PixelPerfect/Saved/ComputerBossED38D0D5462B106FE41A2A83F4CD5C97.tmp' to '../../../../../../Git/Saf/GameUniHack/PixelPerfect/Content/Enemy/Anomaly/ComputerBoss.uasset'
[2025.11.16-11.26.28:183][393]AssetCheck: New page: Asset Save: ComputerBoss
[2025.11.16-11.26.28:183][393]LogContentValidation: Display: Validating Blueprint /Game/Enemy/Anomaly/ComputerBoss.ComputerBoss
[2025.11.16-11.26.28:684][421]Cmd: OBJ SAVEPACKAGE PACKAGE="/Game/Enemy/Anomaly/ComputerBoss" FILE="../../../../../../Git/Saf/GameUniHack/PixelPerfect/Content/Enemy/Anomaly/ComputerBoss.uasset" SILENT=true
[2025.11.16-11.26.28:717][421]LogSavePackage: Moving '../../../../../../Git/Saf/GameUniHack/PixelPerfect/Saved/ComputerBoss7E4B11D94CEEE0C5ADD59C82C8C3043F.tmp' to '../../../../../../Git/Saf/GameUniHack/PixelPerfect/Content/Enemy/Anomaly/ComputerBoss.uasset'
[2025.11.16-11.26.28:730][421]AssetCheck: New page: Asset Save: ComputerBoss
[2025.11.16-11.26.28:730][421]LogContentValidation: Display: Validating Blueprint /Game/Enemy/Anomaly/ComputerBoss.ComputerBoss
[2025.11.16-11.26.41:617][152]BlueprintLog: New page: Compile ComputerBoss
[2025.11.16-11.26.41:679][152]LogUObjectHash: Compacting FUObjectHashTables data took   2.59ms
[2025.11.16-11.26.41:934][163]Cmd: OBJ SAVEPACKAGE PACKAGE="/Game/Enemy/Anomaly/ComputerBoss" FILE="../../../../../../Git/Saf/GameUniHack/PixelPerfect/Content/Enemy/Anomaly/ComputerBoss.uasset" SILENT=true
[2025.11.16-11.26.41:971][163]LogSavePackage: Moving '../../../../../../Git/Saf/GameUniHack/PixelPerfect/Saved/ComputerBoss434BE9624D845FE085359C8EF6C5E540.tmp' to '../../../../../../Git/Saf/GameUniHack/PixelPerfect/Content/Enemy/Anomaly/ComputerBoss.uasset'
[2025.11.16-11.26.41:992][163]AssetCheck: New page: Asset Save: ComputerBoss
[2025.11.16-11.26.41:992][163]LogContentValidation: Display: Validating Blueprint /Game/Enemy/Anomaly/ComputerBoss.ComputerBoss
[2025.11.16-11.26.45:247][340]BlueprintLog: New page: Compile Hud
[2025.11.16-11.26.45:276][340]LogUObjectHash: Compacting FUObjectHashTables data took   1.97ms
[2025.11.16-11.26.45:832][369]Cmd: OBJ SAVEPACKAGE PACKAGE="/Game/UI/Hud" FILE="../../../../../../Git/Saf/GameUniHack/PixelPerfect/Content/UI/Hud.uasset" SILENT=true
[2025.11.16-11.26.45:866][369]LogSavePackage: Moving '../../../../../../Git/Saf/GameUniHack/PixelPerfect/Saved/Hud91F668384919AABA06D1049F8352192D.tmp' to '../../../../../../Git/Saf/GameUniHack/PixelPerfect/Content/UI/Hud.uasset'
[2025.11.16-11.26.45:891][369]AssetCheck: New page: Asset Save: Hud
[2025.11.16-11.26.45:891][369]LogContentValidation: Display: Validating WidgetBlueprint /Game/UI/Hud.Hud
[2025.11.16-11.26.55:313][902]LogWorld: UWorld::CleanupWorld for World_45, bSessionEnded=true, bCleanupResources=true
[2025.11.16-11.26.55:313][902]LogSlate: InvalidateAllWidgets triggered.  All widgets were invalidated
[2025.11.16-11.26.56:872][991]LogWorld: UWorld::CleanupWorld for World_51, bSessionEnded=true, bCleanupResources=true
[2025.11.16-11.26.56:872][991]LogSlate: InvalidateAllWidgets triggered.  All widgets were invalidated
[2025.11.16-11.26.57:357][ 17]LogWorld: UWorld::CleanupWorld for World_52, bSessionEnded=true, bCleanupResources=true
[2025.11.16-11.26.57:357][ 17]LogSlate: InvalidateAllWidgets triggered.  All widgets were invalidated
[2025.11.16-11.26.58:384][ 74]LogMaterialEditor: Saving and Compiling material MasterMaterial
[2025.11.16-11.26.58:430][ 74]Cmd: OBJ SAVEPACKAGE PACKAGE="/Game/Assets/MasterMaterial" FILE="../../../../../../Git/Saf/GameUniHack/PixelPerfect/Content/Assets/MasterMaterial.uasset" SILENT=true
[2025.11.16-11.26.58:455][ 74]LogSavePackage: Moving '../../../../../../Git/Saf/GameUniHack/PixelPerfect/Saved/MasterMaterial1A85F7E64A3FAB09A6FA57810BF5E7C5.tmp' to '../../../../../../Git/Saf/GameUniHack/PixelPerfect/Content/Assets/MasterMaterial.uasset'
[2025.11.16-11.26.58:475][ 74]AssetCheck: New page: Asset Save: MasterMaterial
[2025.11.16-11.26.58:475][ 74]LogContentValidation: Display: Validating Material /Game/Assets/MasterMaterial.MasterMaterial
[2025.11.16-11.26.59:153][115]LogMaterialEditor: Saving and Compiling material MasterMaterial
[2025.11.16-11.26.59:193][115]Cmd: OBJ SAVEPACKAGE PACKAGE="/Game/Assets/MasterMaterial" FILE="../../../../../../Git/Saf/GameUniHack/PixelPerfect/Content/Assets/MasterMaterial.uasset" SILENT=true
[2025.11.16-11.26.59:223][115]LogSavePackage: Moving '../../../../../../Git/Saf/GameUniHack/PixelPerfect/Saved/MasterMaterialDBD81CFA409E31BE21B0CFBD0A8F4391.tmp' to '../../../../../../Git/Saf/GameUniHack/PixelPerfect/Content/Assets/MasterMaterial.uasset'
[2025.11.16-11.26.59:240][115]AssetCheck: New page: Asset Save: MasterMaterial
[2025.11.16-11.26.59:240][115]LogContentValidation: Display: Validating Material /Game/Assets/MasterMaterial.MasterMaterial
[2025.11.16-11.26.59:880][147]Cmd: OBJ SAVEPACKAGE PACKAGE="/Game/Levels/Main" FILE="../../../../../../Git/Saf/GameUniHack/PixelPerfect/Content/Levels/Main.umap" SILENT=true AUTOSAVING=false KEEPDIRTY=false
[2025.11.16-11.26.59:925][147]LogUObjectHash: Compacting FUObjectHashTables data took   2.25ms
[2025.11.16-11.26.59:965][147]LogSavePackage: Moving '../../../../../../Git/Saf/GameUniHack/PixelPerfect/Saved/MainF07E31244FD07CBE52528D811BEC0CF4.tmp' to '../../../../../../Git/Saf/GameUniHack/PixelPerfect/Content/Levels/Main.umap'
[2025.11.16-11.27.00:008][147]AssetCheck: New page: Asset Save: Main
[2025.11.16-11.27.00:008][147]LogContentValidation: Display: Validating World /Game/Levels/Main.Main
[2025.11.16-11.27.07:758][595]LogAssetEditorSubsystem: Opening Asset editor for Blueprint /Game/Gate/Gate.Gate
[2025.11.16-11.27.15:159][997]Cmd: OBJ SAVEPACKAGE PACKAGE="/Game/Gate/Gate" FILE="../../../../../../Git/Saf/GameUniHack/PixelPerfect/Content/Gate/Gate.uasset" SILENT=true
[2025.11.16-11.27.15:208][997]LogSavePackage: Moving '../../../../../../Git/Saf/GameUniHack/PixelPerfect/Saved/Gate7337A35A4A70022400C5E484D8FDDA62.tmp' to '../../../../../../Git/Saf/GameUniHack/PixelPerfect/Content/Gate/Gate.uasset'
[2025.11.16-11.27.15:241][997]AssetCheck: New page: Asset Save: Gate
[2025.11.16-11.27.15:241][997]LogContentValidation: Display: Validating Blueprint /Game/Gate/Gate.Gate
[2025.11.16-11.27.18:686][182]LogSlate: Prevented a slow task dialog from being summoned while a context menu was open
[2025.11.16-11.27.31:392][913]BlueprintLog: New page: Compile Gate
[2025.11.16-11.27.31:444][913]LogUObjectHash: Compacting FUObjectHashTables data took   1.87ms
[2025.11.16-11.27.31:707][925]Cmd: OBJ SAVEPACKAGE PACKAGE="/Game/Gate/Gate" FILE="../../../../../../Git/Saf/GameUniHack/PixelPerfect/Content/Gate/Gate.uasset" SILENT=true
[2025.11.16-11.27.31:740][925]LogSavePackage: Moving '../../../../../../Git/Saf/GameUniHack/PixelPerfect/Saved/Gate5801B7344736781B9B8B95A324C5B6E3.tmp' to '../../../../../../Git/Saf/GameUniHack/PixelPerfect/Content/Gate/Gate.uasset'
[2025.11.16-11.27.31:760][925]AssetCheck: New page: Asset Save: Gate
[2025.11.16-11.27.31:760][925]LogContentValidation: Display: Validating Blueprint /Game/Gate/Gate.Gate
[2025.11.16-11.27.32:631][969]LogAssetEditorSubsystem: Opening Asset editor for Blueprint /Game/Interfaces/MoveObjs.MoveObjs
[2025.11.16-11.27.48:715][888]BlueprintLog: New page: Compile Gate
[2025.11.16-11.27.48:772][888]LogUObjectHash: Compacting FUObjectHashTables data took   2.16ms
[2025.11.16-11.27.49:085][903]Cmd: OBJ SAVEPACKAGE PACKAGE="/Game/Gate/Gate" FILE="../../../../../../Git/Saf/GameUniHack/PixelPerfect/Content/Gate/Gate.uasset" SILENT=true
[2025.11.16-11.27.49:116][903]LogSavePackage: Moving '../../../../../../Git/Saf/GameUniHack/PixelPerfect/Saved/Gate44CDCD4B4350B64D339ED98F15DAE925.tmp' to '../../../../../../Git/Saf/GameUniHack/PixelPerfect/Content/Gate/Gate.uasset'
[2025.11.16-11.27.49:131][903]AssetCheck: New page: Asset Save: Gate
[2025.11.16-11.27.49:131][903]LogContentValidation: Display: Validating Blueprint /Game/Gate/Gate.Gate
[2025.11.16-11.27.50:549][988]BlueprintLog: New page: Compile Gate
[2025.11.16-11.27.50:599][988]LogUObjectHash: Compacting FUObjectHashTables data took   2.01ms
[2025.11.16-11.27.50:876][  0]Cmd: OBJ SAVEPACKAGE PACKAGE="/Game/Gate/Gate" FILE="../../../../../../Git/Saf/GameUniHack/PixelPerfect/Content/Gate/Gate.uasset" SILENT=true
[2025.11.16-11.27.50:915][  0]LogSavePackage: Moving '../../../../../../Git/Saf/GameUniHack/PixelPerfect/Saved/Gate87FEB6A14A8EE813D04E768935A9C705.tmp' to '../../../../../../Git/Saf/GameUniHack/PixelPerfect/Content/Gate/Gate.uasset'
[2025.11.16-11.27.50:938][  0]AssetCheck: New page: Asset Save: Gate
[2025.11.16-11.27.50:938][  0]LogContentValidation: Display: Validating Blueprint /Game/Gate/Gate.Gate
[2025.11.16-11.27.54:957][220]LogAssetEditorSubsystem: Opening Asset editor for Blueprint /Game/Intreactable/Train.Train
[2025.11.16-11.28.17:642][512]BlueprintLog: New page: Compile Gate
[2025.11.16-11.28.17:692][512]LogUObjectHash: Compacting FUObjectHashTables data took   1.91ms
[2025.11.16-11.28.22:290][773]BlueprintLog: New page: Compile Gate
[2025.11.16-11.28.22:352][773]LogUObjectHash: Compacting FUObjectHashTables data took   2.82ms
[2025.11.16-11.28.22:626][785]Cmd: OBJ SAVEPACKAGE PACKAGE="/Game/Gate/Gate" FILE="../../../../../../Git/Saf/GameUniHack/PixelPerfect/Content/Gate/Gate.uasset" SILENT=true
[2025.11.16-11.28.22:662][785]LogSavePackage: Moving '../../../../../../Git/Saf/GameUniHack/PixelPerfect/Saved/GateD8A225864E764376CFE0BC9E95253325.tmp' to '../../../../../../Git/Saf/GameUniHack/PixelPerfect/Content/Gate/Gate.uasset'
[2025.11.16-11.28.22:700][785]AssetCheck: New page: Asset Save: Gate
[2025.11.16-11.28.22:700][785]LogContentValidation: Display: Validating Blueprint /Game/Gate/Gate.Gate
[2025.11.16-11.28.48:558][280]BlueprintLog: New page: Compile Gate
[2025.11.16-11.28.48:606][280]LogUObjectHash: Compacting FUObjectHashTables data took   1.97ms
[2025.11.16-11.28.48:888][293]Cmd: OBJ SAVEPACKAGE PACKAGE="/Game/Gate/Gate" FILE="../../../../../../Git/Saf/GameUniHack/PixelPerfect/Content/Gate/Gate.uasset" SILENT=true
[2025.11.16-11.28.48:923][293]LogSavePackage: Moving '../../../../../../Git/Saf/GameUniHack/PixelPerfect/Saved/GateF964CDCA4B74E78520397BA1BF5645D3.tmp' to '../../../../../../Git/Saf/GameUniHack/PixelPerfect/Content/Gate/Gate.uasset'
[2025.11.16-11.28.48:943][293]AssetCheck: New page: Asset Save: Gate
[2025.11.16-11.28.48:943][293]LogContentValidation: Display: Validating Blueprint /Game/Gate/Gate.Gate
[2025.11.16-11.28.53:201][539]BlueprintLog: New page: Compile Gate
[2025.11.16-11.28.53:251][539]LogUObjectHash: Compacting FUObjectHashTables data took   1.95ms
[2025.11.16-11.28.53:558][553]Cmd: OBJ SAVEPACKAGE PACKAGE="/Game/Gate/Gate" FILE="../../../../../../Git/Saf/GameUniHack/PixelPerfect/Content/Gate/Gate.uasset" SILENT=true
[2025.11.16-11.28.53:590][553]LogSavePackage: Moving '../../../../../../Git/Saf/GameUniHack/PixelPerfect/Saved/GateBCCDC76B48DAF6321DB7788A0AA1254B.tmp' to '../../../../../../Git/Saf/GameUniHack/PixelPerfect/Content/Gate/Gate.uasset'
[2025.11.16-11.28.53:607][553]AssetCheck: New page: Asset Save: Gate
[2025.11.16-11.28.53:607][553]LogContentValidation: Display: Validating Blueprint /Game/Gate/Gate.Gate
[2025.11.16-11.28.54:265][590]Cmd: OBJ SAVEPACKAGE PACKAGE="/Game/Gate/Gate" FILE="../../../../../../Git/Saf/GameUniHack/PixelPerfect/Content/Gate/Gate.uasset" SILENT=true
[2025.11.16-11.28.54:300][590]LogSavePackage: Moving '../../../../../../Git/Saf/GameUniHack/PixelPerfect/Saved/Gate07465B1648E2B6ED8668E9AB172FD3CA.tmp' to '../../../../../../Git/Saf/GameUniHack/PixelPerfect/Content/Gate/Gate.uasset'
[2025.11.16-11.28.54:316][590]AssetCheck: New page: Asset Save: Gate
[2025.11.16-11.28.54:316][590]LogContentValidation: Display: Validating Blueprint /Game/Gate/Gate.Gate
[2025.11.16-11.29.19:995][ 73]BlueprintLog: New page: Compile Gate
[2025.11.16-11.29.20:038][ 73]LogUObjectHash: Compacting FUObjectHashTables data took   2.01ms
[2025.11.16-11.29.20:373][ 88]Cmd: OBJ SAVEPACKAGE PACKAGE="/Game/Gate/Gate" FILE="../../../../../../Git/Saf/GameUniHack/PixelPerfect/Content/Gate/Gate.uasset" SILENT=true
[2025.11.16-11.29.20:405][ 88]LogSavePackage: Moving '../../../../../../Git/Saf/GameUniHack/PixelPerfect/Saved/Gate2AE54DBE4ABC9B7C2A2DF5A9A64899B2.tmp' to '../../../../../../Git/Saf/GameUniHack/PixelPerfect/Content/Gate/Gate.uasset'
[2025.11.16-11.29.20:423][ 88]AssetCheck: New page: Asset Save: Gate
[2025.11.16-11.29.20:423][ 88]LogContentValidation: Display: Validating Blueprint /Game/Gate/Gate.Gate
[2025.11.16-11.29.44:386][497]BlueprintLog: New page: Compile Gate
[2025.11.16-11.29.44:442][497]LogUObjectHash: Compacting FUObjectHashTables data took   2.07ms
[2025.11.16-11.29.44:763][511]Cmd: OBJ SAVEPACKAGE PACKAGE="/Game/Gate/Gate" FILE="../../../../../../Git/Saf/GameUniHack/PixelPerfect/Content/Gate/Gate.uasset" SILENT=true
[2025.11.16-11.29.44:804][511]LogSavePackage: Moving '../../../../../../Git/Saf/GameUniHack/PixelPerfect/Saved/Gate62A3441040C87F4140D5D78D1599C94D.tmp' to '../../../../../../Git/Saf/GameUniHack/PixelPerfect/Content/Gate/Gate.uasset'
[2025.11.16-11.29.44:825][511]AssetCheck: New page: Asset Save: Gate
[2025.11.16-11.29.44:825][511]LogContentValidation: Display: Validating Blueprint /Game/Gate/Gate.Gate
[2025.11.16-11.29.52:267][935]BlueprintLog: New page: Compile Gate
[2025.11.16-11.29.52:324][935]LogUObjectHash: Compacting FUObjectHashTables data took   2.09ms
[2025.11.16-11.29.52:603][948]Cmd: OBJ SAVEPACKAGE PACKAGE="/Game/Gate/Gate" FILE="../../../../../../Git/Saf/GameUniHack/PixelPerfect/Content/Gate/Gate.uasset" SILENT=true
[2025.11.16-11.29.52:635][948]LogSavePackage: Moving '../../../../../../Git/Saf/GameUniHack/PixelPerfect/Saved/Gate591960024871CB71C3B7A69FA6E34E70.tmp' to '../../../../../../Git/Saf/GameUniHack/PixelPerfect/Content/Gate/Gate.uasset'
[2025.11.16-11.29.52:665][948]AssetCheck: New page: Asset Save: Gate
[2025.11.16-11.29.52:665][948]LogContentValidation: Display: Validating Blueprint /Game/Gate/Gate.Gate
[2025.11.16-11.30.07:016][765]BlueprintLog: New page: Compile Gate
[2025.11.16-11.30.07:082][765]LogUObjectHash: Compacting FUObjectHashTables data took   3.14ms
[2025.11.16-11.30.07:352][777]Cmd: OBJ SAVEPACKAGE PACKAGE="/Game/Gate/Gate" FILE="../../../../../../Git/Saf/GameUniHack/PixelPerfect/Content/Gate/Gate.uasset" SILENT=true
[2025.11.16-11.30.07:388][777]LogSavePackage: Moving '../../../../../../Git/Saf/GameUniHack/PixelPerfect/Saved/Gate630B43AC4B69CAACE9E280A43FC5BFCB.tmp' to '../../../../../../Git/Saf/GameUniHack/PixelPerfect/Content/Gate/Gate.uasset'
[2025.11.16-11.30.07:424][777]AssetCheck: New page: Asset Save: Gate
[2025.11.16-11.30.07:425][777]LogContentValidation: Display: Validating Blueprint /Game/Gate/Gate.Gate
[2025.11.16-11.30.07:912][803]Cmd: OBJ SAVEPACKAGE PACKAGE="/Game/Gate/Gate" FILE="../../../../../../Git/Saf/GameUniHack/PixelPerfect/Content/Gate/Gate.uasset" SILENT=true
[2025.11.16-11.30.07:953][803]LogSavePackage: Moving '../../../../../../Git/Saf/GameUniHack/PixelPerfect/Saved/Gate74401A144A30F607464AE7BDCA9F4F69.tmp' to '../../../../../../Git/Saf/GameUniHack/PixelPerfect/Content/Gate/Gate.uasset'
[2025.11.16-11.30.07:991][803]AssetCheck: New page: Asset Save: Gate
[2025.11.16-11.30.07:991][803]LogContentValidation: Display: Validating Blueprint /Game/Gate/Gate.Gate
[2025.11.16-11.30.16:189][250]Cmd: OBJ SAVEPACKAGE PACKAGE="/Game/Levels/Main" FILE="../../../../../../Git/Saf/GameUniHack/PixelPerfect/Content/Levels/Main.umap" SILENT=true AUTOSAVING=false KEEPDIRTY=false
[2025.11.16-11.30.16:227][250]LogUObjectHash: Compacting FUObjectHashTables data took   1.93ms
[2025.11.16-11.30.16:268][250]LogSavePackage: Moving '../../../../../../Git/Saf/GameUniHack/PixelPerfect/Saved/Main647487A44A3A645FA8C7C793864862D0.tmp' to '../../../../../../Git/Saf/GameUniHack/PixelPerfect/Content/Levels/Main.umap'
[2025.11.16-11.30.16:307][250]AssetCheck: New page: Asset Save: Main
[2025.11.16-11.30.16:307][250]LogContentValidation: Display: Validating World /Game/Levels/Main.Main
[2025.11.16-11.30.18:389][375]LogTemp: Repeating last play command: Selected Viewport
[2025.11.16-11.30.18:409][375]BlueprintLog: New page: Pre-Play auto-recompile
[2025.11.16-11.30.18:410][375]LogPlayLevel: [PlayLevel] Compiling TopDownCamera before play...
[2025.11.16-11.30.18:475][375]LogUObjectHash: Compacting FUObjectHashTables data took   2.02ms
[2025.11.16-11.30.18:476][375]LogPlayLevel: PlayLevel: Blueprint regeneration took 66 ms (1 blueprints)
[2025.11.16-11.30.18:476][375]PIE: New page: PIE session: Main (Nov 16, 2025, 3:30:18 PM)
[2025.11.16-11.30.18:477][375]LogPlayLevel: Creating play world package: /Game/Levels/UEDPIE_0_Main
[2025.11.16-11.30.18:482][375]LogPlayLevel: PIE: StaticDuplicateObject took: (0.005441s)
[2025.11.16-11.30.18:482][375]LogAIModule: Creating AISystem for world Main
[2025.11.16-11.30.18:482][375]LogAISub: UAISubsystem::UAISubsystem EnvQueryManager (000002219474A600), frame # 183375
[2025.11.16-11.30.18:482][375]LogAISub: UAISubsystem::UAISubsystem AIPerceptionSystem (0000022263FE6480), frame # 183375
[2025.11.16-11.30.18:483][375]LogPlayLevel: PIE: World Init took: (0.000922s)
[2025.11.16-11.30.18:483][375]LogPlayLevel: PIE: Created PIE world by copying editor world from /Game/Levels/Main.Main to /Game/Levels/UEDPIE_0_Main.Main (0.006486s)
[2025.11.16-11.30.18:516][375]LogUObjectHash: Compacting FUObjectHashTables data took   1.54ms
[2025.11.16-11.30.18:517][375]LogAudioMixer: Display: Audio Mixer Platform Settings:
[2025.11.16-11.30.18:517][375]LogAudioMixer: Display: 	Sample Rate:						  48000
[2025.11.16-11.30.18:517][375]LogAudioMixer: Display: 	Callback Buffer Frame Size Requested: 1024
[2025.11.16-11.30.18:517][375]LogAudioMixer: Display: 	Callback Buffer Frame Size To Use:	  1024
[2025.11.16-11.30.18:517][375]LogAudioMixer: Display: 	Number of buffers to queue:			  2
[2025.11.16-11.30.18:517][375]LogAudioMixer: Display: 	Max Channels (voices):				  32
[2025.11.16-11.30.18:517][375]LogAudioMixer: Display: 	Number of Async Source Workers:		  0
[2025.11.16-11.30.18:517][375]LogAudio: Display: AudioDevice MaxSources: 32
[2025.11.16-11.30.18:518][375]LogAudio: Display: Using built-in audio occlusion.
[2025.11.16-11.30.18:518][375]LogAudioMixer: Display: Initializing audio mixer.
[2025.11.16-11.30.18:523][375]LogAudioMixer: Display: 0: FrontLeft
[2025.11.16-11.30.18:523][375]LogAudioMixer: Display: 1: FrontRight
[2025.11.16-11.30.18:538][375]LogAudioMixer: Display: Using Audio Device FxSound Speakers (FxSound Audio Enhancer)
[2025.11.16-11.30.18:538][375]LogAudioMixer: Display: Initializing Sound Submixes...
[2025.11.16-11.30.18:538][375]LogAudioMixer: Display: Creating Master Submix 'MasterSubmixDefault'
[2025.11.16-11.30.18:538][375]LogAudioMixer: Display: Creating Master Submix 'MasterReverbSubmixDefault'
[2025.11.16-11.30.18:539][375]LogAudioMixer: Display: Creating Master Submix 'MasterEQSubmixDefault'
[2025.11.16-11.30.18:555][375]LogInit: FAudioDevice initialized.
[2025.11.16-11.30.18:567][375]LogLoad: Game class is 'PlayerGameModeBase_C'
[2025.11.16-11.30.18:570][375]LogSkeletalMesh: USkeletalMeshComponent::InitArticulated : Could not find root physics body: '/Game/Levels/UEDPIE_0_Main.Main:PersistentLevel.Phone_2.CharacterMesh0'
[2025.11.16-11.30.18:570][375]LogWorld: Bringing World /Game/Levels/UEDPIE_0_Main.Main up for play (max tick rate 60) at 2025.11.16-13.30.18
[2025.11.16-11.30.18:571][375]LogWorld: Bringing up level for play took: 0.003229
[2025.11.16-11.30.18:572][375]LogOnline: OSS: Creating online subsystem instance for: :Context_82
[2025.11.16-11.30.18:576][375]PIE: Server logged in
[2025.11.16-11.30.18:577][375]PIE: Play in editor total start time 0.173 seconds.
[2025.11.16-11.30.35:247][368]LogSlate: Updating window title bar state: overlay mode, drag disabled, window buttons hidden, title bar hidden
[2025.11.16-11.30.35:247][368]LogWorld: BeginTearingDown for /Game/Levels/UEDPIE_0_Main
[2025.11.16-11.30.35:248][368]LogWorld: UWorld::CleanupWorld for Main, bSessionEnded=true, bCleanupResources=true
[2025.11.16-11.30.35:248][368]LogSlate: InvalidateAllWidgets triggered.  All widgets were invalidated
[2025.11.16-11.30.35:267][368]LogPlayLevel: Display: Shutting down PIE online subsystems
[2025.11.16-11.30.35:272][368]LogSlate: InvalidateAllWidgets triggered.  All widgets were invalidated
[2025.11.16-11.30.35:312][368]LogSlate: Updating window title bar state: overlay mode, drag disabled, window buttons hidden, title bar hidden
[2025.11.16-11.30.35:333][368]LogAISub: UAISubsystem::~UAISubsystem AIPerceptionSystem (0000022263FE6480), frame # 184368
[2025.11.16-11.30.35:333][368]LogAISub: UAISubsystem::~UAISubsystem EnvQueryManager (000002219474A600), frame # 184368
[2025.11.16-11.30.35:335][368]LogUObjectHash: Compacting FUObjectHashTables data took   1.56ms
[2025.11.16-11.30.35:365][369]LogPlayLevel: Display: Destroying online subsystem :Context_82
[2025.11.16-11.30.43:601][831]LogAssetEditorSubsystem: Opening Asset editor for Blueprint /Game/Cameras/ye.ye
[2025.11.16-11.30.54:219][400]BlueprintLog: New page: Compile ye
[2025.11.16-11.30.54:287][400]LogUObjectHash: Compacting FUObjectHashTables data took   1.63ms
[2025.11.16-11.30.56:082][500]LogSlate: Prevented a slow task dialog from being summoned while a context menu was open
[2025.11.16-11.31.01:701][825]BlueprintLog: New page: Compile ye
[2025.11.16-11.31.01:773][825]LogUObjectHash: Compacting FUObjectHashTables data took   2.13ms
[2025.11.16-11.31.02:067][837]Cmd: OBJ SAVEPACKAGE PACKAGE="/Game/Cameras/ye" FILE="../../../../../../Git/Saf/GameUniHack/PixelPerfect/Content/Cameras/ye.uasset" SILENT=true
[2025.11.16-11.31.02:123][837]LogSavePackage: Moving '../../../../../../Git/Saf/GameUniHack/PixelPerfect/Saved/yeE17CEDFB412EACC608CF048E20918EBA.tmp' to '../../../../../../Git/Saf/GameUniHack/PixelPerfect/Content/Cameras/ye.uasset'
[2025.11.16-11.31.02:143][837]AssetCheck: New page: Asset Save: ye
[2025.11.16-11.31.02:143][837]LogContentValidation: Display: Validating Blueprint /Game/Cameras/ye.ye
[2025.11.16-11.31.05:485][ 26]LogSlate: Prevented a slow task dialog from being summoned while a context menu was open
[2025.11.16-11.31.08:815][219]BlueprintLog: New page: Compile ye
[2025.11.16-11.31.08:879][219]LogUObjectHash: Compacting FUObjectHashTables data took   2.19ms
[2025.11.16-11.31.09:219][232]Cmd: OBJ SAVEPACKAGE PACKAGE="/Game/Cameras/ye" FILE="../../../../../../Git/Saf/GameUniHack/PixelPerfect/Content/Cameras/ye.uasset" SILENT=true
[2025.11.16-11.31.09:269][232]LogSavePackage: Moving '../../../../../../Git/Saf/GameUniHack/PixelPerfect/Saved/yeF2B62FC04A3F9EEBFE343EBAFB481C88.tmp' to '../../../../../../Git/Saf/GameUniHack/PixelPerfect/Content/Cameras/ye.uasset'
[2025.11.16-11.31.09:316][232]AssetCheck: New page: Asset Save: ye
[2025.11.16-11.31.09:317][232]LogContentValidation: Display: Validating Blueprint /Game/Cameras/ye.ye
[2025.11.16-11.31.24:610][ 69]BlueprintLog: New page: Compile ye
[2025.11.16-11.31.24:679][ 69]LogUObjectHash: Compacting FUObjectHashTables data took   2.33ms
[2025.11.16-11.31.24:927][ 78]Cmd: OBJ SAVEPACKAGE PACKAGE="/Game/Cameras/ye" FILE="../../../../../../Git/Saf/GameUniHack/PixelPerfect/Content/Cameras/ye.uasset" SILENT=true
[2025.11.16-11.31.24:969][ 78]LogSavePackage: Moving '../../../../../../Git/Saf/GameUniHack/PixelPerfect/Saved/ye13FC2A954626AC2A3DA178B2CD2A58C9.tmp' to '../../../../../../Git/Saf/GameUniHack/PixelPerfect/Content/Cameras/ye.uasset'
[2025.11.16-11.31.24:998][ 78]AssetCheck: New page: Asset Save: ye
[2025.11.16-11.31.24:998][ 78]LogContentValidation: Display: Validating Blueprint /Game/Cameras/ye.ye
[2025.11.16-11.31.25:399][100]Cmd: OBJ SAVEPACKAGE PACKAGE="/Game/Cameras/ye" FILE="../../../../../../Git/Saf/GameUniHack/PixelPerfect/Content/Cameras/ye.uasset" SILENT=true
[2025.11.16-11.31.25:445][100]LogSavePackage: Moving '../../../../../../Git/Saf/GameUniHack/PixelPerfect/Saved/yeCF6ECA4A4E542C2FFD89CC82478F4EEB.tmp' to '../../../../../../Git/Saf/GameUniHack/PixelPerfect/Content/Cameras/ye.uasset'
[2025.11.16-11.31.25:478][100]AssetCheck: New page: Asset Save: ye
[2025.11.16-11.31.25:478][100]LogContentValidation: Display: Validating Blueprint /Game/Cameras/ye.ye
[2025.11.16-11.31.26:132][136]Cmd: OBJ SAVEPACKAGE PACKAGE="/Game/Levels/Main" FILE="../../../../../../Git/Saf/GameUniHack/PixelPerfect/Content/Levels/Main.umap" SILENT=true AUTOSAVING=false KEEPDIRTY=false
[2025.11.16-11.31.26:175][136]LogUObjectHash: Compacting FUObjectHashTables data took   2.57ms
[2025.11.16-11.31.26:217][136]LogSavePackage: Moving '../../../../../../Git/Saf/GameUniHack/PixelPerfect/Saved/Main1485DF3B4BC4C6B547A51B9AB599E682.tmp' to '../../../../../../Git/Saf/GameUniHack/PixelPerfect/Content/Levels/Main.umap'
[2025.11.16-11.31.26:259][136]AssetCheck: New page: Asset Save: Main
[2025.11.16-11.31.26:259][136]LogContentValidation: Display: Validating World /Game/Levels/Main.Main
[2025.11.16-11.31.26:720][164]LogTemp: Repeating last play command: Selected Viewport
[2025.11.16-11.31.26:737][164]LogPlayLevel: PlayLevel: No blueprints needed recompiling
[2025.11.16-11.31.26:737][164]PIE: New page: PIE session: Main (Nov 16, 2025, 3:31:26 PM)
[2025.11.16-11.31.26:737][164]LogPlayLevel: Creating play world package: /Game/Levels/UEDPIE_0_Main
[2025.11.16-11.31.26:745][164]LogPlayLevel: PIE: StaticDuplicateObject took: (0.006972s)
[2025.11.16-11.31.26:746][164]LogAIModule: Creating AISystem for world Main
[2025.11.16-11.31.26:746][164]LogAISub: UAISubsystem::UAISubsystem EnvQueryManager (000002223054F000), frame # 187164
[2025.11.16-11.31.26:746][164]LogAISub: UAISubsystem::UAISubsystem AIPerceptionSystem (0000022178552AC0), frame # 187164
[2025.11.16-11.31.26:746][164]LogPlayLevel: PIE: World Init took: (0.000954s)
[2025.11.16-11.31.26:746][164]LogPlayLevel: PIE: Created PIE world by copying editor world from /Game/Levels/Main.Main to /Game/Levels/UEDPIE_0_Main.Main (0.008085s)
[2025.11.16-11.31.26:782][164]LogUObjectHash: Compacting FUObjectHashTables data took   1.76ms
[2025.11.16-11.31.26:785][164]LogAudioMixer: Display: Audio Mixer Platform Settings:
[2025.11.16-11.31.26:785][164]LogAudioMixer: Display: 	Sample Rate:						  48000
[2025.11.16-11.31.26:785][164]LogAudioMixer: Display: 	Callback Buffer Frame Size Requested: 1024
[2025.11.16-11.31.26:785][164]LogAudioMixer: Display: 	Callback Buffer Frame Size To Use:	  1024
[2025.11.16-11.31.26:785][164]LogAudioMixer: Display: 	Number of buffers to queue:			  2
[2025.11.16-11.31.26:785][164]LogAudioMixer: Display: 	Max Channels (voices):				  32
[2025.11.16-11.31.26:785][164]LogAudioMixer: Display: 	Number of Async Source Workers:		  0
[2025.11.16-11.31.26:785][164]LogAudio: Display: AudioDevice MaxSources: 32
[2025.11.16-11.31.26:785][164]LogAudio: Display: Using built-in audio occlusion.
[2025.11.16-11.31.26:785][164]LogAudioMixer: Display: Initializing audio mixer.
[2025.11.16-11.31.26:788][164]LogAudioMixer: Display: 0: FrontLeft
[2025.11.16-11.31.26:788][164]LogAudioMixer: Display: 1: FrontRight
[2025.11.16-11.31.26:802][164]LogAudioMixer: Display: Using Audio Device FxSound Speakers (FxSound Audio Enhancer)
[2025.11.16-11.31.26:802][164]LogAudioMixer: Display: Initializing Sound Submixes...
[2025.11.16-11.31.26:802][164]LogAudioMixer: Display: Creating Master Submix 'MasterSubmixDefault'
[2025.11.16-11.31.26:802][164]LogAudioMixer: Display: Creating Master Submix 'MasterReverbSubmixDefault'
[2025.11.16-11.31.26:802][164]LogAudioMixer: Display: Creating Master Submix 'MasterEQSubmixDefault'
[2025.11.16-11.31.26:820][164]LogInit: FAudioDevice initialized.
[2025.11.16-11.31.26:829][164]LogLoad: Game class is 'PlayerGameModeBase_C'
[2025.11.16-11.31.26:832][164]LogSkeletalMesh: USkeletalMeshComponent::InitArticulated : Could not find root physics body: '/Game/Levels/UEDPIE_0_Main.Main:PersistentLevel.Phone_2.CharacterMesh0'
[2025.11.16-11.31.26:833][164]LogWorld: Bringing World /Game/Levels/UEDPIE_0_Main.Main up for play (max tick rate 60) at 2025.11.16-13.31.26
[2025.11.16-11.31.26:834][164]LogWorld: Bringing up level for play took: 0.002755
[2025.11.16-11.31.26:834][164]LogOnline: OSS: Creating online subsystem instance for: :Context_84
[2025.11.16-11.31.26:839][164]PIE: Server logged in
[2025.11.16-11.31.26:841][164]PIE: Play in editor total start time 0.107 seconds.
[2025.11.16-11.31.33:965][589]LogSlate: Updating window title bar state: overlay mode, drag disabled, window buttons hidden, title bar hidden
[2025.11.16-11.31.33:965][589]LogWorld: BeginTearingDown for /Game/Levels/UEDPIE_0_Main
[2025.11.16-11.31.33:966][589]LogWorld: UWorld::CleanupWorld for Main, bSessionEnded=true, bCleanupResources=true
[2025.11.16-11.31.33:966][589]LogSlate: InvalidateAllWidgets triggered.  All widgets were invalidated
[2025.11.16-11.31.33:996][589]LogPlayLevel: Display: Shutting down PIE online subsystems
[2025.11.16-11.31.34:001][589]LogSlate: InvalidateAllWidgets triggered.  All widgets were invalidated
[2025.11.16-11.31.34:064][589]LogSlate: Updating window title bar state: overlay mode, drag disabled, window buttons hidden, title bar hidden
[2025.11.16-11.31.34:065][589]LogAISub: UAISubsystem::~UAISubsystem AIPerceptionSystem (0000022178552AC0), frame # 187589
[2025.11.16-11.31.34:065][589]LogAISub: UAISubsystem::~UAISubsystem EnvQueryManager (000002223054F000), frame # 187589
[2025.11.16-11.31.34:066][589]LogUObjectHash: Compacting FUObjectHashTables data took   1.50ms
[2025.11.16-11.31.34:093][590]LogPlayLevel: Display: Destroying online subsystem :Context_84
[2025.11.16-11.31.44:258][143]BlueprintLog: New page: Compile Gate
[2025.11.16-11.31.44:318][143]LogUObjectHash: Compacting FUObjectHashTables data took   1.72ms
[2025.11.16-11.31.44:633][155]Cmd: OBJ SAVEPACKAGE PACKAGE="/Game/Gate/Gate" FILE="../../../../../../Git/Saf/GameUniHack/PixelPerfect/Content/Gate/Gate.uasset" SILENT=true
[2025.11.16-11.31.44:668][155]LogSavePackage: Moving '../../../../../../Git/Saf/GameUniHack/PixelPerfect/Saved/Gate219C0C1040353D1D85A526827DAFEB9D.tmp' to '../../../../../../Git/Saf/GameUniHack/PixelPerfect/Content/Gate/Gate.uasset'
[2025.11.16-11.31.44:692][155]AssetCheck: New page: Asset Save: Gate
[2025.11.16-11.31.44:692][155]LogContentValidation: Display: Validating Blueprint /Game/Gate/Gate.Gate
[2025.11.16-11.31.46:245][247]Cmd: OBJ SAVEPACKAGE PACKAGE="/Game/Gate/Gate" FILE="../../../../../../Git/Saf/GameUniHack/PixelPerfect/Content/Gate/Gate.uasset" SILENT=true
[2025.11.16-11.31.46:276][247]LogSavePackage: Moving '../../../../../../Git/Saf/GameUniHack/PixelPerfect/Saved/GateA281AD7444964CEB1652CF86A7595AE5.tmp' to '../../../../../../Git/Saf/GameUniHack/PixelPerfect/Content/Gate/Gate.uasset'
[2025.11.16-11.31.46:290][247]AssetCheck: New page: Asset Save: Gate
[2025.11.16-11.31.46:290][247]LogContentValidation: Display: Validating Blueprint /Game/Gate/Gate.Gate
[2025.11.16-11.31.47:880][340]Cmd: OBJ SAVEPACKAGE PACKAGE="/Game/Levels/Main" FILE="../../../../../../Git/Saf/GameUniHack/PixelPerfect/Content/Levels/Main.umap" SILENT=true AUTOSAVING=false KEEPDIRTY=false
[2025.11.16-11.31.47:918][340]LogUObjectHash: Compacting FUObjectHashTables data took   2.25ms
[2025.11.16-11.31.47:958][340]LogSavePackage: Moving '../../../../../../Git/Saf/GameUniHack/PixelPerfect/Saved/MainB0252E00483523A9E04C5196E4DFF60C.tmp' to '../../../../../../Git/Saf/GameUniHack/PixelPerfect/Content/Levels/Main.umap'
[2025.11.16-11.31.47:996][340]AssetCheck: New page: Asset Save: Main
[2025.11.16-11.31.47:996][340]LogContentValidation: Display: Validating World /Game/Levels/Main.Main
[2025.11.16-11.31.53:745][675]LogTemp: Repeating last play command: Selected Viewport
[2025.11.16-11.31.53:761][675]LogPlayLevel: PlayLevel: No blueprints needed recompiling
[2025.11.16-11.31.53:761][675]PIE: New page: PIE session: Main (Nov 16, 2025, 3:31:53 PM)
[2025.11.16-11.31.53:761][675]LogPlayLevel: Creating play world package: /Game/Levels/UEDPIE_0_Main
[2025.11.16-11.31.53:767][675]LogPlayLevel: PIE: StaticDuplicateObject took: (0.004919s)
[2025.11.16-11.31.53:767][675]LogAIModule: Creating AISystem for world Main
[2025.11.16-11.31.53:767][675]LogAISub: UAISubsystem::UAISubsystem EnvQueryManager (000002221C5AFE00), frame # 188675
[2025.11.16-11.31.53:767][675]LogAISub: UAISubsystem::UAISubsystem AIPerceptionSystem (000002221C124540), frame # 188675
[2025.11.16-11.31.53:768][675]LogPlayLevel: PIE: World Init took: (0.000912s)
[2025.11.16-11.31.53:768][675]LogPlayLevel: PIE: Created PIE world by copying editor world from /Game/Levels/Main.Main to /Game/Levels/UEDPIE_0_Main.Main (0.005934s)
[2025.11.16-11.31.53:805][675]LogUObjectHash: Compacting FUObjectHashTables data took   1.71ms
[2025.11.16-11.31.53:806][675]LogAudioMixer: Display: Audio Mixer Platform Settings:
[2025.11.16-11.31.53:806][675]LogAudioMixer: Display: 	Sample Rate:						  48000
[2025.11.16-11.31.53:806][675]LogAudioMixer: Display: 	Callback Buffer Frame Size Requested: 1024
[2025.11.16-11.31.53:806][675]LogAudioMixer: Display: 	Callback Buffer Frame Size To Use:	  1024
[2025.11.16-11.31.53:806][675]LogAudioMixer: Display: 	Number of buffers to queue:			  2
[2025.11.16-11.31.53:806][675]LogAudioMixer: Display: 	Max Channels (voices):				  32
[2025.11.16-11.31.53:806][675]LogAudioMixer: Display: 	Number of Async Source Workers:		  0
[2025.11.16-11.31.53:806][675]LogAudio: Display: AudioDevice MaxSources: 32
[2025.11.16-11.31.53:806][675]LogAudio: Display: Using built-in audio occlusion.
[2025.11.16-11.31.53:806][675]LogAudioMixer: Display: Initializing audio mixer.
[2025.11.16-11.31.53:809][675]LogAudioMixer: Display: 0: FrontLeft
[2025.11.16-11.31.53:809][675]LogAudioMixer: Display: 1: FrontRight
[2025.11.16-11.31.53:822][675]LogAudioMixer: Display: Using Audio Device FxSound Speakers (FxSound Audio Enhancer)
[2025.11.16-11.31.53:822][675]LogAudioMixer: Display: Initializing Sound Submixes...
[2025.11.16-11.31.53:822][675]LogAudioMixer: Display: Creating Master Submix 'MasterSubmixDefault'
[2025.11.16-11.31.53:822][675]LogAudioMixer: Display: Creating Master Submix 'MasterReverbSubmixDefault'
[2025.11.16-11.31.53:822][675]LogAudioMixer: Display: Creating Master Submix 'MasterEQSubmixDefault'
[2025.11.16-11.31.53:838][675]LogInit: FAudioDevice initialized.
[2025.11.16-11.31.53:845][675]LogLoad: Game class is 'PlayerGameModeBase_C'
[2025.11.16-11.31.53:849][675]LogSkeletalMesh: USkeletalMeshComponent::InitArticulated : Could not find root physics body: '/Game/Levels/UEDPIE_0_Main.Main:PersistentLevel.Phone_2.CharacterMesh0'
[2025.11.16-11.31.53:849][675]LogWorld: Bringing World /Game/Levels/UEDPIE_0_Main.Main up for play (max tick rate 60) at 2025.11.16-13.31.53
[2025.11.16-11.31.53:850][675]LogWorld: Bringing up level for play took: 0.003685
[2025.11.16-11.31.53:851][675]LogOnline: OSS: Creating online subsystem instance for: :Context_85
[2025.11.16-11.31.53:854][675]PIE: Server logged in
[2025.11.16-11.31.53:855][675]PIE: Play in editor total start time 0.094 seconds.
[2025.11.16-11.32.02:265][178]LogSlate: Updating window title bar state: overlay mode, drag disabled, window buttons hidden, title bar hidden
[2025.11.16-11.32.02:265][178]LogWorld: BeginTearingDown for /Game/Levels/UEDPIE_0_Main
[2025.11.16-11.32.02:266][178]LogWorld: UWorld::CleanupWorld for Main, bSessionEnded=true, bCleanupResources=true
[2025.11.16-11.32.02:266][178]LogSlate: InvalidateAllWidgets triggered.  All widgets were invalidated
[2025.11.16-11.32.02:292][178]LogPlayLevel: Display: Shutting down PIE online subsystems
[2025.11.16-11.32.02:295][178]LogSlate: InvalidateAllWidgets triggered.  All widgets were invalidated
[2025.11.16-11.32.02:349][178]LogSlate: Updating window title bar state: overlay mode, drag disabled, window buttons hidden, title bar hidden
[2025.11.16-11.32.02:351][178]LogAISub: UAISubsystem::~UAISubsystem AIPerceptionSystem (000002221C124540), frame # 189178
[2025.11.16-11.32.02:351][178]LogAISub: UAISubsystem::~UAISubsystem EnvQueryManager (000002221C5AFE00), frame # 189178
[2025.11.16-11.32.02:353][178]LogUObjectHash: Compacting FUObjectHashTables data took   1.47ms
[2025.11.16-11.32.02:380][179]LogPlayLevel: Display: Destroying online subsystem :Context_85
[2025.11.16-11.32.03:315][231]Cmd: OBJ SAVEPACKAGE PACKAGE="/Game/Levels/Main" FILE="../../../../../../Git/Saf/GameUniHack/PixelPerfect/Content/Levels/Main.umap" SILENT=true AUTOSAVING=false KEEPDIRTY=false
[2025.11.16-11.32.03:358][231]LogUObjectHash: Compacting FUObjectHashTables data took   1.48ms
[2025.11.16-11.32.03:404][231]LogSavePackage: Moving '../../../../../../Git/Saf/GameUniHack/PixelPerfect/Saved/Main01A086CB42E5E995F7C4938F0F42F08A.tmp' to '../../../../../../Git/Saf/GameUniHack/PixelPerfect/Content/Levels/Main.umap'
[2025.11.16-11.32.03:443][231]AssetCheck: New page: Asset Save: Main
[2025.11.16-11.32.03:443][231]LogContentValidation: Display: Validating World /Game/Levels/Main.Main
[2025.11.16-11.32.12:517][775]LogEditorViewport: Clicking on Actor (LMB): Gate_C (Gate2)
[2025.11.16-11.32.16:047][975]Cmd: OBJ SAVEPACKAGE PACKAGE="/Game/Levels/Main" FILE="../../../../../../Git/Saf/GameUniHack/PixelPerfect/Content/Levels/Main.umap" SILENT=true AUTOSAVING=false KEEPDIRTY=false
[2025.11.16-11.32.16:090][975]LogUObjectHash: Compacting FUObjectHashTables data took   0.53ms
[2025.11.16-11.32.16:132][975]LogSavePackage: Moving '../../../../../../Git/Saf/GameUniHack/PixelPerfect/Saved/Main55D0B10844E2170AA25E1BAD1F7A281C.tmp' to '../../../../../../Git/Saf/GameUniHack/PixelPerfect/Content/Levels/Main.umap'
[2025.11.16-11.32.16:173][975]AssetCheck: New page: Asset Save: Main
[2025.11.16-11.32.16:173][975]LogContentValidation: Display: Validating World /Game/Levels/Main.Main
[2025.11.16-11.32.26:170][561]LogAssetEditorSubsystem: Opening Asset editor for Blueprint /Game/Enemy/Phone/Phone.Phone
[2025.11.16-11.32.26:466][561]LogSkeletalMesh: USkeletalMeshComponent::InitArticulated : Could not find root physics body: '/Engine/Transient.World_58:PersistentLevel.Phone_C_0.CharacterMesh0'
[2025.11.16-11.32.34:993][ 46]BlueprintLog: New page: Compile Phone
[2025.11.16-11.32.35:017][ 46]LogSkeletalMesh: USkeletalMeshComponent::InitArticulated : Could not find root physics body: '/Game/Levels/Main.Main:PersistentLevel.Phone_2.CharacterMesh0'
[2025.11.16-11.32.35:018][ 46]LogSkeletalMesh: USkeletalMeshComponent::InitArticulated : Could not find root physics body: '/Game/Levels/Main.Main:PersistentLevel.Phone_2.CharacterMesh0'
[2025.11.16-11.32.35:019][ 46]LogSkeletalMesh: USkeletalMeshComponent::InitArticulated : Could not find root physics body: '/Engine/Transient.World_58:PersistentLevel.Phone_C_0.CharacterMesh0'
[2025.11.16-11.32.35:019][ 46]LogSkeletalMesh: USkeletalMeshComponent::InitArticulated : Could not find root physics body: '/Engine/Transient.World_58:PersistentLevel.Phone_C_0.CharacterMesh0'
[2025.11.16-11.32.35:070][ 46]LogUObjectHash: Compacting FUObjectHashTables data took   2.02ms
[2025.11.16-11.32.35:073][ 46]LogSkeletalMesh: USkeletalMeshComponent::InitArticulated : Could not find root physics body: '/Game/Levels/Main.Main:PersistentLevel.Phone_2.CharacterMesh0'
[2025.11.16-11.32.35:074][ 46]LogSkeletalMesh: USkeletalMeshComponent::InitArticulated : Could not find root physics body: '/Engine/Transient.World_58:PersistentLevel.Phone_C_0.CharacterMesh0'
[2025.11.16-11.32.35:087][ 46]LogSkeletalMesh: USkeletalMeshComponent::InitArticulated : Could not find root physics body: '/Game/Levels/Main.Main:PersistentLevel.Phone_2.CharacterMesh0'
[2025.11.16-11.32.35:087][ 46]LogSkeletalMesh: USkeletalMeshComponent::InitArticulated : Could not find root physics body: '/Engine/Transient.World_58:PersistentLevel.Phone_C_0.CharacterMesh0'
[2025.11.16-11.32.35:454][ 61]Cmd: OBJ SAVEPACKAGE PACKAGE="/Game/Enemy/Phone/Phone" FILE="../../../../../../Git/Saf/GameUniHack/PixelPerfect/Content/Enemy/Phone/Phone.uasset" SILENT=true
[2025.11.16-11.32.35:504][ 61]LogSavePackage: Moving '../../../../../../Git/Saf/GameUniHack/PixelPerfect/Saved/Phone27701D884968B6CE63A2B4B9B136939D.tmp' to '../../../../../../Git/Saf/GameUniHack/PixelPerfect/Content/Enemy/Phone/Phone.uasset'
[2025.11.16-11.32.35:536][ 61]AssetCheck: New page: Asset Save: Phone
[2025.11.16-11.32.35:536][ 61]LogContentValidation: Display: Validating Blueprint /Game/Enemy/Phone/Phone.Phone
[2025.11.16-11.32.35:742][ 70]Cmd: OBJ SAVEPACKAGE PACKAGE="/Game/Enemy/Phone/Phone" FILE="../../../../../../Git/Saf/GameUniHack/PixelPerfect/Content/Enemy/Phone/Phone.uasset" SILENT=true
[2025.11.16-11.32.35:786][ 70]LogSavePackage: Moving '../../../../../../Git/Saf/GameUniHack/PixelPerfect/Saved/Phone79381CE74767D67A28A1E680DD634A6F.tmp' to '../../../../../../Git/Saf/GameUniHack/PixelPerfect/Content/Enemy/Phone/Phone.uasset'
[2025.11.16-11.32.35:802][ 70]AssetCheck: New page: Asset Save: Phone
[2025.11.16-11.32.35:802][ 70]LogContentValidation: Display: Validating Blueprint /Game/Enemy/Phone/Phone.Phone
[2025.11.16-11.32.37:473][156]LogSkeletalMesh: USkeletalMeshComponent::InitArticulated : Could not find root physics body: '/Game/Levels/Main.Main:PersistentLevel.Phone_C_0.CharacterMesh0'
[2025.11.16-11.32.37:473][156]LogSkeletalMesh: USkeletalMeshComponent::InitArticulated : Could not find root physics body: '/Game/Levels/Main.Main:PersistentLevel.Phone2.CharacterMesh0'
[2025.11.16-11.32.37:474][156]LogSkeletalMesh: USkeletalMeshComponent::InitArticulated : Could not find root physics body: '/Game/Levels/Main.Main:PersistentLevel.Phone2.CharacterMesh0'
[2025.11.16-11.32.37:544][159]LogSkeletalMesh: USkeletalMeshComponent::InitArticulated : Could not find root physics body: '/Game/Levels/Main.Main:PersistentLevel.Phone_C_1.CharacterMesh0'
[2025.11.16-11.32.37:544][159]LogSkeletalMesh: USkeletalMeshComponent::InitArticulated : Could not find root physics body: '/Game/Levels/Main.Main:PersistentLevel.Phone2_2.CharacterMesh0'
[2025.11.16-11.32.37:570][159]LogSkeletalMesh: USkeletalMeshComponent::InitArticulated : Could not find root physics body: '/Game/Levels/Main.Main:PersistentLevel.Phone2_2.CharacterMesh0'
[2025.11.16-11.32.38:241][195]Cmd: OBJ SAVEPACKAGE PACKAGE="/Game/Levels/Main" FILE="../../../../../../Git/Saf/GameUniHack/PixelPerfect/Content/Levels/Main.umap" SILENT=true AUTOSAVING=false KEEPDIRTY=false
[2025.11.16-11.32.38:286][195]LogUObjectHash: Compacting FUObjectHashTables data took   2.15ms
[2025.11.16-11.32.38:328][195]LogSavePackage: Moving '../../../../../../Git/Saf/GameUniHack/PixelPerfect/Saved/Main53FB7C2C49B6AAB24DDD608F23F18842.tmp' to '../../../../../../Git/Saf/GameUniHack/PixelPerfect/Content/Levels/Main.umap'
[2025.11.16-11.32.38:373][195]AssetCheck: New page: Asset Save: Main
[2025.11.16-11.32.38:373][195]LogContentValidation: Display: Validating World /Game/Levels/Main.Main
[2025.11.16-11.32.39:105][238]LogTemp: Repeating last play command: Selected Viewport
[2025.11.16-11.32.39:129][238]LogPlayLevel: PlayLevel: No blueprints needed recompiling
[2025.11.16-11.32.39:129][238]PIE: New page: PIE session: Main (Nov 16, 2025, 3:32:39 PM)
[2025.11.16-11.32.39:131][238]LogPlayLevel: Creating play world package: /Game/Levels/UEDPIE_0_Main
[2025.11.16-11.32.39:136][238]LogPlayLevel: PIE: StaticDuplicateObject took: (0.005324s)
[2025.11.16-11.32.39:137][238]LogAIModule: Creating AISystem for world Main
[2025.11.16-11.32.39:137][238]LogAISub: UAISubsystem::UAISubsystem EnvQueryManager (000002221CDE2A00), frame # 191238
[2025.11.16-11.32.39:137][238]LogAISub: UAISubsystem::UAISubsystem AIPerceptionSystem (000002225F03A5C0), frame # 191238
[2025.11.16-11.32.39:137][238]LogPlayLevel: PIE: World Init took: (0.000917s)
[2025.11.16-11.32.39:137][238]LogPlayLevel: PIE: Created PIE world by copying editor world from /Game/Levels/Main.Main to /Game/Levels/UEDPIE_0_Main.Main (0.006352s)
[2025.11.16-11.32.39:177][238]LogUObjectHash: Compacting FUObjectHashTables data took   1.43ms
[2025.11.16-11.32.39:178][238]LogAudioMixer: Display: Audio Mixer Platform Settings:
[2025.11.16-11.32.39:178][238]LogAudioMixer: Display: 	Sample Rate:						  48000
[2025.11.16-11.32.39:178][238]LogAudioMixer: Display: 	Callback Buffer Frame Size Requested: 1024
[2025.11.16-11.32.39:178][238]LogAudioMixer: Display: 	Callback Buffer Frame Size To Use:	  1024
[2025.11.16-11.32.39:178][238]LogAudioMixer: Display: 	Number of buffers to queue:			  2
[2025.11.16-11.32.39:178][238]LogAudioMixer: Display: 	Max Channels (voices):				  32
[2025.11.16-11.32.39:178][238]LogAudioMixer: Display: 	Number of Async Source Workers:		  0
[2025.11.16-11.32.39:178][238]LogAudio: Display: AudioDevice MaxSources: 32
[2025.11.16-11.32.39:179][238]LogAudio: Display: Using built-in audio occlusion.
[2025.11.16-11.32.39:179][238]LogAudioMixer: Display: Initializing audio mixer.
[2025.11.16-11.32.39:183][238]LogAudioMixer: Display: 0: FrontLeft
[2025.11.16-11.32.39:183][238]LogAudioMixer: Display: 1: FrontRight
[2025.11.16-11.32.39:194][238]LogAudioMixer: Display: Using Audio Device FxSound Speakers (FxSound Audio Enhancer)
[2025.11.16-11.32.39:194][238]LogAudioMixer: Display: Initializing Sound Submixes...
[2025.11.16-11.32.39:194][238]LogAudioMixer: Display: Creating Master Submix 'MasterSubmixDefault'
[2025.11.16-11.32.39:194][238]LogAudioMixer: Display: Creating Master Submix 'MasterReverbSubmixDefault'
[2025.11.16-11.32.39:195][238]LogAudioMixer: Display: Creating Master Submix 'MasterEQSubmixDefault'
[2025.11.16-11.32.39:212][238]LogInit: FAudioDevice initialized.
[2025.11.16-11.32.39:225][238]LogLoad: Game class is 'PlayerGameModeBase_C'
[2025.11.16-11.32.39:227][238]LogSkeletalMesh: USkeletalMeshComponent::InitArticulated : Could not find root physics body: '/Game/Levels/UEDPIE_0_Main.Main:PersistentLevel.Phone_2.CharacterMesh0'
[2025.11.16-11.32.39:227][238]LogSkeletalMesh: USkeletalMeshComponent::InitArticulated : Could not find root physics body: '/Game/Levels/UEDPIE_0_Main.Main:PersistentLevel.Phone2_2.CharacterMesh0'
[2025.11.16-11.32.39:227][238]LogWorld: Bringing World /Game/Levels/UEDPIE_0_Main.Main up for play (max tick rate 60) at 2025.11.16-13.32.39
[2025.11.16-11.32.39:229][238]LogWorld: Bringing up level for play took: 0.002694
[2025.11.16-11.32.39:229][238]LogOnline: OSS: Creating online subsystem instance for: :Context_88
[2025.11.16-11.32.39:231][238]PIE: Server logged in
[2025.11.16-11.32.39:232][238]PIE: Play in editor total start time 0.114 seconds.
[2025.11.16-11.32.41:686][381]LogSlate: Updating window title bar state: overlay mode, drag disabled, window buttons hidden, title bar hidden
[2025.11.16-11.32.41:686][381]LogWorld: BeginTearingDown for /Game/Levels/UEDPIE_0_Main
[2025.11.16-11.32.41:687][381]LogWorld: UWorld::CleanupWorld for Main, bSessionEnded=true, bCleanupResources=true
[2025.11.16-11.32.41:687][381]LogSlate: InvalidateAllWidgets triggered.  All widgets were invalidated
[2025.11.16-11.32.41:705][381]LogPlayLevel: Display: Shutting down PIE online subsystems
[2025.11.16-11.32.41:709][381]LogSlate: InvalidateAllWidgets triggered.  All widgets were invalidated
[2025.11.16-11.32.41:792][381]LogSlate: Updating window title bar state: overlay mode, drag disabled, window buttons hidden, title bar hidden
[2025.11.16-11.32.41:793][381]LogAISub: UAISubsystem::~UAISubsystem AIPerceptionSystem (000002225F03A5C0), frame # 191381
[2025.11.16-11.32.41:793][381]LogAISub: UAISubsystem::~UAISubsystem EnvQueryManager (000002221CDE2A00), frame # 191381
[2025.11.16-11.32.41:795][381]LogUObjectHash: Compacting FUObjectHashTables data took   2.05ms
[2025.11.16-11.32.41:832][382]LogPlayLevel: Display: Destroying online subsystem :Context_88
[2025.11.16-11.32.51:434][918]LogAssetEditorSubsystem: Opening Asset editor for Blueprint /Game/Player/BP_Player.BP_Player
[2025.11.16-11.33.19:084][452]BlueprintLog: New page: Compile BP_Player
[2025.11.16-11.33.19:182][452]LogUObjectHash: Compacting FUObjectHashTables data took   1.91ms
[2025.11.16-11.33.19:208][452]LogSkeletalMesh: USkeletalMeshComponent::InitArticulated : Could not find root physics body: '/Game/Levels/Main.Main:PersistentLevel.Phone_2.CharacterMesh0'
[2025.11.16-11.33.19:209][452]LogSkeletalMesh: USkeletalMeshComponent::InitArticulated : Could not find root physics body: '/Game/Levels/Main.Main:PersistentLevel.Phone2_2.CharacterMesh0'
[2025.11.16-11.33.19:209][452]LogSkeletalMesh: USkeletalMeshComponent::InitArticulated : Could not find root physics body: '/Engine/Transient.World_58:PersistentLevel.Phone_C_0.CharacterMesh0'
[2025.11.16-11.33.19:233][452]LogSkeletalMesh: USkeletalMeshComponent::InitArticulated : Could not find root physics body: '/Game/Levels/Main.Main:PersistentLevel.Phone_2.CharacterMesh0'
[2025.11.16-11.33.19:233][452]LogSkeletalMesh: USkeletalMeshComponent::InitArticulated : Could not find root physics body: '/Game/Levels/Main.Main:PersistentLevel.Phone2_2.CharacterMesh0'
[2025.11.16-11.33.19:234][452]LogSkeletalMesh: USkeletalMeshComponent::InitArticulated : Could not find root physics body: '/Engine/Transient.World_58:PersistentLevel.Phone_C_0.CharacterMesh0'
[2025.11.16-11.33.19:376][453]Cmd: OBJ SAVEPACKAGE PACKAGE="/Game/Player/BP_Player" FILE="../../../../../../Git/Saf/GameUniHack/PixelPerfect/Content/Player/BP_Player.uasset" SILENT=true
[2025.11.16-11.33.19:432][453]LogSavePackage: Moving '../../../../../../Git/Saf/GameUniHack/PixelPerfect/Saved/BP_Player7A70ACEA49E4F2492AF5BF8C586F1EDA.tmp' to '../../../../../../Git/Saf/GameUniHack/PixelPerfect/Content/Player/BP_Player.uasset'
[2025.11.16-11.33.19:456][453]AssetCheck: New page: Asset Save: BP_Player
[2025.11.16-11.33.19:456][453]LogContentValidation: Display: Validating Blueprint /Game/Player/BP_Player.BP_Player
[2025.11.16-11.35.01:156][316]BlueprintLog: New page: Compile ye
[2025.11.16-11.35.01:257][316]LogUObjectHash: Compacting FUObjectHashTables data took   2.66ms
[2025.11.16-11.35.01:707][336]Cmd: OBJ SAVEPACKAGE PACKAGE="/Game/Cameras/ye" FILE="../../../../../../Git/Saf/GameUniHack/PixelPerfect/Content/Cameras/ye.uasset" SILENT=true
[2025.11.16-11.35.01:777][336]LogSavePackage: Moving '../../../../../../Git/Saf/GameUniHack/PixelPerfect/Saved/yeA80CF0944DC23005EEC8728D687EB71B.tmp' to '../../../../../../Git/Saf/GameUniHack/PixelPerfect/Content/Cameras/ye.uasset'
[2025.11.16-11.35.01:809][336]AssetCheck: New page: Asset Save: ye
[2025.11.16-11.35.01:809][336]LogContentValidation: Display: Validating Blueprint /Game/Cameras/ye.ye
[2025.11.16-11.35.03:632][443]Cmd: OBJ SAVEPACKAGE PACKAGE="/Game/Cameras/ye" FILE="../../../../../../Git/Saf/GameUniHack/PixelPerfect/Content/Cameras/ye.uasset" SILENT=true
[2025.11.16-11.35.03:687][443]LogSavePackage: Moving '../../../../../../Git/Saf/GameUniHack/PixelPerfect/Saved/ye656827B2458C2F1833E0018BA013BF08.tmp' to '../../../../../../Git/Saf/GameUniHack/PixelPerfect/Content/Cameras/ye.uasset'
[2025.11.16-11.35.03:711][443]AssetCheck: New page: Asset Save: ye
[2025.11.16-11.35.03:711][443]LogContentValidation: Display: Validating Blueprint /Game/Cameras/ye.ye
[2025.11.16-11.39.28:814][764]AssetReimport: New page: Outstanding source content changes 3:39:28 PM
[2025.11.16-11.39.28:817][764]LogFactory: FactoryCreateFile: StaticMesh with FbxFactory (0 0 C:/Git/Saf/GameUniHack/PixelPerfect/Content/Player/Human.fbx)
[2025.11.16-11.39.28:826][764]LogFbx: Loading FBX Scene from C:/Git/Saf/GameUniHack/PixelPerfect/Content/Player/Human.fbx
[2025.11.16-11.39.28:863][764]LogFbx: FBX Scene Loaded Succesfully
[2025.11.16-11.39.31:937][764]LogSlate: Window 'FBX Import Options' being destroyed
[2025.11.16-11.39.31:975][764]LogFbx: Valid bind pose for Pose (Cube.002) - Cube.003
[2025.11.16-11.39.32:058][764]LogSkeletalMesh: Section 0: 416 vertices, 19 active bones
[2025.11.16-11.39.32:058][764]LogSkeletalMesh: Section 1: 1477 vertices, 18 active bones
[2025.11.16-11.39.32:058][764]LogSkeletalMesh: Section 2: 116 vertices, 2 active bones
[2025.11.16-11.39.32:058][764]LogSkeletalMesh: Section 3: 44 vertices, 3 active bones
[2025.11.16-11.39.32:058][764]LogSkeletalMesh: Section 4: 60 vertices, 2 active bones
[2025.11.16-11.39.32:058][764]LogSkeletalMesh: Section 5: 576 vertices, 16 active bones
[2025.11.16-11.39.32:059][764]LogSkeletalMesh: Section 0: Material=0, 490 triangles
[2025.11.16-11.39.32:059][764]LogSkeletalMesh: Section 1: Material=1, 1520 triangles
[2025.11.16-11.39.32:059][764]LogSkeletalMesh: Section 2: Material=2, 120 triangles
[2025.11.16-11.39.32:059][764]LogSkeletalMesh: Section 3: Material=3, 24 triangles
[2025.11.16-11.39.32:059][764]LogSkeletalMesh: Section 4: Material=4, 44 triangles
[2025.11.16-11.39.32:059][764]LogSkeletalMesh: Section 5: Material=5, 752 triangles
[2025.11.16-11.39.32:063][764]LogSkeletalMesh: Building Skeletal Mesh Human...
[2025.11.16-11.39.32:122][764]LogSkeletalMesh: Section 0: 416 vertices, 19 active bones
[2025.11.16-11.39.32:122][764]LogSkeletalMesh: Section 1: 1477 vertices, 18 active bones
[2025.11.16-11.39.32:122][764]LogSkeletalMesh: Section 2: 116 vertices, 2 active bones
[2025.11.16-11.39.32:122][764]LogSkeletalMesh: Section 3: 44 vertices, 3 active bones
[2025.11.16-11.39.32:122][764]LogSkeletalMesh: Section 4: 60 vertices, 2 active bones
[2025.11.16-11.39.32:122][764]LogSkeletalMesh: Section 5: 576 vertices, 16 active bones
[2025.11.16-11.39.32:122][764]LogSkeletalMesh: Section 0: Material=0, 490 triangles
[2025.11.16-11.39.32:122][764]LogSkeletalMesh: Section 1: Material=1, 1520 triangles
[2025.11.16-11.39.32:122][764]LogSkeletalMesh: Section 2: Material=2, 120 triangles
[2025.11.16-11.39.32:122][764]LogSkeletalMesh: Section 3: Material=3, 24 triangles
[2025.11.16-11.39.32:122][764]LogSkeletalMesh: Section 4: Material=4, 44 triangles
[2025.11.16-11.39.32:122][764]LogSkeletalMesh: Section 5: Material=5, 752 triangles
[2025.11.16-11.39.32:129][764]LogSkeletalMesh: Built Skeletal Mesh [0.07s] /Game/Player/Human.Human
[2025.11.16-11.39.32:145][764]LogSkeletalMesh: USkeletalMeshComponent::InitArticulated : Could not find root physics body: '/Engine/Transient.World_60:PersistentLevel.SkeletalMeshActor_0.SkeletalMeshComponent0'
[2025.11.16-11.39.32:145][764]LogWorld: UWorld::CleanupWorld for World_60, bSessionEnded=true, bCleanupResources=true
[2025.11.16-11.39.32:145][764]LogSlate: InvalidateAllWidgets triggered.  All widgets were invalidated
[2025.11.16-11.39.32:154][764]LogWorld: UWorld::CleanupWorld for World_61, bSessionEnded=true, bCleanupResources=true
[2025.11.16-11.39.32:155][764]LogSlate: InvalidateAllWidgets triggered.  All widgets were invalidated
[2025.11.16-11.39.32:404][765]Cmd: OBJ SAVEPACKAGE PACKAGE="/Game/Player/Human" FILE="../../../../../../Git/Saf/GameUniHack/PixelPerfect/Content/Player/Human.uasset" SILENT=true
[2025.11.16-11.39.32:428][765]LogSavePackage: Moving '../../../../../../Git/Saf/GameUniHack/PixelPerfect/Saved/HumanA92C3F404E84ED0E0B61079404E664DE.tmp' to '../../../../../../Git/Saf/GameUniHack/PixelPerfect/Content/Player/Human.uasset'
[2025.11.16-11.39.32:477][766]AssetCheck: New page: Asset Save: Human
[2025.11.16-11.39.32:477][766]LogContentValidation: Display: Validating SkeletalMesh /Game/Player/Human.Human
[2025.11.16-11.39.33:604][829]LogSlate: Window 'Message Log' being destroyed
[2025.11.16-11.39.33:612][829]LogSlate: Window 'Message Log' being destroyed
[2025.11.16-11.39.35:459][935]AssetReimport: Importing new asset /Game/Player/Human.
[2025.11.16-11.39.37:332][ 45]Cmd: OBJ SAVEPACKAGE PACKAGE="/Game/Levels/Main" FILE="../../../../../../Git/Saf/GameUniHack/PixelPerfect/Content/Levels/Main.umap" SILENT=true AUTOSAVING=false KEEPDIRTY=false
[2025.11.16-11.39.37:394][ 45]LogUObjectHash: Compacting FUObjectHashTables data took   2.82ms
[2025.11.16-11.39.37:444][ 45]LogSavePackage: Moving '../../../../../../Git/Saf/GameUniHack/PixelPerfect/Saved/Main14055F374B2007302EC6B88F8274D88D.tmp' to '../../../../../../Git/Saf/GameUniHack/PixelPerfect/Content/Levels/Main.umap'
[2025.11.16-11.39.37:483][ 45]AssetCheck: New page: Asset Save: Main
[2025.11.16-11.39.37:484][ 45]LogContentValidation: Display: Validating World /Game/Levels/Main.Main
[2025.11.16-11.39.39:607][170]LogWorld: UWorld::CleanupWorld for World_55, bSessionEnded=true, bCleanupResources=true
[2025.11.16-11.39.39:607][170]LogSlate: InvalidateAllWidgets triggered.  All widgets were invalidated
[2025.11.16-11.39.40:755][233]LogActorComponent: UnregisterComponent: (/Engine/Transient.EditorFloorComp) Not registered. Aborting.
[2025.11.16-11.39.40:755][233]LogWorld: UWorld::CleanupWorld for World_56, bSessionEnded=true, bCleanupResources=true
[2025.11.16-11.39.40:755][233]LogSlate: InvalidateAllWidgets triggered.  All widgets were invalidated
[2025.11.16-11.39.42:238][312]LogWorld: UWorld::CleanupWorld for World_54, bSessionEnded=true, bCleanupResources=true
[2025.11.16-11.39.42:238][312]LogSlate: InvalidateAllWidgets triggered.  All widgets were invalidated
[2025.11.16-11.39.47:283][593]BlueprintLog: New page: Compile BP_Player
[2025.11.16-11.39.47:389][593]LogUObjectHash: Compacting FUObjectHashTables data took   2.06ms
[2025.11.16-11.39.47:415][593]LogSkeletalMesh: USkeletalMeshComponent::InitArticulated : Could not find root physics body: '/Game/Levels/Main.Main:PersistentLevel.Phone_2.CharacterMesh0'
[2025.11.16-11.39.47:415][593]LogSkeletalMesh: USkeletalMeshComponent::InitArticulated : Could not find root physics body: '/Game/Levels/Main.Main:PersistentLevel.Phone2_2.CharacterMesh0'
[2025.11.16-11.39.47:416][593]LogSkeletalMesh: USkeletalMeshComponent::InitArticulated : Could not find root physics body: '/Engine/Transient.World_58:PersistentLevel.Phone_C_0.CharacterMesh0'
[2025.11.16-11.39.47:427][593]LogSkeletalMesh: USkeletalMeshComponent::InitArticulated : Could not find root physics body: '/Game/Levels/Main.Main:PersistentLevel.Phone_2.CharacterMesh0'
[2025.11.16-11.39.47:427][593]LogSkeletalMesh: USkeletalMeshComponent::InitArticulated : Could not find root physics body: '/Game/Levels/Main.Main:PersistentLevel.Phone2_2.CharacterMesh0'
[2025.11.16-11.39.47:427][593]LogSkeletalMesh: USkeletalMeshComponent::InitArticulated : Could not find root physics body: '/Engine/Transient.World_58:PersistentLevel.Phone_C_0.CharacterMesh0'
[2025.11.16-11.39.47:644][601]Cmd: OBJ SAVEPACKAGE PACKAGE="/Game/Player/BP_Player" FILE="../../../../../../Git/Saf/GameUniHack/PixelPerfect/Content/Player/BP_Player.uasset" SILENT=true
[2025.11.16-11.39.47:696][601]LogSavePackage: Moving '../../../../../../Git/Saf/GameUniHack/PixelPerfect/Saved/BP_Player925654014F6D32CA7E9464A712E42508.tmp' to '../../../../../../Git/Saf/GameUniHack/PixelPerfect/Content/Player/BP_Player.uasset'
[2025.11.16-11.39.47:722][601]AssetCheck: New page: Asset Save: BP_Player
[2025.11.16-11.39.47:722][601]LogContentValidation: Display: Validating Blueprint /Game/Player/BP_Player.BP_Player
[2025.11.16-11.39.48:917][668]BlueprintLog: New page: Compile Hud
[2025.11.16-11.39.48:959][668]LogUObjectHash: Compacting FUObjectHashTables data took   2.11ms
[2025.11.16-11.39.49:269][682]Cmd: OBJ SAVEPACKAGE PACKAGE="/Game/UI/Hud" FILE="../../../../../../Git/Saf/GameUniHack/PixelPerfect/Content/UI/Hud.uasset" SILENT=true
[2025.11.16-11.39.49:295][682]LogSavePackage: Moving '../../../../../../Git/Saf/GameUniHack/PixelPerfect/Saved/Hud9B3253D34BB781DA3D56818381B8E00D.tmp' to '../../../../../../Git/Saf/GameUniHack/PixelPerfect/Content/UI/Hud.uasset'
[2025.11.16-11.39.49:326][682]AssetCheck: New page: Asset Save: Hud
[2025.11.16-11.39.49:326][682]LogContentValidation: Display: Validating WidgetBlueprint /Game/UI/Hud.Hud
[2025.11.16-11.40.00:880][326]BlueprintLog: New page: Compile ComputerBoss
[2025.11.16-11.40.00:957][326]LogUObjectHash: Compacting FUObjectHashTables data took   2.15ms
[2025.11.16-11.40.01:209][336]Cmd: OBJ SAVEPACKAGE PACKAGE="/Game/Enemy/Anomaly/ComputerBoss" FILE="../../../../../../Git/Saf/GameUniHack/PixelPerfect/Content/Enemy/Anomaly/ComputerBoss.uasset" SILENT=true
[2025.11.16-11.40.01:254][336]LogSavePackage: Moving '../../../../../../Git/Saf/GameUniHack/PixelPerfect/Saved/ComputerBoss627D17FF4254F8E4B3D977B708C22ED6.tmp' to '../../../../../../Git/Saf/GameUniHack/PixelPerfect/Content/Enemy/Anomaly/ComputerBoss.uasset'
[2025.11.16-11.40.01:277][336]AssetCheck: New page: Asset Save: ComputerBoss
[2025.11.16-11.40.01:278][336]LogContentValidation: Display: Validating Blueprint /Game/Enemy/Anomaly/ComputerBoss.ComputerBoss
[2025.11.16-11.40.05:462][564]BlueprintLog: New page: Compile ComputerBoss
[2025.11.16-11.40.05:548][564]LogUObjectHash: Compacting FUObjectHashTables data took   3.75ms
[2025.11.16-11.40.06:017][585]Cmd: OBJ SAVEPACKAGE PACKAGE="/Game/Enemy/Anomaly/ComputerBoss" FILE="../../../../../../Git/Saf/GameUniHack/PixelPerfect/Content/Enemy/Anomaly/ComputerBoss.uasset" SILENT=true
[2025.11.16-11.40.06:067][585]LogSavePackage: Moving '../../../../../../Git/Saf/GameUniHack/PixelPerfect/Saved/ComputerBoss788496A04EE95A509BC32CADBC09B081.tmp' to '../../../../../../Git/Saf/GameUniHack/PixelPerfect/Content/Enemy/Anomaly/ComputerBoss.uasset'
[2025.11.16-11.40.06:105][585]AssetCheck: New page: Asset Save: ComputerBoss
[2025.11.16-11.40.06:105][585]LogContentValidation: Display: Validating Blueprint /Game/Enemy/Anomaly/ComputerBoss.ComputerBoss
[2025.11.16-11.40.10:527][810]BlueprintLog: New page: Compile Hud
[2025.11.16-11.40.10:569][810]LogUObjectHash: Compacting FUObjectHashTables data took   2.39ms
[2025.11.16-11.40.10:839][824]Cmd: OBJ SAVEPACKAGE PACKAGE="/Game/UI/Hud" FILE="../../../../../../Git/Saf/GameUniHack/PixelPerfect/Content/UI/Hud.uasset" SILENT=true
[2025.11.16-11.40.10:874][824]LogSavePackage: Moving '../../../../../../Git/Saf/GameUniHack/PixelPerfect/Saved/HudCE654F0145BC7DD8BCC1CE84BD344BEC.tmp' to '../../../../../../Git/Saf/GameUniHack/PixelPerfect/Content/UI/Hud.uasset'
[2025.11.16-11.40.10:901][824]AssetCheck: New page: Asset Save: Hud
[2025.11.16-11.40.10:901][824]LogContentValidation: Display: Validating WidgetBlueprint /Game/UI/Hud.Hud
[2025.11.16-11.40.17:954][204]LogAssetEditorSubsystem: Opening Asset editor for SkeletalMesh /Game/Player/Human.Human
[2025.11.16-11.40.17:997][204]LogContentBrowser: Native class hierarchy updated for 'SkeletonEditor' in 0.0025 seconds. Added 1 classes and 2 folders.
[2025.11.16-11.40.18:014][204]LogActorComponent: RegisterComponentWithWorld: (/Engine/Transient.World_62:PersistentLevel.AnimationEditorPreviewActor_0.DebugSkelMeshComponent_0) Already registered. Aborting.
[2025.11.16-11.40.18:025][204]LogContentBrowser: Native class hierarchy updated for 'PinnedCommandList' in 0.0005 seconds. Added 1 classes and 0 folders.
[2025.11.16-11.40.18:147][204]LogSkeletalMesh: USkeletalMeshComponent::InitArticulated : Bodies already created (/Engine/Transient.World_62:PersistentLevel.AnimationEditorPreviewActor_0.DebugSkelMeshComponent_0) - call TermArticulated first.
[2025.11.16-11.40.24:334][498]LogAssetEditorSubsystem: Opening Asset editor for PhysicsAsset /Game/Player/Human_PhysicsAsset.Human_PhysicsAsset
[2025.11.16-11.40.24:376][498]LogContentBrowser: Native class hierarchy updated for 'PhysicsAssetEditor' in 0.0004 seconds. Added 8 classes and 3 folders.
[2025.11.16-11.40.24:395][498]LogActorComponent: RegisterComponentWithWorld: (/Engine/Transient.World_63:PersistentLevel.AnimationEditorPreviewActor_0.PhysicsAssetEditorSkeletalMeshComponent_0) Already registered. Aborting.
[2025.11.16-11.40.29:117][729]Cmd: OBJ SAVEPACKAGE PACKAGE="/Game/Player/Human" FILE="../../../../../../Git/Saf/GameUniHack/PixelPerfect/Content/Player/Human.uasset" SILENT=true
[2025.11.16-11.40.29:167][729]LogSavePackage: Moving '../../../../../../Git/Saf/GameUniHack/PixelPerfect/Saved/Human0C8E42FB4175CD893329399EAB937B44.tmp' to '../../../../../../Git/Saf/GameUniHack/PixelPerfect/Content/Player/Human.uasset'
[2025.11.16-11.40.29:193][729]AssetCheck: New page: Asset Save: Human
[2025.11.16-11.40.29:193][729]LogContentValidation: Display: Validating SkeletalMesh /Game/Player/Human.Human
[2025.11.16-11.40.32:109][883]LogSlate: Window 'Human_PhysicsAsset' being destroyed
[2025.11.16-11.40.32:116][883]LogSlate: Window 'Human_PhysicsAsset' being destroyed
[2025.11.16-11.40.32:117][883]LogWorld: UWorld::CleanupWorld for World_62, bSessionEnded=true, bCleanupResources=true
[2025.11.16-11.40.32:117][883]LogSlate: InvalidateAllWidgets triggered.  All widgets were invalidated
[2025.11.16-11.40.32:242][883]LogWorld: UWorld::CleanupWorld for World_63, bSessionEnded=true, bCleanupResources=true
[2025.11.16-11.40.32:242][883]LogSlate: InvalidateAllWidgets triggered.  All widgets were invalidated
[2025.11.16-11.40.36:272][102]BlueprintLog: New page: Compile BP_Player
[2025.11.16-11.40.36:456][102]LogUObjectHash: Compacting FUObjectHashTables data took   5.31ms
[2025.11.16-11.40.36:488][102]LogSkeletalMesh: USkeletalMeshComponent::InitArticulated : Could not find root physics body: '/Game/Levels/Main.Main:PersistentLevel.Phone_2.CharacterMesh0'
[2025.11.16-11.40.36:488][102]LogSkeletalMesh: USkeletalMeshComponent::InitArticulated : Could not find root physics body: '/Game/Levels/Main.Main:PersistentLevel.Phone2_2.CharacterMesh0'
[2025.11.16-11.40.36:489][102]LogSkeletalMesh: USkeletalMeshComponent::InitArticulated : Could not find root physics body: '/Engine/Transient.World_58:PersistentLevel.Phone_C_0.CharacterMesh0'
[2025.11.16-11.40.36:502][102]LogSkeletalMesh: USkeletalMeshComponent::InitArticulated : Could not find root physics body: '/Game/Levels/Main.Main:PersistentLevel.Phone_2.CharacterMesh0'
[2025.11.16-11.40.36:502][102]LogSkeletalMesh: USkeletalMeshComponent::InitArticulated : Could not find root physics body: '/Game/Levels/Main.Main:PersistentLevel.Phone2_2.CharacterMesh0'
[2025.11.16-11.40.36:503][102]LogSkeletalMesh: USkeletalMeshComponent::InitArticulated : Could not find root physics body: '/Engine/Transient.World_58:PersistentLevel.Phone_C_0.CharacterMesh0'
[2025.11.16-11.40.36:628][103]Cmd: OBJ SAVEPACKAGE PACKAGE="/Game/Player/BP_Player" FILE="../../../../../../Git/Saf/GameUniHack/PixelPerfect/Content/Player/BP_Player.uasset" SILENT=true
[2025.11.16-11.40.36:685][103]LogSavePackage: Moving '../../../../../../Git/Saf/GameUniHack/PixelPerfect/Saved/BP_Player324F6EA949DA04BAEF3387B768D468BA.tmp' to '../../../../../../Git/Saf/GameUniHack/PixelPerfect/Content/Player/BP_Player.uasset'
[2025.11.16-11.40.36:699][103]AssetCheck: New page: Asset Save: BP_Player
[2025.11.16-11.40.36:700][103]LogContentValidation: Display: Validating Blueprint /Game/Player/BP_Player.BP_Player
[2025.11.16-11.40.36:866][111]Cmd: OBJ SAVEPACKAGE PACKAGE="/Game/Player/BP_Player" FILE="../../../../../../Git/Saf/GameUniHack/PixelPerfect/Content/Player/BP_Player.uasset" SILENT=true
[2025.11.16-11.40.36:917][111]LogSavePackage: Moving '../../../../../../Git/Saf/GameUniHack/PixelPerfect/Saved/BP_PlayerA8DB3C514F8C5D9E804B39A50A0717D1.tmp' to '../../../../../../Git/Saf/GameUniHack/PixelPerfect/Content/Player/BP_Player.uasset'
[2025.11.16-11.40.36:935][111]AssetCheck: New page: Asset Save: BP_Player
[2025.11.16-11.40.36:935][111]LogContentValidation: Display: Validating Blueprint /Game/Player/BP_Player.BP_Player
[2025.11.16-11.40.37:367][135]Cmd: OBJ SAVEPACKAGE PACKAGE="/Game/Player/BP_Player" FILE="../../../../../../Git/Saf/GameUniHack/PixelPerfect/Content/Player/BP_Player.uasset" SILENT=true
[2025.11.16-11.40.37:422][135]LogSavePackage: Moving '../../../../../../Git/Saf/GameUniHack/PixelPerfect/Saved/BP_Player36CDCB7D4B095BB6081023BE87C5C25C.tmp' to '../../../../../../Git/Saf/GameUniHack/PixelPerfect/Content/Player/BP_Player.uasset'
[2025.11.16-11.40.37:437][135]AssetCheck: New page: Asset Save: BP_Player
[2025.11.16-11.40.37:437][135]LogContentValidation: Display: Validating Blueprint /Game/Player/BP_Player.BP_Player
[2025.11.16-11.40.38:275][179]Cmd: OBJ SAVEPACKAGE PACKAGE="/Game/Levels/Main" FILE="../../../../../../Git/Saf/GameUniHack/PixelPerfect/Content/Levels/Main.umap" SILENT=true AUTOSAVING=false KEEPDIRTY=false
[2025.11.16-11.40.38:331][179]LogUObjectHash: Compacting FUObjectHashTables data took   2.60ms
[2025.11.16-11.40.38:377][179]LogSavePackage: Moving '../../../../../../Git/Saf/GameUniHack/PixelPerfect/Saved/Main546CC8F44A02B11998AEB5A4ACDADAF4.tmp' to '../../../../../../Git/Saf/GameUniHack/PixelPerfect/Content/Levels/Main.umap'
[2025.11.16-11.40.38:423][179]AssetCheck: New page: Asset Save: Main
[2025.11.16-11.40.38:423][179]LogContentValidation: Display: Validating World /Game/Levels/Main.Main
[2025.11.16-11.40.40:845][322]LogTemp: Repeating last play command: Selected Viewport
[2025.11.16-11.40.40:862][322]LogPlayLevel: PlayLevel: No blueprints needed recompiling
[2025.11.16-11.40.40:862][322]PIE: New page: PIE session: Main (Nov 16, 2025, 3:40:40 PM)
[2025.11.16-11.40.40:862][322]LogPlayLevel: Creating play world package: /Game/Levels/UEDPIE_0_Main
[2025.11.16-11.40.40:868][322]LogPlayLevel: PIE: StaticDuplicateObject took: (0.005735s)
[2025.11.16-11.40.40:869][322]LogAIModule: Creating AISystem for world Main
[2025.11.16-11.40.40:869][322]LogAISub: UAISubsystem::UAISubsystem EnvQueryManager (00000221D7CEFA00), frame # 205322
[2025.11.16-11.40.40:869][322]LogAISub: UAISubsystem::UAISubsystem AIPerceptionSystem (000002211CC05580), frame # 205322
[2025.11.16-11.40.40:869][322]LogPlayLevel: PIE: World Init took: (0.001014s)
[2025.11.16-11.40.40:869][322]LogPlayLevel: PIE: Created PIE world by copying editor world from /Game/Levels/Main.Main to /Game/Levels/UEDPIE_0_Main.Main (0.006861s)
[2025.11.16-11.40.40:900][322]LogUObjectHash: Compacting FUObjectHashTables data took   1.98ms
[2025.11.16-11.40.40:902][322]LogAudioMixer: Display: Audio Mixer Platform Settings:
[2025.11.16-11.40.40:902][322]LogAudioMixer: Display: 	Sample Rate:						  48000
[2025.11.16-11.40.40:902][322]LogAudioMixer: Display: 	Callback Buffer Frame Size Requested: 1024
[2025.11.16-11.40.40:902][322]LogAudioMixer: Display: 	Callback Buffer Frame Size To Use:	  1024
[2025.11.16-11.40.40:902][322]LogAudioMixer: Display: 	Number of buffers to queue:			  2
[2025.11.16-11.40.40:902][322]LogAudioMixer: Display: 	Max Channels (voices):				  32
[2025.11.16-11.40.40:902][322]LogAudioMixer: Display: 	Number of Async Source Workers:		  0
[2025.11.16-11.40.40:902][322]LogAudio: Display: AudioDevice MaxSources: 32
[2025.11.16-11.40.40:902][322]LogAudio: Display: Using built-in audio occlusion.
[2025.11.16-11.40.40:902][322]LogAudioMixer: Display: Initializing audio mixer.
[2025.11.16-11.40.40:906][322]LogAudioMixer: Display: 0: FrontLeft
[2025.11.16-11.40.40:906][322]LogAudioMixer: Display: 1: FrontRight
[2025.11.16-11.40.40:922][322]LogAudioMixer: Display: Using Audio Device FxSound Speakers (FxSound Audio Enhancer)
[2025.11.16-11.40.40:922][322]LogAudioMixer: Display: Initializing Sound Submixes...
[2025.11.16-11.40.40:922][322]LogAudioMixer: Display: Creating Master Submix 'MasterSubmixDefault'
[2025.11.16-11.40.40:922][322]LogAudioMixer: Display: Creating Master Submix 'MasterReverbSubmixDefault'
[2025.11.16-11.40.40:922][322]LogAudioMixer: Display: Creating Master Submix 'MasterEQSubmixDefault'
[2025.11.16-11.40.40:937][322]LogInit: FAudioDevice initialized.
[2025.11.16-11.40.40:952][322]LogLoad: Game class is 'PlayerGameModeBase_C'
[2025.11.16-11.40.40:957][322]LogSkeletalMesh: USkeletalMeshComponent::InitArticulated : Could not find root physics body: '/Game/Levels/UEDPIE_0_Main.Main:PersistentLevel.Phone_2.CharacterMesh0'
[2025.11.16-11.40.40:957][322]LogSkeletalMesh: USkeletalMeshComponent::InitArticulated : Could not find root physics body: '/Game/Levels/UEDPIE_0_Main.Main:PersistentLevel.Phone2_2.CharacterMesh0'
[2025.11.16-11.40.40:957][322]LogWorld: Bringing World /Game/Levels/UEDPIE_0_Main.Main up for play (max tick rate 60) at 2025.11.16-13.40.40
[2025.11.16-11.40.40:959][322]LogWorld: Bringing up level for play took: 0.002608
[2025.11.16-11.40.40:959][322]LogOnline: OSS: Creating online subsystem instance for: :Context_95
[2025.11.16-11.40.40:962][322]PIE: Server logged in
[2025.11.16-11.40.40:963][322]PIE: Play in editor total start time 0.102 seconds.
[2025.11.16-11.40.42:216][394]LogSlate: Updating window title bar state: overlay mode, drag disabled, window buttons hidden, title bar hidden
[2025.11.16-11.40.42:216][394]LogWorld: BeginTearingDown for /Game/Levels/UEDPIE_0_Main
[2025.11.16-11.40.42:217][394]LogWorld: UWorld::CleanupWorld for Main, bSessionEnded=true, bCleanupResources=true
[2025.11.16-11.40.42:217][394]LogSlate: InvalidateAllWidgets triggered.  All widgets were invalidated
[2025.11.16-11.40.42:237][394]LogPlayLevel: Display: Shutting down PIE online subsystems
[2025.11.16-11.40.42:240][394]LogSlate: InvalidateAllWidgets triggered.  All widgets were invalidated
[2025.11.16-11.40.42:307][394]LogSlate: Updating window title bar state: overlay mode, drag disabled, window buttons hidden, title bar hidden
[2025.11.16-11.40.42:308][394]LogAISub: UAISubsystem::~UAISubsystem AIPerceptionSystem (000002211CC05580), frame # 205394
[2025.11.16-11.40.42:308][394]LogAISub: UAISubsystem::~UAISubsystem EnvQueryManager (00000221D7CEFA00), frame # 205394
[2025.11.16-11.40.42:310][394]LogUObjectHash: Compacting FUObjectHashTables data took   2.06ms
[2025.11.16-11.40.42:342][395]LogPlayLevel: Display: Destroying online subsystem :Context_95
[2025.11.16-11.40.49:075][745]BlueprintLog: New page: Compile BP_Player
[2025.11.16-11.40.49:183][745]LogUObjectHash: Compacting FUObjectHashTables data took   3.04ms
[2025.11.16-11.40.49:212][745]LogSkeletalMesh: USkeletalMeshComponent::InitArticulated : Could not find root physics body: '/Game/Levels/Main.Main:PersistentLevel.Phone_2.CharacterMesh0'
[2025.11.16-11.40.49:213][745]LogSkeletalMesh: USkeletalMeshComponent::InitArticulated : Could not find root physics body: '/Game/Levels/Main.Main:PersistentLevel.Phone2_2.CharacterMesh0'
[2025.11.16-11.40.49:214][745]LogSkeletalMesh: USkeletalMeshComponent::InitArticulated : Could not find root physics body: '/Engine/Transient.World_58:PersistentLevel.Phone_C_0.CharacterMesh0'
[2025.11.16-11.40.49:238][745]LogSkeletalMesh: USkeletalMeshComponent::InitArticulated : Could not find root physics body: '/Game/Levels/Main.Main:PersistentLevel.Phone_2.CharacterMesh0'
[2025.11.16-11.40.49:239][745]LogSkeletalMesh: USkeletalMeshComponent::InitArticulated : Could not find root physics body: '/Game/Levels/Main.Main:PersistentLevel.Phone2_2.CharacterMesh0'
[2025.11.16-11.40.49:239][745]LogSkeletalMesh: USkeletalMeshComponent::InitArticulated : Could not find root physics body: '/Engine/Transient.World_58:PersistentLevel.Phone_C_0.CharacterMesh0'
[2025.11.16-11.40.49:499][754]Cmd: OBJ SAVEPACKAGE PACKAGE="/Game/Player/BP_Player" FILE="../../../../../../Git/Saf/GameUniHack/PixelPerfect/Content/Player/BP_Player.uasset" SILENT=true
[2025.11.16-11.40.49:551][754]LogSavePackage: Moving '../../../../../../Git/Saf/GameUniHack/PixelPerfect/Saved/BP_Player393006794D485ED5D28A308F81CBA762.tmp' to '../../../../../../Git/Saf/GameUniHack/PixelPerfect/Content/Player/BP_Player.uasset'
[2025.11.16-11.40.49:579][754]AssetCheck: New page: Asset Save: BP_Player
[2025.11.16-11.40.49:579][754]LogContentValidation: Display: Validating Blueprint /Game/Player/BP_Player.BP_Player
[2025.11.16-11.40.59:101][269]BlueprintLog: New page: Compile BP_Player
[2025.11.16-11.40.59:223][269]LogUObjectHash: Compacting FUObjectHashTables data took   2.70ms
[2025.11.16-11.40.59:258][269]LogSkeletalMesh: USkeletalMeshComponent::InitArticulated : Could not find root physics body: '/Game/Levels/Main.Main:PersistentLevel.Phone_2.CharacterMesh0'
[2025.11.16-11.40.59:258][269]LogSkeletalMesh: USkeletalMeshComponent::InitArticulated : Could not find root physics body: '/Game/Levels/Main.Main:PersistentLevel.Phone2_2.CharacterMesh0'
[2025.11.16-11.40.59:259][269]LogSkeletalMesh: USkeletalMeshComponent::InitArticulated : Could not find root physics body: '/Engine/Transient.World_58:PersistentLevel.Phone_C_0.CharacterMesh0'
[2025.11.16-11.40.59:274][269]LogSkeletalMesh: USkeletalMeshComponent::InitArticulated : Could not find root physics body: '/Game/Levels/Main.Main:PersistentLevel.Phone_2.CharacterMesh0'
[2025.11.16-11.40.59:274][269]LogSkeletalMesh: USkeletalMeshComponent::InitArticulated : Could not find root physics body: '/Game/Levels/Main.Main:PersistentLevel.Phone2_2.CharacterMesh0'
[2025.11.16-11.40.59:274][269]LogSkeletalMesh: USkeletalMeshComponent::InitArticulated : Could not find root physics body: '/Engine/Transient.World_58:PersistentLevel.Phone_C_0.CharacterMesh0'
[2025.11.16-11.40.59:385][270]Cmd: OBJ SAVEPACKAGE PACKAGE="/Game/Player/BP_Player" FILE="../../../../../../Git/Saf/GameUniHack/PixelPerfect/Content/Player/BP_Player.uasset" SILENT=true
[2025.11.16-11.40.59:433][270]LogSavePackage: Moving '../../../../../../Git/Saf/GameUniHack/PixelPerfect/Saved/BP_Player0EEC6D74426743314B6CE19174994042.tmp' to '../../../../../../Git/Saf/GameUniHack/PixelPerfect/Content/Player/BP_Player.uasset'
[2025.11.16-11.40.59:453][270]AssetCheck: New page: Asset Save: BP_Player
[2025.11.16-11.40.59:453][270]LogContentValidation: Display: Validating Blueprint /Game/Player/BP_Player.BP_Player
[2025.11.16-11.41.07:094][671]Cmd: OBJ SAVEPACKAGE PACKAGE="/Game/Levels/Main" FILE="../../../../../../Git/Saf/GameUniHack/PixelPerfect/Content/Levels/Main.umap" SILENT=true AUTOSAVING=false KEEPDIRTY=false
[2025.11.16-11.41.07:149][671]LogUObjectHash: Compacting FUObjectHashTables data took   2.53ms
[2025.11.16-11.41.07:192][671]LogSavePackage: Moving '../../../../../../Git/Saf/GameUniHack/PixelPerfect/Saved/MainCDEFECF34D5E82A0D7178680A1D312B8.tmp' to '../../../../../../Git/Saf/GameUniHack/PixelPerfect/Content/Levels/Main.umap'
[2025.11.16-11.41.07:242][671]AssetCheck: New page: Asset Save: Main
[2025.11.16-11.41.07:242][671]LogContentValidation: Display: Validating World /Game/Levels/Main.Main
[2025.11.16-11.41.07:518][688]LogTemp: Repeating last play command: Selected Viewport
[2025.11.16-11.41.07:532][688]LogPlayLevel: PlayLevel: No blueprints needed recompiling
[2025.11.16-11.41.07:532][688]PIE: New page: PIE session: Main (Nov 16, 2025, 3:41:07 PM)
[2025.11.16-11.41.07:532][688]LogPlayLevel: Creating play world package: /Game/Levels/UEDPIE_0_Main
[2025.11.16-11.41.07:538][688]LogPlayLevel: PIE: StaticDuplicateObject took: (0.005442s)
[2025.11.16-11.41.07:538][688]LogAIModule: Creating AISystem for world Main
[2025.11.16-11.41.07:539][688]LogAISub: UAISubsystem::UAISubsystem EnvQueryManager (00000221E6802200), frame # 206688
[2025.11.16-11.41.07:539][688]LogAISub: UAISubsystem::UAISubsystem AIPerceptionSystem (0000022239721F80), frame # 206688
[2025.11.16-11.41.07:539][688]LogPlayLevel: PIE: World Init took: (0.000906s)
[2025.11.16-11.41.07:539][688]LogPlayLevel: PIE: Created PIE world by copying editor world from /Game/Levels/Main.Main to /Game/Levels/UEDPIE_0_Main.Main (0.006457s)
[2025.11.16-11.41.07:575][688]LogUObjectHash: Compacting FUObjectHashTables data took   2.14ms
[2025.11.16-11.41.07:576][688]LogAudioMixer: Display: Audio Mixer Platform Settings:
[2025.11.16-11.41.07:576][688]LogAudioMixer: Display: 	Sample Rate:						  48000
[2025.11.16-11.41.07:576][688]LogAudioMixer: Display: 	Callback Buffer Frame Size Requested: 1024
[2025.11.16-11.41.07:576][688]LogAudioMixer: Display: 	Callback Buffer Frame Size To Use:	  1024
[2025.11.16-11.41.07:576][688]LogAudioMixer: Display: 	Number of buffers to queue:			  2
[2025.11.16-11.41.07:576][688]LogAudioMixer: Display: 	Max Channels (voices):				  32
[2025.11.16-11.41.07:576][688]LogAudioMixer: Display: 	Number of Async Source Workers:		  0
[2025.11.16-11.41.07:576][688]LogAudio: Display: AudioDevice MaxSources: 32
[2025.11.16-11.41.07:576][688]LogAudio: Display: Using built-in audio occlusion.
[2025.11.16-11.41.07:576][688]LogAudioMixer: Display: Initializing audio mixer.
[2025.11.16-11.41.07:579][688]LogAudioMixer: Display: 0: FrontLeft
[2025.11.16-11.41.07:579][688]LogAudioMixer: Display: 1: FrontRight
[2025.11.16-11.41.07:591][688]LogAudioMixer: Display: Using Audio Device FxSound Speakers (FxSound Audio Enhancer)
[2025.11.16-11.41.07:591][688]LogAudioMixer: Display: Initializing Sound Submixes...
[2025.11.16-11.41.07:591][688]LogAudioMixer: Display: Creating Master Submix 'MasterSubmixDefault'
[2025.11.16-11.41.07:591][688]LogAudioMixer: Display: Creating Master Submix 'MasterReverbSubmixDefault'
[2025.11.16-11.41.07:591][688]LogAudioMixer: Display: Creating Master Submix 'MasterEQSubmixDefault'
[2025.11.16-11.41.07:606][688]LogInit: FAudioDevice initialized.
[2025.11.16-11.41.07:617][688]LogLoad: Game class is 'PlayerGameModeBase_C'
[2025.11.16-11.41.07:618][688]LogSkeletalMesh: USkeletalMeshComponent::InitArticulated : Could not find root physics body: '/Game/Levels/UEDPIE_0_Main.Main:PersistentLevel.Phone_2.CharacterMesh0'
[2025.11.16-11.41.07:619][688]LogSkeletalMesh: USkeletalMeshComponent::InitArticulated : Could not find root physics body: '/Game/Levels/UEDPIE_0_Main.Main:PersistentLevel.Phone2_2.CharacterMesh0'
[2025.11.16-11.41.07:619][688]LogWorld: Bringing World /Game/Levels/UEDPIE_0_Main.Main up for play (max tick rate 60) at 2025.11.16-13.41.07
[2025.11.16-11.41.07:619][688]LogWorld: Bringing up level for play took: 0.002631
[2025.11.16-11.41.07:621][688]LogOnline: OSS: Creating online subsystem instance for: :Context_96
[2025.11.16-11.41.07:623][688]PIE: Server logged in
[2025.11.16-11.41.07:624][688]PIE: Play in editor total start time 0.093 seconds.
[2025.11.16-11.41.11:555][921]LogSlate: Updating window title bar state: overlay mode, drag disabled, window buttons hidden, title bar hidden
[2025.11.16-11.41.11:555][921]LogWorld: BeginTearingDown for /Game/Levels/UEDPIE_0_Main
[2025.11.16-11.41.11:555][921]LogWorld: UWorld::CleanupWorld for Main, bSessionEnded=true, bCleanupResources=true
[2025.11.16-11.41.11:555][921]LogSlate: InvalidateAllWidgets triggered.  All widgets were invalidated
[2025.11.16-11.41.11:566][921]LogPlayLevel: Display: Shutting down PIE online subsystems
[2025.11.16-11.41.11:570][921]LogSlate: InvalidateAllWidgets triggered.  All widgets were invalidated
[2025.11.16-11.41.11:619][921]LogSlate: Updating window title bar state: overlay mode, drag disabled, window buttons hidden, title bar hidden
[2025.11.16-11.41.11:620][921]LogAISub: UAISubsystem::~UAISubsystem AIPerceptionSystem (0000022239721F80), frame # 206921
[2025.11.16-11.41.11:620][921]LogAISub: UAISubsystem::~UAISubsystem EnvQueryManager (00000221E6802200), frame # 206921
[2025.11.16-11.41.11:623][921]LogUObjectHash: Compacting FUObjectHashTables data took   2.00ms
[2025.11.16-11.41.11:664][922]LogPlayLevel: Display: Destroying online subsystem :Context_96
[2025.11.16-11.41.30:080][952]BlueprintLog: New page: Compile BP_Player
[2025.11.16-11.41.30:208][952]LogUObjectHash: Compacting FUObjectHashTables data took   2.08ms
[2025.11.16-11.41.30:239][952]LogSkeletalMesh: USkeletalMeshComponent::InitArticulated : Could not find root physics body: '/Game/Levels/Main.Main:PersistentLevel.Phone_2.CharacterMesh0'
[2025.11.16-11.41.30:239][952]LogSkeletalMesh: USkeletalMeshComponent::InitArticulated : Could not find root physics body: '/Game/Levels/Main.Main:PersistentLevel.Phone2_2.CharacterMesh0'
[2025.11.16-11.41.30:239][952]LogSkeletalMesh: USkeletalMeshComponent::InitArticulated : Could not find root physics body: '/Engine/Transient.World_58:PersistentLevel.Phone_C_0.CharacterMesh0'
[2025.11.16-11.41.30:253][952]LogSkeletalMesh: USkeletalMeshComponent::InitArticulated : Could not find root physics body: '/Game/Levels/Main.Main:PersistentLevel.Phone_2.CharacterMesh0'
[2025.11.16-11.41.30:253][952]LogSkeletalMesh: USkeletalMeshComponent::InitArticulated : Could not find root physics body: '/Game/Levels/Main.Main:PersistentLevel.Phone2_2.CharacterMesh0'
[2025.11.16-11.41.30:254][952]LogSkeletalMesh: USkeletalMeshComponent::InitArticulated : Could not find root physics body: '/Engine/Transient.World_58:PersistentLevel.Phone_C_0.CharacterMesh0'
[2025.11.16-11.41.37:849][396]Cmd: OBJ SAVEPACKAGE PACKAGE="/Game/Player/BP_Player" FILE="../../../../../../Git/Saf/GameUniHack/PixelPerfect/Content/Player/BP_Player.uasset" SILENT=true
[2025.11.16-11.41.37:901][396]LogSavePackage: Moving '../../../../../../Git/Saf/GameUniHack/PixelPerfect/Saved/BP_PlayerC8B8F0AA40E16F7CC83987A3ECC75D5B.tmp' to '../../../../../../Git/Saf/GameUniHack/PixelPerfect/Content/Player/BP_Player.uasset'
[2025.11.16-11.41.37:915][396]AssetCheck: New page: Asset Save: BP_Player
[2025.11.16-11.41.37:915][396]LogContentValidation: Display: Validating Blueprint /Game/Player/BP_Player.BP_Player
[2025.11.16-11.41.44:495][786]Cmd: OBJ SAVEPACKAGE PACKAGE="/Game/Player/BP_Player" FILE="../../../../../../Git/Saf/GameUniHack/PixelPerfect/Content/Player/BP_Player.uasset" SILENT=true
[2025.11.16-11.41.44:548][786]LogSavePackage: Moving '../../../../../../Git/Saf/GameUniHack/PixelPerfect/Saved/BP_Player032B99A540912B70DA576EB8A8EBE9B5.tmp' to '../../../../../../Git/Saf/GameUniHack/PixelPerfect/Content/Player/BP_Player.uasset'
[2025.11.16-11.41.44:565][786]AssetCheck: New page: Asset Save: BP_Player
[2025.11.16-11.41.44:566][786]LogContentValidation: Display: Validating Blueprint /Game/Player/BP_Player.BP_Player
[2025.11.16-11.41.45:221][824]BlueprintLog: New page: Compile BP_Player
[2025.11.16-11.41.45:332][824]LogUObjectHash: Compacting FUObjectHashTables data took   2.53ms
[2025.11.16-11.41.45:349][824]LogSkeletalMesh: USkeletalMeshComponent::InitArticulated : Could not find root physics body: '/Game/Levels/Main.Main:PersistentLevel.Phone_2.CharacterMesh0'
[2025.11.16-11.41.45:349][824]LogSkeletalMesh: USkeletalMeshComponent::InitArticulated : Could not find root physics body: '/Game/Levels/Main.Main:PersistentLevel.Phone2_2.CharacterMesh0'
[2025.11.16-11.41.45:350][824]LogSkeletalMesh: USkeletalMeshComponent::InitArticulated : Could not find root physics body: '/Engine/Transient.World_58:PersistentLevel.Phone_C_0.CharacterMesh0'
[2025.11.16-11.41.45:364][824]LogSkeletalMesh: USkeletalMeshComponent::InitArticulated : Could not find root physics body: '/Game/Levels/Main.Main:PersistentLevel.Phone_2.CharacterMesh0'
[2025.11.16-11.41.45:365][824]LogSkeletalMesh: USkeletalMeshComponent::InitArticulated : Could not find root physics body: '/Game/Levels/Main.Main:PersistentLevel.Phone2_2.CharacterMesh0'
[2025.11.16-11.41.45:365][824]LogSkeletalMesh: USkeletalMeshComponent::InitArticulated : Could not find root physics body: '/Engine/Transient.World_58:PersistentLevel.Phone_C_0.CharacterMesh0'
[2025.11.16-11.41.45:604][834]Cmd: OBJ SAVEPACKAGE PACKAGE="/Game/Player/BP_Player" FILE="../../../../../../Git/Saf/GameUniHack/PixelPerfect/Content/Player/BP_Player.uasset" SILENT=true
[2025.11.16-11.41.45:657][834]LogSavePackage: Moving '../../../../../../Git/Saf/GameUniHack/PixelPerfect/Saved/BP_Player463D7169468A7EC2A2325C8CC89F952C.tmp' to '../../../../../../Git/Saf/GameUniHack/PixelPerfect/Content/Player/BP_Player.uasset'
[2025.11.16-11.41.45:672][834]AssetCheck: New page: Asset Save: BP_Player
[2025.11.16-11.41.45:672][834]LogContentValidation: Display: Validating Blueprint /Game/Player/BP_Player.BP_Player
[2025.11.16-11.41.45:965][849]Cmd: OBJ SAVEPACKAGE PACKAGE="/Game/Player/BP_Player" FILE="../../../../../../Git/Saf/GameUniHack/PixelPerfect/Content/Player/BP_Player.uasset" SILENT=true
[2025.11.16-11.41.46:028][849]LogSavePackage: Moving '../../../../../../Git/Saf/GameUniHack/PixelPerfect/Saved/BP_PlayerCF8CC6C24B32650BB44C87BAB28A4BC7.tmp' to '../../../../../../Git/Saf/GameUniHack/PixelPerfect/Content/Player/BP_Player.uasset'
[2025.11.16-11.41.46:047][849]AssetCheck: New page: Asset Save: BP_Player
[2025.11.16-11.41.46:047][849]LogContentValidation: Display: Validating Blueprint /Game/Player/BP_Player.BP_Player
[2025.11.16-11.41.49:841][ 52]BlueprintLog: New page: Compile BP_Player
[2025.11.16-11.41.49:933][ 52]LogUObjectHash: Compacting FUObjectHashTables data took   3.04ms
[2025.11.16-11.41.49:948][ 52]LogSkeletalMesh: USkeletalMeshComponent::InitArticulated : Could not find root physics body: '/Game/Levels/Main.Main:PersistentLevel.Phone_2.CharacterMesh0'
[2025.11.16-11.41.49:949][ 52]LogSkeletalMesh: USkeletalMeshComponent::InitArticulated : Could not find root physics body: '/Game/Levels/Main.Main:PersistentLevel.Phone2_2.CharacterMesh0'
[2025.11.16-11.41.49:949][ 52]LogSkeletalMesh: USkeletalMeshComponent::InitArticulated : Could not find root physics body: '/Engine/Transient.World_58:PersistentLevel.Phone_C_0.CharacterMesh0'
[2025.11.16-11.41.49:961][ 52]LogSkeletalMesh: USkeletalMeshComponent::InitArticulated : Could not find root physics body: '/Game/Levels/Main.Main:PersistentLevel.Phone_2.CharacterMesh0'
[2025.11.16-11.41.49:962][ 52]LogSkeletalMesh: USkeletalMeshComponent::InitArticulated : Could not find root physics body: '/Game/Levels/Main.Main:PersistentLevel.Phone2_2.CharacterMesh0'
[2025.11.16-11.41.49:962][ 52]LogSkeletalMesh: USkeletalMeshComponent::InitArticulated : Could not find root physics body: '/Engine/Transient.World_58:PersistentLevel.Phone_C_0.CharacterMesh0'
[2025.11.16-11.41.50:237][ 62]Cmd: OBJ SAVEPACKAGE PACKAGE="/Game/Player/BP_Player" FILE="../../../../../../Git/Saf/GameUniHack/PixelPerfect/Content/Player/BP_Player.uasset" SILENT=true
[2025.11.16-11.41.50:292][ 62]LogSavePackage: Moving '../../../../../../Git/Saf/GameUniHack/PixelPerfect/Saved/BP_Player01F840C34F8DB4F5A972C2A9F4215A4C.tmp' to '../../../../../../Git/Saf/GameUniHack/PixelPerfect/Content/Player/BP_Player.uasset'
[2025.11.16-11.41.50:320][ 62]AssetCheck: New page: Asset Save: BP_Player
[2025.11.16-11.41.50:320][ 62]LogContentValidation: Display: Validating Blueprint /Game/Player/BP_Player.BP_Player
[2025.11.16-11.41.51:979][159]Cmd: OBJ SAVEPACKAGE PACKAGE="/Game/Levels/Main" FILE="../../../../../../Git/Saf/GameUniHack/PixelPerfect/Content/Levels/Main.umap" SILENT=true AUTOSAVING=false KEEPDIRTY=false
[2025.11.16-11.41.52:026][159]LogUObjectHash: Compacting FUObjectHashTables data took   2.87ms
[2025.11.16-11.41.52:065][159]LogSavePackage: Moving '../../../../../../Git/Saf/GameUniHack/PixelPerfect/Saved/MainA16FD011412107AD561E208AD726613E.tmp' to '../../../../../../Git/Saf/GameUniHack/PixelPerfect/Content/Levels/Main.umap'
[2025.11.16-11.41.52:112][159]AssetCheck: New page: Asset Save: Main
[2025.11.16-11.41.52:112][159]LogContentValidation: Display: Validating World /Game/Levels/Main.Main
[2025.11.16-11.41.52:360][174]LogTemp: Repeating last play command: Selected Viewport
[2025.11.16-11.41.52:374][174]LogPlayLevel: PlayLevel: No blueprints needed recompiling
[2025.11.16-11.41.52:374][174]PIE: New page: PIE session: Main (Nov 16, 2025, 3:41:52 PM)
[2025.11.16-11.41.52:374][174]LogPlayLevel: Creating play world package: /Game/Levels/UEDPIE_0_Main
[2025.11.16-11.41.52:379][174]LogPlayLevel: PIE: StaticDuplicateObject took: (0.005155s)
[2025.11.16-11.41.52:380][174]LogAIModule: Creating AISystem for world Main
[2025.11.16-11.41.52:380][174]LogAISub: UAISubsystem::UAISubsystem EnvQueryManager (0000022122D19800), frame # 209174
[2025.11.16-11.41.52:380][174]LogAISub: UAISubsystem::UAISubsystem AIPerceptionSystem (00000221C21607C0), frame # 209174
[2025.11.16-11.41.52:380][174]LogPlayLevel: PIE: World Init took: (0.000941s)
[2025.11.16-11.41.52:380][174]LogPlayLevel: PIE: Created PIE world by copying editor world from /Game/Levels/Main.Main to /Game/Levels/UEDPIE_0_Main.Main (0.006196s)
[2025.11.16-11.41.52:424][174]LogUObjectHash: Compacting FUObjectHashTables data took   2.23ms
[2025.11.16-11.41.52:425][174]LogAudioMixer: Display: Audio Mixer Platform Settings:
[2025.11.16-11.41.52:425][174]LogAudioMixer: Display: 	Sample Rate:						  48000
[2025.11.16-11.41.52:425][174]LogAudioMixer: Display: 	Callback Buffer Frame Size Requested: 1024
[2025.11.16-11.41.52:425][174]LogAudioMixer: Display: 	Callback Buffer Frame Size To Use:	  1024
[2025.11.16-11.41.52:425][174]LogAudioMixer: Display: 	Number of buffers to queue:			  2
[2025.11.16-11.41.52:425][174]LogAudioMixer: Display: 	Max Channels (voices):				  32
[2025.11.16-11.41.52:425][174]LogAudioMixer: Display: 	Number of Async Source Workers:		  0
[2025.11.16-11.41.52:425][174]LogAudio: Display: AudioDevice MaxSources: 32
[2025.11.16-11.41.52:425][174]LogAudio: Display: Using built-in audio occlusion.
[2025.11.16-11.41.52:425][174]LogAudioMixer: Display: Initializing audio mixer.
[2025.11.16-11.41.52:429][174]LogAudioMixer: Display: 0: FrontLeft
[2025.11.16-11.41.52:429][174]LogAudioMixer: Display: 1: FrontRight
[2025.11.16-11.41.52:445][174]LogAudioMixer: Display: Using Audio Device FxSound Speakers (FxSound Audio Enhancer)
[2025.11.16-11.41.52:446][174]LogAudioMixer: Display: Initializing Sound Submixes...
[2025.11.16-11.41.52:446][174]LogAudioMixer: Display: Creating Master Submix 'MasterSubmixDefault'
[2025.11.16-11.41.52:446][174]LogAudioMixer: Display: Creating Master Submix 'MasterReverbSubmixDefault'
[2025.11.16-11.41.52:447][174]LogAudioMixer: Display: Creating Master Submix 'MasterEQSubmixDefault'
[2025.11.16-11.41.52:459][174]LogInit: FAudioDevice initialized.
[2025.11.16-11.41.52:468][174]LogLoad: Game class is 'PlayerGameModeBase_C'
[2025.11.16-11.41.52:469][174]LogSkeletalMesh: USkeletalMeshComponent::InitArticulated : Could not find root physics body: '/Game/Levels/UEDPIE_0_Main.Main:PersistentLevel.Phone_2.CharacterMesh0'
[2025.11.16-11.41.52:469][174]LogSkeletalMesh: USkeletalMeshComponent::InitArticulated : Could not find root physics body: '/Game/Levels/UEDPIE_0_Main.Main:PersistentLevel.Phone2_2.CharacterMesh0'
[2025.11.16-11.41.52:469][174]LogWorld: Bringing World /Game/Levels/UEDPIE_0_Main.Main up for play (max tick rate 60) at 2025.11.16-13.41.52
[2025.11.16-11.41.52:471][174]LogWorld: Bringing up level for play took: 0.002189
[2025.11.16-11.41.52:471][174]LogOnline: OSS: Creating online subsystem instance for: :Context_97
[2025.11.16-11.41.52:478][174]PIE: Server logged in
[2025.11.16-11.41.52:479][174]PIE: Play in editor total start time 0.107 seconds.
[2025.11.16-11.41.59:771][611]LogBlueprintUserMessages: [ye_2] Hello
[2025.11.16-11.41.59:771][611]LogBlueprintUserMessages: [ye_2] Hello
[2025.11.16-11.42.09:786][208]LogSlate: Updating window title bar state: overlay mode, drag disabled, window buttons hidden, title bar hidden
[2025.11.16-11.42.09:786][208]LogWorld: BeginTearingDown for /Game/Levels/UEDPIE_0_Main
[2025.11.16-11.42.09:787][208]LogWorld: UWorld::CleanupWorld for Main, bSessionEnded=true, bCleanupResources=true
[2025.11.16-11.42.09:787][208]LogSlate: InvalidateAllWidgets triggered.  All widgets were invalidated
[2025.11.16-11.42.09:810][208]LogPlayLevel: Display: Shutting down PIE online subsystems
[2025.11.16-11.42.09:817][208]LogSlate: InvalidateAllWidgets triggered.  All widgets were invalidated
[2025.11.16-11.42.09:901][208]LogSlate: Updating window title bar state: overlay mode, drag disabled, window buttons hidden, title bar hidden
[2025.11.16-11.42.09:903][208]LogAISub: UAISubsystem::~UAISubsystem AIPerceptionSystem (00000221C21607C0), frame # 210208
[2025.11.16-11.42.09:903][208]LogAISub: UAISubsystem::~UAISubsystem EnvQueryManager (0000022122D19800), frame # 210208
[2025.11.16-11.42.09:906][208]LogUObjectHash: Compacting FUObjectHashTables data took   2.32ms
[2025.11.16-11.42.09:947][209]LogPlayLevel: Display: Destroying online subsystem :Context_97
[2025.11.16-11.42.10:879][255]Cmd: OBJ SAVEPACKAGE PACKAGE="/Game/Levels/Main" FILE="../../../../../../Git/Saf/GameUniHack/PixelPerfect/Content/Levels/Main.umap" SILENT=true AUTOSAVING=false KEEPDIRTY=false
[2025.11.16-11.42.10:932][255]LogUObjectHash: Compacting FUObjectHashTables data took   2.48ms
[2025.11.16-11.42.10:975][255]LogSavePackage: Moving '../../../../../../Git/Saf/GameUniHack/PixelPerfect/Saved/MainB53FCDD8431B56F642AB778B17A57FFA.tmp' to '../../../../../../Git/Saf/GameUniHack/PixelPerfect/Content/Levels/Main.umap'
[2025.11.16-11.42.11:029][255]AssetCheck: New page: Asset Save: Main
[2025.11.16-11.42.11:029][255]LogContentValidation: Display: Validating World /Game/Levels/Main.Main
[2025.11.16-11.42.22:321][830]LogSkeletalMesh: USkeletalMeshComponent::InitArticulated : Could not find root physics body: '/Game/Levels/Main.Main:PersistentLevel.Phone_2.CharacterMesh0'
[2025.11.16-11.42.22:322][830]LogSkeletalMesh: USkeletalMeshComponent::InitArticulated : Could not find root physics body: '/Game/Levels/Main.Main:PersistentLevel.Phone2_2.CharacterMesh0'
[2025.11.16-11.42.22:323][830]LogSkeletalMesh: USkeletalMeshComponent::InitArticulated : Could not find root physics body: '/Game/Levels/Main.Main:PersistentLevel.Phone_2.CharacterMesh0'
[2025.11.16-11.42.22:324][830]LogSkeletalMesh: USkeletalMeshComponent::InitArticulated : Could not find root physics body: '/Game/Levels/Main.Main:PersistentLevel.Phone2_2.CharacterMesh0'
[2025.11.16-11.42.23:596][900]BlueprintLog: New page: Compile Phone
[2025.11.16-11.42.23:622][900]LogSkeletalMesh: USkeletalMeshComponent::InitArticulated : Could not find root physics body: '/Game/Levels/Main.Main:PersistentLevel.Phone_2.CharacterMesh0'
[2025.11.16-11.42.23:623][900]LogSkeletalMesh: USkeletalMeshComponent::InitArticulated : Could not find root physics body: '/Game/Levels/Main.Main:PersistentLevel.Phone_2.CharacterMesh0'
[2025.11.16-11.42.23:624][900]LogSkeletalMesh: USkeletalMeshComponent::InitArticulated : Could not find root physics body: '/Game/Levels/Main.Main:PersistentLevel.Phone2_2.CharacterMesh0'
[2025.11.16-11.42.23:625][900]LogSkeletalMesh: USkeletalMeshComponent::InitArticulated : Could not find root physics body: '/Game/Levels/Main.Main:PersistentLevel.Phone2_2.CharacterMesh0'
[2025.11.16-11.42.23:684][900]LogUObjectHash: Compacting FUObjectHashTables data took   2.17ms
[2025.11.16-11.42.23:688][900]LogSkeletalMesh: USkeletalMeshComponent::InitArticulated : Could not find root physics body: '/Game/Levels/Main.Main:PersistentLevel.Phone_2.CharacterMesh0'
[2025.11.16-11.42.23:689][900]LogSkeletalMesh: USkeletalMeshComponent::InitArticulated : Could not find root physics body: '/Game/Levels/Main.Main:PersistentLevel.Phone2_2.CharacterMesh0'
[2025.11.16-11.42.23:702][900]LogSkeletalMesh: USkeletalMeshComponent::InitArticulated : Could not find root physics body: '/Game/Levels/Main.Main:PersistentLevel.Phone_2.CharacterMesh0'
[2025.11.16-11.42.23:702][900]LogSkeletalMesh: USkeletalMeshComponent::InitArticulated : Could not find root physics body: '/Game/Levels/Main.Main:PersistentLevel.Phone2_2.CharacterMesh0'
[2025.11.16-11.42.23:982][913]Cmd: OBJ SAVEPACKAGE PACKAGE="/Game/Enemy/Phone/Phone" FILE="../../../../../../Git/Saf/GameUniHack/PixelPerfect/Content/Enemy/Phone/Phone.uasset" SILENT=true
[2025.11.16-11.42.24:026][913]LogSavePackage: Moving '../../../../../../Git/Saf/GameUniHack/PixelPerfect/Saved/Phone1CA9D2BA45DB0F8739B98ABDA9E6BCAD.tmp' to '../../../../../../Git/Saf/GameUniHack/PixelPerfect/Content/Enemy/Phone/Phone.uasset'
[2025.11.16-11.42.24:045][913]AssetCheck: New page: Asset Save: Phone
[2025.11.16-11.42.24:045][913]LogContentValidation: Display: Validating Blueprint /Game/Enemy/Phone/Phone.Phone
[2025.11.16-11.42.28:421][144]Cmd: OBJ SAVEPACKAGE PACKAGE="/Game/Levels/Main" FILE="../../../../../../Git/Saf/GameUniHack/PixelPerfect/Content/Levels/Main.umap" SILENT=true AUTOSAVING=false KEEPDIRTY=false
[2025.11.16-11.42.28:466][144]LogUObjectHash: Compacting FUObjectHashTables data took   2.37ms
[2025.11.16-11.42.28:507][144]LogSavePackage: Moving '../../../../../../Git/Saf/GameUniHack/PixelPerfect/Saved/MainCCD6B80A427482E37A8241A0CD27C681.tmp' to '../../../../../../Git/Saf/GameUniHack/PixelPerfect/Content/Levels/Main.umap'
[2025.11.16-11.42.28:555][144]AssetCheck: New page: Asset Save: Main
[2025.11.16-11.42.28:555][144]LogContentValidation: Display: Validating World /Game/Levels/Main.Main
[2025.11.16-11.42.28:896][165]LogTemp: Repeating last play command: Selected Viewport
[2025.11.16-11.42.28:913][165]LogPlayLevel: PlayLevel: No blueprints needed recompiling
[2025.11.16-11.42.28:913][165]PIE: New page: PIE session: Main (Nov 16, 2025, 3:42:28 PM)
[2025.11.16-11.42.28:944][165]LogPlayLevel: Creating play world package: /Game/Levels/UEDPIE_0_Main
[2025.11.16-11.42.28:952][165]LogPlayLevel: PIE: StaticDuplicateObject took: (0.007768s)
[2025.11.16-11.42.28:953][165]LogAIModule: Creating AISystem for world Main
[2025.11.16-11.42.28:953][165]LogAISub: UAISubsystem::UAISubsystem EnvQueryManager (000002221D4F6800), frame # 211165
[2025.11.16-11.42.28:953][165]LogAISub: UAISubsystem::UAISubsystem AIPerceptionSystem (00000221A31EEFC0), frame # 211165
[2025.11.16-11.42.28:953][165]LogPlayLevel: PIE: World Init took: (0.001272s)
[2025.11.16-11.42.28:953][165]LogPlayLevel: PIE: Created PIE world by copying editor world from /Game/Levels/Main.Main to /Game/Levels/UEDPIE_0_Main.Main (0.009262s)
[2025.11.16-11.42.29:005][165]LogUObjectHash: Compacting FUObjectHashTables data took   2.64ms
[2025.11.16-11.42.29:006][165]LogAudioMixer: Display: Audio Mixer Platform Settings:
[2025.11.16-11.42.29:006][165]LogAudioMixer: Display: 	Sample Rate:						  48000
[2025.11.16-11.42.29:006][165]LogAudioMixer: Display: 	Callback Buffer Frame Size Requested: 1024
[2025.11.16-11.42.29:006][165]LogAudioMixer: Display: 	Callback Buffer Frame Size To Use:	  1024
[2025.11.16-11.42.29:006][165]LogAudioMixer: Display: 	Number of buffers to queue:			  2
[2025.11.16-11.42.29:006][165]LogAudioMixer: Display: 	Max Channels (voices):				  32
[2025.11.16-11.42.29:006][165]LogAudioMixer: Display: 	Number of Async Source Workers:		  0
[2025.11.16-11.42.29:006][165]LogAudio: Display: AudioDevice MaxSources: 32
[2025.11.16-11.42.29:007][165]LogAudio: Display: Using built-in audio occlusion.
[2025.11.16-11.42.29:007][165]LogAudioMixer: Display: Initializing audio mixer.
[2025.11.16-11.42.29:011][165]LogAudioMixer: Display: 0: FrontLeft
[2025.11.16-11.42.29:011][165]LogAudioMixer: Display: 1: FrontRight
[2025.11.16-11.42.29:023][165]LogAudioMixer: Display: Using Audio Device FxSound Speakers (FxSound Audio Enhancer)
[2025.11.16-11.42.29:023][165]LogAudioMixer: Display: Initializing Sound Submixes...
[2025.11.16-11.42.29:023][165]LogAudioMixer: Display: Creating Master Submix 'MasterSubmixDefault'
[2025.11.16-11.42.29:023][165]LogAudioMixer: Display: Creating Master Submix 'MasterReverbSubmixDefault'
[2025.11.16-11.42.29:024][165]LogAudioMixer: Display: Creating Master Submix 'MasterEQSubmixDefault'
[2025.11.16-11.42.29:042][165]LogInit: FAudioDevice initialized.
[2025.11.16-11.42.29:049][165]LogLoad: Game class is 'PlayerGameModeBase_C'
[2025.11.16-11.42.29:052][165]LogWorld: Bringing World /Game/Levels/UEDPIE_0_Main.Main up for play (max tick rate 60) at 2025.11.16-13.42.29
[2025.11.16-11.42.29:053][165]LogWorld: Bringing up level for play took: 0.002682
[2025.11.16-11.42.29:053][165]LogOnline: OSS: Creating online subsystem instance for: :Context_98
[2025.11.16-11.42.29:059][165]PIE: Server logged in
[2025.11.16-11.42.29:059][165]PIE: Play in editor total start time 0.148 seconds.
[2025.11.16-11.42.30:255][233]LogSlate: Updating window title bar state: overlay mode, drag disabled, window buttons hidden, title bar hidden
[2025.11.16-11.42.30:255][233]LogWorld: BeginTearingDown for /Game/Levels/UEDPIE_0_Main
[2025.11.16-11.42.30:255][233]LogWorld: UWorld::CleanupWorld for Main, bSessionEnded=true, bCleanupResources=true
[2025.11.16-11.42.30:256][233]LogSlate: InvalidateAllWidgets triggered.  All widgets were invalidated
[2025.11.16-11.42.30:274][233]LogPlayLevel: Display: Shutting down PIE online subsystems
[2025.11.16-11.42.30:278][233]LogSlate: InvalidateAllWidgets triggered.  All widgets were invalidated
[2025.11.16-11.42.30:336][233]LogSlate: Updating window title bar state: overlay mode, drag disabled, window buttons hidden, title bar hidden
[2025.11.16-11.42.30:337][233]LogAISub: UAISubsystem::~UAISubsystem AIPerceptionSystem (00000221A31EEFC0), frame # 211233
[2025.11.16-11.42.30:337][233]LogAISub: UAISubsystem::~UAISubsystem EnvQueryManager (000002221D4F6800), frame # 211233
[2025.11.16-11.42.30:342][233]LogUObjectHash: Compacting FUObjectHashTables data took   3.38ms
[2025.11.16-11.42.30:376][234]LogPlayLevel: Display: Destroying online subsystem :Context_98
[2025.11.16-11.42.42:172][860]BlueprintLog: New page: Compile BP_Player
[2025.11.16-11.42.42:287][860]LogUObjectHash: Compacting FUObjectHashTables data took   2.58ms
[2025.11.16-11.42.42:312][860]LogSkeletalMesh: USkeletalMeshComponent::InitArticulated : Could not find root physics body: '/Game/Levels/Main.Main:PersistentLevel.Phone_2.CharacterMesh0'
[2025.11.16-11.42.42:313][860]LogSkeletalMesh: USkeletalMeshComponent::InitArticulated : Could not find root physics body: '/Game/Levels/Main.Main:PersistentLevel.Phone2_2.CharacterMesh0'
[2025.11.16-11.42.42:339][860]LogSkeletalMesh: USkeletalMeshComponent::InitArticulated : Could not find root physics body: '/Game/Levels/Main.Main:PersistentLevel.Phone_2.CharacterMesh0'
[2025.11.16-11.42.42:340][860]LogSkeletalMesh: USkeletalMeshComponent::InitArticulated : Could not find root physics body: '/Game/Levels/Main.Main:PersistentLevel.Phone2_2.CharacterMesh0'
[2025.11.16-11.42.42:513][861]Cmd: OBJ SAVEPACKAGE PACKAGE="/Game/Player/BP_Player" FILE="../../../../../../Git/Saf/GameUniHack/PixelPerfect/Content/Player/BP_Player.uasset" SILENT=true
[2025.11.16-11.42.42:609][861]LogSavePackage: Moving '../../../../../../Git/Saf/GameUniHack/PixelPerfect/Saved/BP_Player994B468E480C83638B9D40A5A28284D5.tmp' to '../../../../../../Git/Saf/GameUniHack/PixelPerfect/Content/Player/BP_Player.uasset'
[2025.11.16-11.42.42:658][861]AssetCheck: New page: Asset Save: BP_Player
[2025.11.16-11.42.42:658][861]LogContentValidation: Display: Validating Blueprint /Game/Player/BP_Player.BP_Player
[2025.11.16-11.42.49:987][262]BlueprintLog: New page: Compile BP_Player
[2025.11.16-11.42.50:091][262]LogUObjectHash: Compacting FUObjectHashTables data took   2.79ms
[2025.11.16-11.42.50:108][262]LogSkeletalMesh: USkeletalMeshComponent::InitArticulated : Could not find root physics body: '/Game/Levels/Main.Main:PersistentLevel.Phone_2.CharacterMesh0'
[2025.11.16-11.42.50:108][262]LogSkeletalMesh: USkeletalMeshComponent::InitArticulated : Could not find root physics body: '/Game/Levels/Main.Main:PersistentLevel.Phone2_2.CharacterMesh0'
[2025.11.16-11.42.50:122][262]LogSkeletalMesh: USkeletalMeshComponent::InitArticulated : Could not find root physics body: '/Game/Levels/Main.Main:PersistentLevel.Phone_2.CharacterMesh0'
[2025.11.16-11.42.50:122][262]LogSkeletalMesh: USkeletalMeshComponent::InitArticulated : Could not find root physics body: '/Game/Levels/Main.Main:PersistentLevel.Phone2_2.CharacterMesh0'
[2025.11.16-11.42.50:353][271]Cmd: OBJ SAVEPACKAGE PACKAGE="/Game/Player/BP_Player" FILE="../../../../../../Git/Saf/GameUniHack/PixelPerfect/Content/Player/BP_Player.uasset" SILENT=true
[2025.11.16-11.42.50:411][271]LogSavePackage: Moving '../../../../../../Git/Saf/GameUniHack/PixelPerfect/Saved/BP_Player2B5103634BD418C3F2A4548579511435.tmp' to '../../../../../../Git/Saf/GameUniHack/PixelPerfect/Content/Player/BP_Player.uasset'
[2025.11.16-11.42.50:438][271]AssetCheck: New page: Asset Save: BP_Player
[2025.11.16-11.42.50:438][271]LogContentValidation: Display: Validating Blueprint /Game/Player/BP_Player.BP_Player
[2025.11.16-11.42.52:697][391]Cmd: OBJ SAVEPACKAGE PACKAGE="/Game/Levels/Main" FILE="../../../../../../Git/Saf/GameUniHack/PixelPerfect/Content/Levels/Main.umap" SILENT=true AUTOSAVING=false KEEPDIRTY=false
[2025.11.16-11.42.52:739][391]LogUObjectHash: Compacting FUObjectHashTables data took   2.43ms
[2025.11.16-11.42.52:779][391]LogSavePackage: Moving '../../../../../../Git/Saf/GameUniHack/PixelPerfect/Saved/Main597B67FA412ADDA5EB36C9B545B95E7B.tmp' to '../../../../../../Git/Saf/GameUniHack/PixelPerfect/Content/Levels/Main.umap'
[2025.11.16-11.42.52:823][391]AssetCheck: New page: Asset Save: Main
[2025.11.16-11.42.52:823][391]LogContentValidation: Display: Validating World /Game/Levels/Main.Main
[2025.11.16-11.42.53:556][435]LogTemp: Repeating last play command: Selected Viewport
[2025.11.16-11.42.53:579][435]LogPlayLevel: PlayLevel: No blueprints needed recompiling
[2025.11.16-11.42.53:579][435]PIE: New page: PIE session: Main (Nov 16, 2025, 3:42:53 PM)
[2025.11.16-11.42.53:604][435]LogPlayLevel: Creating play world package: /Game/Levels/UEDPIE_0_Main
[2025.11.16-11.42.53:611][435]LogPlayLevel: PIE: StaticDuplicateObject took: (0.006320s)
[2025.11.16-11.42.53:612][435]LogAIModule: Creating AISystem for world Main
[2025.11.16-11.42.53:612][435]LogAISub: UAISubsystem::UAISubsystem EnvQueryManager (00000221BAA74E00), frame # 212435
[2025.11.16-11.42.53:612][435]LogAISub: UAISubsystem::UAISubsystem AIPerceptionSystem (000002211E032340), frame # 212435
[2025.11.16-11.42.53:612][435]LogPlayLevel: PIE: World Init took: (0.000932s)
[2025.11.16-11.42.53:612][435]LogPlayLevel: PIE: Created PIE world by copying editor world from /Game/Levels/Main.Main to /Game/Levels/UEDPIE_0_Main.Main (0.007532s)
[2025.11.16-11.42.53:657][435]LogUObjectHash: Compacting FUObjectHashTables data took   2.21ms
[2025.11.16-11.42.53:658][435]LogAudioMixer: Display: Audio Mixer Platform Settings:
[2025.11.16-11.42.53:658][435]LogAudioMixer: Display: 	Sample Rate:						  48000
[2025.11.16-11.42.53:658][435]LogAudioMixer: Display: 	Callback Buffer Frame Size Requested: 1024
[2025.11.16-11.42.53:658][435]LogAudioMixer: Display: 	Callback Buffer Frame Size To Use:	  1024
[2025.11.16-11.42.53:658][435]LogAudioMixer: Display: 	Number of buffers to queue:			  2
[2025.11.16-11.42.53:658][435]LogAudioMixer: Display: 	Max Channels (voices):				  32
[2025.11.16-11.42.53:658][435]LogAudioMixer: Display: 	Number of Async Source Workers:		  0
[2025.11.16-11.42.53:658][435]LogAudio: Display: AudioDevice MaxSources: 32
[2025.11.16-11.42.53:659][435]LogAudio: Display: Using built-in audio occlusion.
[2025.11.16-11.42.53:659][435]LogAudioMixer: Display: Initializing audio mixer.
[2025.11.16-11.42.53:662][435]LogAudioMixer: Display: 0: FrontLeft
[2025.11.16-11.42.53:662][435]LogAudioMixer: Display: 1: FrontRight
[2025.11.16-11.42.53:675][435]LogAudioMixer: Display: Using Audio Device FxSound Speakers (FxSound Audio Enhancer)
[2025.11.16-11.42.53:676][435]LogAudioMixer: Display: Initializing Sound Submixes...
[2025.11.16-11.42.53:676][435]LogAudioMixer: Display: Creating Master Submix 'MasterSubmixDefault'
[2025.11.16-11.42.53:676][435]LogAudioMixer: Display: Creating Master Submix 'MasterReverbSubmixDefault'
[2025.11.16-11.42.53:676][435]LogAudioMixer: Display: Creating Master Submix 'MasterEQSubmixDefault'
[2025.11.16-11.42.53:693][435]LogInit: FAudioDevice initialized.
[2025.11.16-11.42.53:699][435]LogLoad: Game class is 'PlayerGameModeBase_C'
[2025.11.16-11.42.53:702][435]LogWorld: Bringing World /Game/Levels/UEDPIE_0_Main.Main up for play (max tick rate 60) at 2025.11.16-13.42.53
[2025.11.16-11.42.53:703][435]LogWorld: Bringing up level for play took: 0.002108
[2025.11.16-11.42.53:704][435]LogOnline: OSS: Creating online subsystem instance for: :Context_99
[2025.11.16-11.42.53:707][435]PIE: Server logged in
[2025.11.16-11.42.53:708][435]PIE: Play in editor total start time 0.131 seconds.
[2025.11.16-11.43.03:786][ 36]LogSlate: Updating window title bar state: overlay mode, drag disabled, window buttons hidden, title bar hidden
[2025.11.16-11.43.03:786][ 36]LogWorld: BeginTearingDown for /Game/Levels/UEDPIE_0_Main
[2025.11.16-11.43.03:786][ 36]LogWorld: UWorld::CleanupWorld for Main, bSessionEnded=true, bCleanupResources=true
[2025.11.16-11.43.03:787][ 36]LogSlate: InvalidateAllWidgets triggered.  All widgets were invalidated
[2025.11.16-11.43.03:806][ 36]LogPlayLevel: Display: Shutting down PIE online subsystems
[2025.11.16-11.43.03:812][ 36]LogSlate: InvalidateAllWidgets triggered.  All widgets were invalidated
[2025.11.16-11.43.03:892][ 36]LogSlate: Updating window title bar state: overlay mode, drag disabled, window buttons hidden, title bar hidden
[2025.11.16-11.43.03:893][ 36]LogAISub: UAISubsystem::~UAISubsystem AIPerceptionSystem (000002211E032340), frame # 213036
[2025.11.16-11.43.03:894][ 36]LogAISub: UAISubsystem::~UAISubsystem EnvQueryManager (00000221BAA74E00), frame # 213036
[2025.11.16-11.43.03:896][ 36]LogUObjectHash: Compacting FUObjectHashTables data took   1.98ms
[2025.11.16-11.43.03:929][ 37]LogPlayLevel: Display: Destroying online subsystem :Context_99
[2025.11.16-11.43.09:249][319]BlueprintLog: New page: Compile BP_Player
[2025.11.16-11.43.09:346][319]LogUObjectHash: Compacting FUObjectHashTables data took   2.35ms
[2025.11.16-11.43.09:359][319]LogSkeletalMesh: USkeletalMeshComponent::InitArticulated : Could not find root physics body: '/Game/Levels/Main.Main:PersistentLevel.Phone_2.CharacterMesh0'
[2025.11.16-11.43.09:359][319]LogSkeletalMesh: USkeletalMeshComponent::InitArticulated : Could not find root physics body: '/Game/Levels/Main.Main:PersistentLevel.Phone2_2.CharacterMesh0'
[2025.11.16-11.43.09:371][319]LogSkeletalMesh: USkeletalMeshComponent::InitArticulated : Could not find root physics body: '/Game/Levels/Main.Main:PersistentLevel.Phone_2.CharacterMesh0'
[2025.11.16-11.43.09:371][319]LogSkeletalMesh: USkeletalMeshComponent::InitArticulated : Could not find root physics body: '/Game/Levels/Main.Main:PersistentLevel.Phone2_2.CharacterMesh0'
[2025.11.16-11.43.09:626][332]Cmd: OBJ SAVEPACKAGE PACKAGE="/Game/Player/BP_Player" FILE="../../../../../../Git/Saf/GameUniHack/PixelPerfect/Content/Player/BP_Player.uasset" SILENT=true
[2025.11.16-11.43.09:672][332]LogSavePackage: Moving '../../../../../../Git/Saf/GameUniHack/PixelPerfect/Saved/BP_Player778AE83B44BD0BE413BB87820A9BFBC0.tmp' to '../../../../../../Git/Saf/GameUniHack/PixelPerfect/Content/Player/BP_Player.uasset'
[2025.11.16-11.43.09:687][332]AssetCheck: New page: Asset Save: BP_Player
[2025.11.16-11.43.09:687][332]LogContentValidation: Display: Validating Blueprint /Game/Player/BP_Player.BP_Player
[2025.11.16-11.43.09:915][344]Cmd: OBJ SAVEPACKAGE PACKAGE="/Game/Player/BP_Player" FILE="../../../../../../Git/Saf/GameUniHack/PixelPerfect/Content/Player/BP_Player.uasset" SILENT=true
[2025.11.16-11.43.09:969][344]LogSavePackage: Moving '../../../../../../Git/Saf/GameUniHack/PixelPerfect/Saved/BP_Player3CF10BF64AEC2F848012989B7B19F4F4.tmp' to '../../../../../../Git/Saf/GameUniHack/PixelPerfect/Content/Player/BP_Player.uasset'
[2025.11.16-11.43.09:992][344]AssetCheck: New page: Asset Save: BP_Player
[2025.11.16-11.43.09:992][344]LogContentValidation: Display: Validating Blueprint /Game/Player/BP_Player.BP_Player
[2025.11.16-11.43.10:862][390]Cmd: OBJ SAVEPACKAGE PACKAGE="/Game/Levels/Main" FILE="../../../../../../Git/Saf/GameUniHack/PixelPerfect/Content/Levels/Main.umap" SILENT=true AUTOSAVING=false KEEPDIRTY=false
[2025.11.16-11.43.10:908][390]LogUObjectHash: Compacting FUObjectHashTables data took   2.53ms
[2025.11.16-11.43.10:949][390]LogSavePackage: Moving '../../../../../../Git/Saf/GameUniHack/PixelPerfect/Saved/MainC2EC7C3644B01639D1C06A9DC699C05D.tmp' to '../../../../../../Git/Saf/GameUniHack/PixelPerfect/Content/Levels/Main.umap'
[2025.11.16-11.43.10:986][390]AssetCheck: New page: Asset Save: Main
[2025.11.16-11.43.10:986][390]LogContentValidation: Display: Validating World /Game/Levels/Main.Main
[2025.11.16-11.43.11:255][406]LogTemp: Repeating last play command: Selected Viewport
[2025.11.16-11.43.11:271][406]LogPlayLevel: PlayLevel: No blueprints needed recompiling
[2025.11.16-11.43.11:271][406]PIE: New page: PIE session: Main (Nov 16, 2025, 3:43:11 PM)
[2025.11.16-11.43.11:271][406]LogPlayLevel: Creating play world package: /Game/Levels/UEDPIE_0_Main
[2025.11.16-11.43.11:276][406]LogPlayLevel: PIE: StaticDuplicateObject took: (0.005821s)
[2025.11.16-11.43.11:277][406]LogAIModule: Creating AISystem for world Main
[2025.11.16-11.43.11:277][406]LogAISub: UAISubsystem::UAISubsystem EnvQueryManager (00000221E6D7F000), frame # 213406
[2025.11.16-11.43.11:277][406]LogAISub: UAISubsystem::UAISubsystem AIPerceptionSystem (00000221E769D800), frame # 213406
[2025.11.16-11.43.11:277][406]LogPlayLevel: PIE: World Init took: (0.001038s)
[2025.11.16-11.43.11:277][406]LogPlayLevel: PIE: Created PIE world by copying editor world from /Game/Levels/Main.Main to /Game/Levels/UEDPIE_0_Main.Main (0.006969s)
[2025.11.16-11.43.11:316][406]LogUObjectHash: Compacting FUObjectHashTables data took   1.83ms
[2025.11.16-11.43.11:317][406]LogAudioMixer: Display: Audio Mixer Platform Settings:
[2025.11.16-11.43.11:317][406]LogAudioMixer: Display: 	Sample Rate:						  48000
[2025.11.16-11.43.11:317][406]LogAudioMixer: Display: 	Callback Buffer Frame Size Requested: 1024
[2025.11.16-11.43.11:317][406]LogAudioMixer: Display: 	Callback Buffer Frame Size To Use:	  1024
[2025.11.16-11.43.11:317][406]LogAudioMixer: Display: 	Number of buffers to queue:			  2
[2025.11.16-11.43.11:317][406]LogAudioMixer: Display: 	Max Channels (voices):				  32
[2025.11.16-11.43.11:317][406]LogAudioMixer: Display: 	Number of Async Source Workers:		  0
[2025.11.16-11.43.11:317][406]LogAudio: Display: AudioDevice MaxSources: 32
[2025.11.16-11.43.11:318][406]LogAudio: Display: Using built-in audio occlusion.
[2025.11.16-11.43.11:318][406]LogAudioMixer: Display: Initializing audio mixer.
[2025.11.16-11.43.11:322][406]LogAudioMixer: Display: 0: FrontLeft
[2025.11.16-11.43.11:322][406]LogAudioMixer: Display: 1: FrontRight
[2025.11.16-11.43.11:332][406]LogAudioMixer: Display: Using Audio Device FxSound Speakers (FxSound Audio Enhancer)
[2025.11.16-11.43.11:332][406]LogAudioMixer: Display: Initializing Sound Submixes...
[2025.11.16-11.43.11:332][406]LogAudioMixer: Display: Creating Master Submix 'MasterSubmixDefault'
[2025.11.16-11.43.11:332][406]LogAudioMixer: Display: Creating Master Submix 'MasterReverbSubmixDefault'
[2025.11.16-11.43.11:333][406]LogAudioMixer: Display: Creating Master Submix 'MasterEQSubmixDefault'
[2025.11.16-11.43.11:347][406]LogInit: FAudioDevice initialized.
[2025.11.16-11.43.11:359][406]LogLoad: Game class is 'PlayerGameModeBase_C'
[2025.11.16-11.43.11:362][406]LogWorld: Bringing World /Game/Levels/UEDPIE_0_Main.Main up for play (max tick rate 60) at 2025.11.16-13.43.11
[2025.11.16-11.43.11:363][406]LogWorld: Bringing up level for play took: 0.002735
[2025.11.16-11.43.11:363][406]LogOnline: OSS: Creating online subsystem instance for: :Context_100
[2025.11.16-11.43.11:367][406]PIE: Server logged in
[2025.11.16-11.43.11:368][406]PIE: Play in editor total start time 0.097 seconds.
[2025.11.16-11.43.15:855][670]LogSlate: Updating window title bar state: overlay mode, drag disabled, window buttons hidden, title bar hidden
[2025.11.16-11.43.15:855][670]LogWorld: BeginTearingDown for /Game/Levels/UEDPIE_0_Main
[2025.11.16-11.43.15:855][670]LogWorld: UWorld::CleanupWorld for Main, bSessionEnded=true, bCleanupResources=true
[2025.11.16-11.43.15:855][670]LogSlate: InvalidateAllWidgets triggered.  All widgets were invalidated
[2025.11.16-11.43.15:871][670]LogPlayLevel: Display: Shutting down PIE online subsystems
[2025.11.16-11.43.15:873][670]LogSlate: InvalidateAllWidgets triggered.  All widgets were invalidated
[2025.11.16-11.43.15:925][670]LogSlate: Updating window title bar state: overlay mode, drag disabled, window buttons hidden, title bar hidden
[2025.11.16-11.43.15:926][670]LogAISub: UAISubsystem::~UAISubsystem AIPerceptionSystem (00000221E769D800), frame # 213670
[2025.11.16-11.43.15:926][670]LogAISub: UAISubsystem::~UAISubsystem EnvQueryManager (00000221E6D7F000), frame # 213670
[2025.11.16-11.43.15:929][670]LogUObjectHash: Compacting FUObjectHashTables data took   2.00ms
[2025.11.16-11.43.15:960][671]LogPlayLevel: Display: Destroying online subsystem :Context_100
[2025.11.16-11.43.24:228][112]BlueprintLog: New page: Compile BP_Player
[2025.11.16-11.43.24:334][112]LogUObjectHash: Compacting FUObjectHashTables data took   2.36ms
[2025.11.16-11.43.24:351][112]LogSkeletalMesh: USkeletalMeshComponent::InitArticulated : Could not find root physics body: '/Game/Levels/Main.Main:PersistentLevel.Phone_2.CharacterMesh0'
[2025.11.16-11.43.24:351][112]LogSkeletalMesh: USkeletalMeshComponent::InitArticulated : Could not find root physics body: '/Game/Levels/Main.Main:PersistentLevel.Phone2_2.CharacterMesh0'
[2025.11.16-11.43.24:364][112]LogSkeletalMesh: USkeletalMeshComponent::InitArticulated : Could not find root physics body: '/Game/Levels/Main.Main:PersistentLevel.Phone_2.CharacterMesh0'
[2025.11.16-11.43.24:364][112]LogSkeletalMesh: USkeletalMeshComponent::InitArticulated : Could not find root physics body: '/Game/Levels/Main.Main:PersistentLevel.Phone2_2.CharacterMesh0'
[2025.11.16-11.43.24:689][127]Cmd: OBJ SAVEPACKAGE PACKAGE="/Game/Player/BP_Player" FILE="../../../../../../Git/Saf/GameUniHack/PixelPerfect/Content/Player/BP_Player.uasset" SILENT=true
[2025.11.16-11.43.24:743][127]LogSavePackage: Moving '../../../../../../Git/Saf/GameUniHack/PixelPerfect/Saved/BP_PlayerE769B74D4A4FDD43E272F1A982A1A1A7.tmp' to '../../../../../../Git/Saf/GameUniHack/PixelPerfect/Content/Player/BP_Player.uasset'
[2025.11.16-11.43.24:767][127]AssetCheck: New page: Asset Save: BP_Player
[2025.11.16-11.43.24:767][127]LogContentValidation: Display: Validating Blueprint /Game/Player/BP_Player.BP_Player
[2025.11.16-11.43.42:092][ 43]BlueprintLog: New page: Compile BP_Player
[2025.11.16-11.43.42:172][ 43]LogUObjectHash: Compacting FUObjectHashTables data took   2.81ms
[2025.11.16-11.43.42:201][ 43]LogSkeletalMesh: USkeletalMeshComponent::InitArticulated : Could not find root physics body: '/Game/Levels/Main.Main:PersistentLevel.Phone_2.CharacterMesh0'
[2025.11.16-11.43.42:201][ 43]LogSkeletalMesh: USkeletalMeshComponent::InitArticulated : Could not find root physics body: '/Game/Levels/Main.Main:PersistentLevel.Phone2_2.CharacterMesh0'
[2025.11.16-11.43.42:215][ 43]LogSkeletalMesh: USkeletalMeshComponent::InitArticulated : Could not find root physics body: '/Game/Levels/Main.Main:PersistentLevel.Phone_2.CharacterMesh0'
[2025.11.16-11.43.42:215][ 43]LogSkeletalMesh: USkeletalMeshComponent::InitArticulated : Could not find root physics body: '/Game/Levels/Main.Main:PersistentLevel.Phone2_2.CharacterMesh0'
[2025.11.16-11.43.42:509][ 55]Cmd: OBJ SAVEPACKAGE PACKAGE="/Game/Player/BP_Player" FILE="../../../../../../Git/Saf/GameUniHack/PixelPerfect/Content/Player/BP_Player.uasset" SILENT=true
[2025.11.16-11.43.42:562][ 55]LogSavePackage: Moving '../../../../../../Git/Saf/GameUniHack/PixelPerfect/Saved/BP_Player68B66C2A44523B2627B8198172953D10.tmp' to '../../../../../../Git/Saf/GameUniHack/PixelPerfect/Content/Player/BP_Player.uasset'
[2025.11.16-11.43.42:587][ 55]AssetCheck: New page: Asset Save: BP_Player
[2025.11.16-11.43.42:587][ 55]LogContentValidation: Display: Validating Blueprint /Game/Player/BP_Player.BP_Player
[2025.11.16-11.43.42:854][ 70]Cmd: OBJ SAVEPACKAGE PACKAGE="/Game/Player/BP_Player" FILE="../../../../../../Git/Saf/GameUniHack/PixelPerfect/Content/Player/BP_Player.uasset" SILENT=true
[2025.11.16-11.43.42:919][ 70]LogSavePackage: Moving '../../../../../../Git/Saf/GameUniHack/PixelPerfect/Saved/BP_Player7D428B8A4D4A247757460CAC813416AC.tmp' to '../../../../../../Git/Saf/GameUniHack/PixelPerfect/Content/Player/BP_Player.uasset'
[2025.11.16-11.43.42:962][ 70]AssetCheck: New page: Asset Save: BP_Player
[2025.11.16-11.43.42:962][ 70]LogContentValidation: Display: Validating Blueprint /Game/Player/BP_Player.BP_Player
[2025.11.16-11.43.43:526][101]Cmd: OBJ SAVEPACKAGE PACKAGE="/Game/Levels/Main" FILE="../../../../../../Git/Saf/GameUniHack/PixelPerfect/Content/Levels/Main.umap" SILENT=true AUTOSAVING=false KEEPDIRTY=false
[2025.11.16-11.43.43:588][101]LogUObjectHash: Compacting FUObjectHashTables data took   2.61ms
[2025.11.16-11.43.43:631][101]LogSavePackage: Moving '../../../../../../Git/Saf/GameUniHack/PixelPerfect/Saved/Main547F3C0643BD980EDE83ADB7BF4AB437.tmp' to '../../../../../../Git/Saf/GameUniHack/PixelPerfect/Content/Levels/Main.umap'
[2025.11.16-11.43.43:672][101]AssetCheck: New page: Asset Save: Main
[2025.11.16-11.43.43:672][101]LogContentValidation: Display: Validating World /Game/Levels/Main.Main
[2025.11.16-11.43.44:455][148]LogTemp: Repeating last play command: Selected Viewport
[2025.11.16-11.43.44:472][148]LogPlayLevel: PlayLevel: No blueprints needed recompiling
[2025.11.16-11.43.44:472][148]PIE: New page: PIE session: Main (Nov 16, 2025, 3:43:44 PM)
[2025.11.16-11.43.44:472][148]LogPlayLevel: Creating play world package: /Game/Levels/UEDPIE_0_Main
[2025.11.16-11.43.44:478][148]LogPlayLevel: PIE: StaticDuplicateObject took: (0.006137s)
[2025.11.16-11.43.44:479][148]LogAIModule: Creating AISystem for world Main
[2025.11.16-11.43.44:479][148]LogAISub: UAISubsystem::UAISubsystem EnvQueryManager (0000022228280200), frame # 215148
[2025.11.16-11.43.44:479][148]LogAISub: UAISubsystem::UAISubsystem AIPerceptionSystem (0000022259572340), frame # 215148
[2025.11.16-11.43.44:479][148]LogPlayLevel: PIE: World Init took: (0.000922s)
[2025.11.16-11.43.44:479][148]LogPlayLevel: PIE: Created PIE world by copying editor world from /Game/Levels/Main.Main to /Game/Levels/UEDPIE_0_Main.Main (0.007170s)
[2025.11.16-11.43.44:529][148]LogUObjectHash: Compacting FUObjectHashTables data took   1.98ms
[2025.11.16-11.43.44:530][148]LogAudioMixer: Display: Audio Mixer Platform Settings:
[2025.11.16-11.43.44:530][148]LogAudioMixer: Display: 	Sample Rate:						  48000
[2025.11.16-11.43.44:530][148]LogAudioMixer: Display: 	Callback Buffer Frame Size Requested: 1024
[2025.11.16-11.43.44:530][148]LogAudioMixer: Display: 	Callback Buffer Frame Size To Use:	  1024
[2025.11.16-11.43.44:530][148]LogAudioMixer: Display: 	Number of buffers to queue:			  2
[2025.11.16-11.43.44:530][148]LogAudioMixer: Display: 	Max Channels (voices):				  32
[2025.11.16-11.43.44:530][148]LogAudioMixer: Display: 	Number of Async Source Workers:		  0
[2025.11.16-11.43.44:530][148]LogAudio: Display: AudioDevice MaxSources: 32
[2025.11.16-11.43.44:531][148]LogAudio: Display: Using built-in audio occlusion.
[2025.11.16-11.43.44:531][148]LogAudioMixer: Display: Initializing audio mixer.
[2025.11.16-11.43.44:533][148]LogAudioMixer: Display: 0: FrontLeft
[2025.11.16-11.43.44:533][148]LogAudioMixer: Display: 1: FrontRight
[2025.11.16-11.43.44:545][148]LogAudioMixer: Display: Using Audio Device FxSound Speakers (FxSound Audio Enhancer)
[2025.11.16-11.43.44:545][148]LogAudioMixer: Display: Initializing Sound Submixes...
[2025.11.16-11.43.44:545][148]LogAudioMixer: Display: Creating Master Submix 'MasterSubmixDefault'
[2025.11.16-11.43.44:545][148]LogAudioMixer: Display: Creating Master Submix 'MasterReverbSubmixDefault'
[2025.11.16-11.43.44:546][148]LogAudioMixer: Display: Creating Master Submix 'MasterEQSubmixDefault'
[2025.11.16-11.43.44:560][148]LogInit: FAudioDevice initialized.
[2025.11.16-11.43.44:566][148]LogLoad: Game class is 'PlayerGameModeBase_C'
[2025.11.16-11.43.44:568][148]LogWorld: Bringing World /Game/Levels/UEDPIE_0_Main.Main up for play (max tick rate 60) at 2025.11.16-13.43.44
[2025.11.16-11.43.44:569][148]LogWorld: Bringing up level for play took: 0.002242
[2025.11.16-11.43.44:569][148]LogOnline: OSS: Creating online subsystem instance for: :Context_101
[2025.11.16-11.43.44:572][148]PIE: Server logged in
[2025.11.16-11.43.44:574][148]PIE: Play in editor total start time 0.103 seconds.
[2025.11.16-11.43.48:806][400]LogSlate: Updating window title bar state: overlay mode, drag disabled, window buttons hidden, title bar hidden
[2025.11.16-11.43.48:806][400]LogWorld: BeginTearingDown for /Game/Levels/UEDPIE_0_Main
[2025.11.16-11.43.48:806][400]LogWorld: UWorld::CleanupWorld for Main, bSessionEnded=true, bCleanupResources=true
[2025.11.16-11.43.48:807][400]LogSlate: InvalidateAllWidgets triggered.  All widgets were invalidated
[2025.11.16-11.43.48:821][400]LogPlayLevel: Display: Shutting down PIE online subsystems
[2025.11.16-11.43.48:825][400]LogSlate: InvalidateAllWidgets triggered.  All widgets were invalidated
[2025.11.16-11.43.48:895][400]LogSlate: Updating window title bar state: overlay mode, drag disabled, window buttons hidden, title bar hidden
[2025.11.16-11.43.48:896][400]LogAISub: UAISubsystem::~UAISubsystem AIPerceptionSystem (0000022259572340), frame # 215400
[2025.11.16-11.43.48:896][400]LogAISub: UAISubsystem::~UAISubsystem EnvQueryManager (0000022228280200), frame # 215400
[2025.11.16-11.43.48:897][400]LogUObjectHash: Compacting FUObjectHashTables data took   1.88ms
[2025.11.16-11.43.48:931][401]LogPlayLevel: Display: Destroying online subsystem :Context_101
[2025.11.16-11.43.59:239][906]BlueprintLog: New page: Compile BP_Player
[2025.11.16-11.43.59:327][906]LogUObjectHash: Compacting FUObjectHashTables data took   2.20ms
[2025.11.16-11.43.59:353][906]LogSkeletalMesh: USkeletalMeshComponent::InitArticulated : Could not find root physics body: '/Game/Levels/Main.Main:PersistentLevel.Phone_2.CharacterMesh0'
[2025.11.16-11.43.59:354][906]LogSkeletalMesh: USkeletalMeshComponent::InitArticulated : Could not find root physics body: '/Game/Levels/Main.Main:PersistentLevel.Phone2_2.CharacterMesh0'
[2025.11.16-11.43.59:367][906]LogSkeletalMesh: USkeletalMeshComponent::InitArticulated : Could not find root physics body: '/Game/Levels/Main.Main:PersistentLevel.Phone_2.CharacterMesh0'
[2025.11.16-11.43.59:367][906]LogSkeletalMesh: USkeletalMeshComponent::InitArticulated : Could not find root physics body: '/Game/Levels/Main.Main:PersistentLevel.Phone2_2.CharacterMesh0'
[2025.11.16-11.43.59:697][919]Cmd: OBJ SAVEPACKAGE PACKAGE="/Game/Player/BP_Player" FILE="../../../../../../Git/Saf/GameUniHack/PixelPerfect/Content/Player/BP_Player.uasset" SILENT=true
[2025.11.16-11.43.59:751][919]LogSavePackage: Moving '../../../../../../Git/Saf/GameUniHack/PixelPerfect/Saved/BP_Player7687FC184BF06BC2828E1BBECA4F198E.tmp' to '../../../../../../Git/Saf/GameUniHack/PixelPerfect/Content/Player/BP_Player.uasset'
[2025.11.16-11.43.59:767][919]AssetCheck: New page: Asset Save: BP_Player
[2025.11.16-11.43.59:767][919]LogContentValidation: Display: Validating Blueprint /Game/Player/BP_Player.BP_Player
[2025.11.16-11.44.00:134][939]Cmd: OBJ SAVEPACKAGE PACKAGE="/Game/Player/BP_Player" FILE="../../../../../../Git/Saf/GameUniHack/PixelPerfect/Content/Player/BP_Player.uasset" SILENT=true
[2025.11.16-11.44.00:198][939]LogSavePackage: Moving '../../../../../../Git/Saf/GameUniHack/PixelPerfect/Saved/BP_Player6E8B89AA4555C7E10B92D788DACBD20B.tmp' to '../../../../../../Git/Saf/GameUniHack/PixelPerfect/Content/Player/BP_Player.uasset'
[2025.11.16-11.44.00:222][939]AssetCheck: New page: Asset Save: BP_Player
[2025.11.16-11.44.00:222][939]LogContentValidation: Display: Validating Blueprint /Game/Player/BP_Player.BP_Player
[2025.11.16-11.44.05:372][210]LogEditorTransaction: Undo Delete current selection
[2025.11.16-11.44.05:421][210]LogMaterial: Display: Missing cached shader map for material MasterMaterial, compiling. 
[2025.11.16-11.44.05:435][210]LogShaderCompilers: Display: Worker (1/9): shaders left to compile 14
[2025.11.16-11.44.05:435][210]LogShaderCompilers: Display: Worker (2/9): shaders left to compile 13
[2025.11.16-11.44.05:435][210]LogShaderCompilers: Display: Worker (3/9): shaders left to compile 12
[2025.11.16-11.44.05:435][210]LogShaderCompilers: Display: Worker (4/9): shaders left to compile 11
[2025.11.16-11.44.05:435][210]LogShaderCompilers: Display: Worker (5/9): shaders left to compile 10
[2025.11.16-11.44.05:435][210]LogShaderCompilers: Display: Worker (6/9): shaders left to compile 9
[2025.11.16-11.44.05:435][210]LogShaderCompilers: Display: Worker (7/9): shaders left to compile 8
[2025.11.16-11.44.05:435][210]LogShaderCompilers: Display: Worker (8/9): shaders left to compile 7
[2025.11.16-11.44.05:438][210]LogMaterial: Display: Missing cached shader map for material FMatExpressionPreview MaterialExpressionVectorParameter_0, compiling. 
[2025.11.16-11.44.05:921][216]LogShaderCompilers: Display: Worker (3/9): shaders left to compile 10
[2025.11.16-11.44.06:088][225]LogShaderCompilers: Display: Worker (2/9): shaders left to compile 9
[2025.11.16-11.44.06:272][231]LogShaderCompilers: Display: Worker (5/9): shaders left to compile 8
[2025.11.16-11.44.06:272][231]LogShaderCompilers: Display: Worker (8/9): shaders left to compile 7
[2025.11.16-11.44.06:419][240]LogShaderCompilers: Display: Worker (2/9): shaders left to compile 6
[2025.11.16-11.44.06:510][243]LogShaderCompilers: Display: Worker (4/9): shaders left to compile 5
[2025.11.16-11.44.06:644][250]LogShaderCompilers: Display: Worker (6/9): shaders left to compile 4
[2025.11.16-11.44.06:644][250]LogShaderCompilers: Display: Worker (1/9): shaders left to compile 3
[2025.11.16-11.44.06:644][250]LogShaderCompilers: Display: Worker (7/9): shaders left to compile 2
[2025.11.16-11.44.06:764][255]LogShaderCompilers: Display: Worker (8/9): shaders left to compile 1
[2025.11.16-11.44.07:346][281]MaterialEditorStats: Base pass shader: 134 instructions
[2025.11.16-11.44.07:346][281]MaterialEditorStats: Base pass shader with Volumetric Lightmap: 208 instructions
[2025.11.16-11.44.07:346][281]MaterialEditorStats: Base pass vertex shader: 45 instructions
[2025.11.16-11.44.07:346][281]MaterialEditorStats: Texture samplers: 3/16
[2025.11.16-11.44.07:346][281]MaterialEditorStats: Texture Lookups (Est.): VS(0), PS(3)
[2025.11.16-11.44.14:343][619]BlueprintLog: New page: Compile BP_Player
[2025.11.16-11.44.14:437][619]LogUObjectHash: Compacting FUObjectHashTables data took   2.62ms
[2025.11.16-11.44.14:465][619]LogSkeletalMesh: USkeletalMeshComponent::InitArticulated : Could not find root physics body: '/Game/Levels/Main.Main:PersistentLevel.Phone_2.CharacterMesh0'
[2025.11.16-11.44.14:466][619]LogSkeletalMesh: USkeletalMeshComponent::InitArticulated : Could not find root physics body: '/Game/Levels/Main.Main:PersistentLevel.Phone2_2.CharacterMesh0'
[2025.11.16-11.44.14:479][619]LogSkeletalMesh: USkeletalMeshComponent::InitArticulated : Could not find root physics body: '/Game/Levels/Main.Main:PersistentLevel.Phone_2.CharacterMesh0'
[2025.11.16-11.44.14:481][619]LogSkeletalMesh: USkeletalMeshComponent::InitArticulated : Could not find root physics body: '/Game/Levels/Main.Main:PersistentLevel.Phone2_2.CharacterMesh0'
[2025.11.16-11.44.14:789][630]Cmd: OBJ SAVEPACKAGE PACKAGE="/Game/Player/BP_Player" FILE="../../../../../../Git/Saf/GameUniHack/PixelPerfect/Content/Player/BP_Player.uasset" SILENT=true
[2025.11.16-11.44.14:841][630]LogSavePackage: Moving '../../../../../../Git/Saf/GameUniHack/PixelPerfect/Saved/BP_PlayerF373F73B4821277BA211158BFA5776B2.tmp' to '../../../../../../Git/Saf/GameUniHack/PixelPerfect/Content/Player/BP_Player.uasset'
[2025.11.16-11.44.14:872][630]AssetCheck: New page: Asset Save: BP_Player
[2025.11.16-11.44.14:872][630]LogContentValidation: Display: Validating Blueprint /Game/Player/BP_Player.BP_Player
[2025.11.16-11.44.15:116][643]Cmd: OBJ SAVEPACKAGE PACKAGE="/Game/Player/BP_Player" FILE="../../../../../../Git/Saf/GameUniHack/PixelPerfect/Content/Player/BP_Player.uasset" SILENT=true
[2025.11.16-11.44.15:167][643]LogSavePackage: Moving '../../../../../../Git/Saf/GameUniHack/PixelPerfect/Saved/BP_Player5617E9D143AF2EB583B81C96A241790F.tmp' to '../../../../../../Git/Saf/GameUniHack/PixelPerfect/Content/Player/BP_Player.uasset'
[2025.11.16-11.44.15:183][643]AssetCheck: New page: Asset Save: BP_Player
[2025.11.16-11.44.15:183][643]LogContentValidation: Display: Validating Blueprint /Game/Player/BP_Player.BP_Player
[2025.11.16-11.44.15:744][673]Cmd: OBJ SAVEPACKAGE PACKAGE="/Game/Levels/Main" FILE="../../../../../../Git/Saf/GameUniHack/PixelPerfect/Content/Levels/Main.umap" SILENT=true AUTOSAVING=false KEEPDIRTY=false
[2025.11.16-11.44.15:802][673]LogUObjectHash: Compacting FUObjectHashTables data took   3.92ms
[2025.11.16-11.44.15:847][673]LogSavePackage: Moving '../../../../../../Git/Saf/GameUniHack/PixelPerfect/Saved/Main066224B54C51DE87A66CDB992B71D2E9.tmp' to '../../../../../../Git/Saf/GameUniHack/PixelPerfect/Content/Levels/Main.umap'
[2025.11.16-11.44.15:892][673]AssetCheck: New page: Asset Save: Main
[2025.11.16-11.44.15:892][673]LogContentValidation: Display: Validating World /Game/Levels/Main.Main
[2025.11.16-11.44.16:863][731]LogTemp: Repeating last play command: Selected Viewport
[2025.11.16-11.44.16:878][731]LogPlayLevel: PlayLevel: No blueprints needed recompiling
[2025.11.16-11.44.16:878][731]PIE: New page: PIE session: Main (Nov 16, 2025, 3:44:16 PM)
[2025.11.16-11.44.16:878][731]LogPlayLevel: Creating play world package: /Game/Levels/UEDPIE_0_Main
[2025.11.16-11.44.16:885][731]LogPlayLevel: PIE: StaticDuplicateObject took: (0.006119s)
[2025.11.16-11.44.16:886][731]LogAIModule: Creating AISystem for world Main
[2025.11.16-11.44.16:886][731]LogAISub: UAISubsystem::UAISubsystem EnvQueryManager (00000222282B0200), frame # 216731
[2025.11.16-11.44.16:886][731]LogAISub: UAISubsystem::UAISubsystem AIPerceptionSystem (000002211BA24E00), frame # 216731
[2025.11.16-11.44.16:886][731]LogPlayLevel: PIE: World Init took: (0.000927s)
[2025.11.16-11.44.16:886][731]LogPlayLevel: PIE: Created PIE world by copying editor world from /Game/Levels/Main.Main to /Game/Levels/UEDPIE_0_Main.Main (0.007148s)
[2025.11.16-11.44.16:925][731]LogUObjectHash: Compacting FUObjectHashTables data took   2.28ms
[2025.11.16-11.44.16:926][731]LogAudioMixer: Display: Audio Mixer Platform Settings:
[2025.11.16-11.44.16:926][731]LogAudioMixer: Display: 	Sample Rate:						  48000
[2025.11.16-11.44.16:926][731]LogAudioMixer: Display: 	Callback Buffer Frame Size Requested: 1024
[2025.11.16-11.44.16:926][731]LogAudioMixer: Display: 	Callback Buffer Frame Size To Use:	  1024
[2025.11.16-11.44.16:926][731]LogAudioMixer: Display: 	Number of buffers to queue:			  2
[2025.11.16-11.44.16:926][731]LogAudioMixer: Display: 	Max Channels (voices):				  32
[2025.11.16-11.44.16:926][731]LogAudioMixer: Display: 	Number of Async Source Workers:		  0
[2025.11.16-11.44.16:926][731]LogAudio: Display: AudioDevice MaxSources: 32
[2025.11.16-11.44.16:927][731]LogAudio: Display: Using built-in audio occlusion.
[2025.11.16-11.44.16:927][731]LogAudioMixer: Display: Initializing audio mixer.
[2025.11.16-11.44.16:930][731]LogAudioMixer: Display: 0: FrontLeft
[2025.11.16-11.44.16:930][731]LogAudioMixer: Display: 1: FrontRight
[2025.11.16-11.44.16:942][731]LogAudioMixer: Display: Using Audio Device FxSound Speakers (FxSound Audio Enhancer)
[2025.11.16-11.44.16:942][731]LogAudioMixer: Display: Initializing Sound Submixes...
[2025.11.16-11.44.16:942][731]LogAudioMixer: Display: Creating Master Submix 'MasterSubmixDefault'
[2025.11.16-11.44.16:942][731]LogAudioMixer: Display: Creating Master Submix 'MasterReverbSubmixDefault'
[2025.11.16-11.44.16:942][731]LogAudioMixer: Display: Creating Master Submix 'MasterEQSubmixDefault'
[2025.11.16-11.44.16:958][731]LogInit: FAudioDevice initialized.
[2025.11.16-11.44.16:963][731]LogLoad: Game class is 'PlayerGameModeBase_C'
[2025.11.16-11.44.16:965][731]LogWorld: Bringing World /Game/Levels/UEDPIE_0_Main.Main up for play (max tick rate 60) at 2025.11.16-13.44.16
[2025.11.16-11.44.16:966][731]LogWorld: Bringing up level for play took: 0.002080
[2025.11.16-11.44.16:966][731]LogOnline: OSS: Creating online subsystem instance for: :Context_102
[2025.11.16-11.44.16:969][731]PIE: Server logged in
[2025.11.16-11.44.16:970][731]PIE: Play in editor total start time 0.092 seconds.
[2025.11.16-11.44.18:625][828]LogSlate: Updating window title bar state: overlay mode, drag disabled, window buttons hidden, title bar hidden
[2025.11.16-11.44.18:625][828]LogWorld: BeginTearingDown for /Game/Levels/UEDPIE_0_Main
[2025.11.16-11.44.18:626][828]LogWorld: UWorld::CleanupWorld for Main, bSessionEnded=true, bCleanupResources=true
[2025.11.16-11.44.18:626][828]LogSlate: InvalidateAllWidgets triggered.  All widgets were invalidated
[2025.11.16-11.44.18:641][828]LogPlayLevel: Display: Shutting down PIE online subsystems
[2025.11.16-11.44.18:645][828]LogSlate: InvalidateAllWidgets triggered.  All widgets were invalidated
[2025.11.16-11.44.18:715][828]LogSlate: Updating window title bar state: overlay mode, drag disabled, window buttons hidden, title bar hidden
[2025.11.16-11.44.18:715][828]LogAISub: UAISubsystem::~UAISubsystem AIPerceptionSystem (000002211BA24E00), frame # 216828
[2025.11.16-11.44.18:716][828]LogAISub: UAISubsystem::~UAISubsystem EnvQueryManager (00000222282B0200), frame # 216828
[2025.11.16-11.44.18:718][828]LogUObjectHash: Compacting FUObjectHashTables data took   1.97ms
[2025.11.16-11.44.18:753][829]LogPlayLevel: Display: Destroying online subsystem :Context_102
[2025.11.16-11.44.27:549][315]Cmd: OBJ SAVEPACKAGE PACKAGE="/Game/Levels/Main" FILE="../../../../../../Git/Saf/GameUniHack/PixelPerfect/Content/Levels/Main.umap" SILENT=true AUTOSAVING=false KEEPDIRTY=false
[2025.11.16-11.44.27:610][315]LogUObjectHash: Compacting FUObjectHashTables data took   3.42ms
[2025.11.16-11.44.27:658][315]LogSavePackage: Moving '../../../../../../Git/Saf/GameUniHack/PixelPerfect/Saved/Main80E5AC4C46E8167F281102A39475E2BF.tmp' to '../../../../../../Git/Saf/GameUniHack/PixelPerfect/Content/Levels/Main.umap'
[2025.11.16-11.44.27:698][315]AssetCheck: New page: Asset Save: Main
[2025.11.16-11.44.27:698][315]LogContentValidation: Display: Validating World /Game/Levels/Main.Main
[2025.11.16-11.44.31:312][520]LogTemp: Repeating last play command: Selected Viewport
[2025.11.16-11.44.31:327][520]LogPlayLevel: PlayLevel: No blueprints needed recompiling
[2025.11.16-11.44.31:327][520]PIE: New page: PIE session: Main (Nov 16, 2025, 3:44:31 PM)
[2025.11.16-11.44.31:328][520]LogPlayLevel: Creating play world package: /Game/Levels/UEDPIE_0_Main
[2025.11.16-11.44.31:334][520]LogPlayLevel: PIE: StaticDuplicateObject took: (0.006312s)
[2025.11.16-11.44.31:335][520]LogAIModule: Creating AISystem for world Main
[2025.11.16-11.44.31:335][520]LogAISub: UAISubsystem::UAISubsystem EnvQueryManager (000002225D571C00), frame # 217520
[2025.11.16-11.44.31:335][520]LogAISub: UAISubsystem::UAISubsystem AIPerceptionSystem (0000022196704680), frame # 217520
[2025.11.16-11.44.31:335][520]LogPlayLevel: PIE: World Init took: (0.001072s)
[2025.11.16-11.44.31:335][520]LogPlayLevel: PIE: Created PIE world by copying editor world from /Game/Levels/Main.Main to /Game/Levels/UEDPIE_0_Main.Main (0.007505s)
[2025.11.16-11.44.31:382][520]LogUObjectHash: Compacting FUObjectHashTables data took   3.79ms
[2025.11.16-11.44.31:384][520]LogAudioMixer: Display: Audio Mixer Platform Settings:
[2025.11.16-11.44.31:384][520]LogAudioMixer: Display: 	Sample Rate:						  48000
[2025.11.16-11.44.31:384][520]LogAudioMixer: Display: 	Callback Buffer Frame Size Requested: 1024
[2025.11.16-11.44.31:384][520]LogAudioMixer: Display: 	Callback Buffer Frame Size To Use:	  1024
[2025.11.16-11.44.31:384][520]LogAudioMixer: Display: 	Number of buffers to queue:			  2
[2025.11.16-11.44.31:384][520]LogAudioMixer: Display: 	Max Channels (voices):				  32
[2025.11.16-11.44.31:385][520]LogAudioMixer: Display: 	Number of Async Source Workers:		  0
[2025.11.16-11.44.31:385][520]LogAudio: Display: AudioDevice MaxSources: 32
[2025.11.16-11.44.31:385][520]LogAudio: Display: Using built-in audio occlusion.
[2025.11.16-11.44.31:385][520]LogAudioMixer: Display: Initializing audio mixer.
[2025.11.16-11.44.31:389][520]LogAudioMixer: Display: 0: FrontLeft
[2025.11.16-11.44.31:389][520]LogAudioMixer: Display: 1: FrontRight
[2025.11.16-11.44.31:402][520]LogAudioMixer: Display: Using Audio Device FxSound Speakers (FxSound Audio Enhancer)
[2025.11.16-11.44.31:402][520]LogAudioMixer: Display: Initializing Sound Submixes...
[2025.11.16-11.44.31:402][520]LogAudioMixer: Display: Creating Master Submix 'MasterSubmixDefault'
[2025.11.16-11.44.31:402][520]LogAudioMixer: Display: Creating Master Submix 'MasterReverbSubmixDefault'
[2025.11.16-11.44.31:403][520]LogAudioMixer: Display: Creating Master Submix 'MasterEQSubmixDefault'
[2025.11.16-11.44.31:418][520]LogInit: FAudioDevice initialized.
[2025.11.16-11.44.31:429][520]LogLoad: Game class is 'PlayerGameModeBase_C'
[2025.11.16-11.44.31:434][520]LogWorld: Bringing World /Game/Levels/UEDPIE_0_Main.Main up for play (max tick rate 60) at 2025.11.16-13.44.31
[2025.11.16-11.44.31:436][520]LogWorld: Bringing up level for play took: 0.004464
[2025.11.16-11.44.31:436][520]LogOnline: OSS: Creating online subsystem instance for: :Context_103
[2025.11.16-11.44.31:441][520]PIE: Server logged in
[2025.11.16-11.44.31:442][520]PIE: Play in editor total start time 0.115 seconds.
[2025.11.16-11.44.36:965][849]LogSlate: Updating window title bar state: overlay mode, drag disabled, window buttons hidden, title bar hidden
[2025.11.16-11.44.36:965][849]LogWorld: BeginTearingDown for /Game/Levels/UEDPIE_0_Main
[2025.11.16-11.44.36:965][849]LogWorld: UWorld::CleanupWorld for Main, bSessionEnded=true, bCleanupResources=true
[2025.11.16-11.44.36:966][849]LogSlate: InvalidateAllWidgets triggered.  All widgets were invalidated
[2025.11.16-11.44.36:983][849]LogPlayLevel: Display: Shutting down PIE online subsystems
[2025.11.16-11.44.36:988][849]LogSlate: InvalidateAllWidgets triggered.  All widgets were invalidated
[2025.11.16-11.44.37:058][849]LogSlate: Updating window title bar state: overlay mode, drag disabled, window buttons hidden, title bar hidden
[2025.11.16-11.44.37:059][849]LogAISub: UAISubsystem::~UAISubsystem AIPerceptionSystem (0000022196704680), frame # 217849
[2025.11.16-11.44.37:059][849]LogAISub: UAISubsystem::~UAISubsystem EnvQueryManager (000002225D571C00), frame # 217849
[2025.11.16-11.44.37:062][849]LogUObjectHash: Compacting FUObjectHashTables data took   2.04ms
[2025.11.16-11.44.37:101][850]LogPlayLevel: Display: Destroying online subsystem :Context_103
[2025.11.16-11.44.41:320][ 66]BlueprintLog: New page: Compile BP_Player
[2025.11.16-11.44.41:424][ 66]LogUObjectHash: Compacting FUObjectHashTables data took   2.19ms
[2025.11.16-11.44.41:453][ 66]LogSkeletalMesh: USkeletalMeshComponent::InitArticulated : Could not find root physics body: '/Game/Levels/Main.Main:PersistentLevel.Phone_2.CharacterMesh0'
[2025.11.16-11.44.41:454][ 66]LogSkeletalMesh: USkeletalMeshComponent::InitArticulated : Could not find root physics body: '/Game/Levels/Main.Main:PersistentLevel.Phone2_2.CharacterMesh0'
[2025.11.16-11.44.41:466][ 66]LogSkeletalMesh: USkeletalMeshComponent::InitArticulated : Could not find root physics body: '/Game/Levels/Main.Main:PersistentLevel.Phone_2.CharacterMesh0'
[2025.11.16-11.44.41:467][ 66]LogSkeletalMesh: USkeletalMeshComponent::InitArticulated : Could not find root physics body: '/Game/Levels/Main.Main:PersistentLevel.Phone2_2.CharacterMesh0'
[2025.11.16-11.44.41:708][ 75]Cmd: OBJ SAVEPACKAGE PACKAGE="/Game/Player/BP_Player" FILE="../../../../../../Git/Saf/GameUniHack/PixelPerfect/Content/Player/BP_Player.uasset" SILENT=true
[2025.11.16-11.44.41:764][ 75]LogSavePackage: Moving '../../../../../../Git/Saf/GameUniHack/PixelPerfect/Saved/BP_Player096988E74672794B8152FE884D1112B8.tmp' to '../../../../../../Git/Saf/GameUniHack/PixelPerfect/Content/Player/BP_Player.uasset'
[2025.11.16-11.44.41:787][ 75]AssetCheck: New page: Asset Save: BP_Player
[2025.11.16-11.44.41:787][ 75]LogContentValidation: Display: Validating Blueprint /Game/Player/BP_Player.BP_Player
[2025.11.16-11.44.42:366][107]Cmd: OBJ SAVEPACKAGE PACKAGE="/Game/Levels/Main" FILE="../../../../../../Git/Saf/GameUniHack/PixelPerfect/Content/Levels/Main.umap" SILENT=true AUTOSAVING=false KEEPDIRTY=false
[2025.11.16-11.44.42:425][107]LogUObjectHash: Compacting FUObjectHashTables data took   5.19ms
[2025.11.16-11.44.42:482][107]LogSavePackage: Moving '../../../../../../Git/Saf/GameUniHack/PixelPerfect/Saved/MainDAB5EA0240A8B6616DD0A496CD3CBDFE.tmp' to '../../../../../../Git/Saf/GameUniHack/PixelPerfect/Content/Levels/Main.umap'
[2025.11.16-11.44.42:519][107]AssetCheck: New page: Asset Save: Main
[2025.11.16-11.44.42:519][107]LogContentValidation: Display: Validating World /Game/Levels/Main.Main
[2025.11.16-11.44.42:749][121]LogTemp: Repeating last play command: Selected Viewport
[2025.11.16-11.44.42:765][121]LogPlayLevel: PlayLevel: No blueprints needed recompiling
[2025.11.16-11.44.42:765][121]PIE: New page: PIE session: Main (Nov 16, 2025, 3:44:42 PM)
[2025.11.16-11.44.42:765][121]LogPlayLevel: Creating play world package: /Game/Levels/UEDPIE_0_Main
[2025.11.16-11.44.42:771][121]LogPlayLevel: PIE: StaticDuplicateObject took: (0.005427s)
[2025.11.16-11.44.42:772][121]LogAIModule: Creating AISystem for world Main
[2025.11.16-11.44.42:772][121]LogAISub: UAISubsystem::UAISubsystem EnvQueryManager (000002223A806000), frame # 218121
[2025.11.16-11.44.42:772][121]LogAISub: UAISubsystem::UAISubsystem AIPerceptionSystem (000002219FEB9440), frame # 218121
[2025.11.16-11.44.42:772][121]LogPlayLevel: PIE: World Init took: (0.001554s)
[2025.11.16-11.44.42:772][121]LogPlayLevel: PIE: Created PIE world by copying editor world from /Game/Levels/Main.Main to /Game/Levels/UEDPIE_0_Main.Main (0.007113s)
[2025.11.16-11.44.42:821][121]LogUObjectHash: Compacting FUObjectHashTables data took   1.94ms
[2025.11.16-11.44.42:822][121]LogAudioMixer: Display: Audio Mixer Platform Settings:
[2025.11.16-11.44.42:822][121]LogAudioMixer: Display: 	Sample Rate:						  48000
[2025.11.16-11.44.42:822][121]LogAudioMixer: Display: 	Callback Buffer Frame Size Requested: 1024
[2025.11.16-11.44.42:822][121]LogAudioMixer: Display: 	Callback Buffer Frame Size To Use:	  1024
[2025.11.16-11.44.42:822][121]LogAudioMixer: Display: 	Number of buffers to queue:			  2
[2025.11.16-11.44.42:822][121]LogAudioMixer: Display: 	Max Channels (voices):				  32
[2025.11.16-11.44.42:822][121]LogAudioMixer: Display: 	Number of Async Source Workers:		  0
[2025.11.16-11.44.42:822][121]LogAudio: Display: AudioDevice MaxSources: 32
[2025.11.16-11.44.42:822][121]LogAudio: Display: Using built-in audio occlusion.
[2025.11.16-11.44.42:822][121]LogAudioMixer: Display: Initializing audio mixer.
[2025.11.16-11.44.42:826][121]LogAudioMixer: Display: 0: FrontLeft
[2025.11.16-11.44.42:826][121]LogAudioMixer: Display: 1: FrontRight
[2025.11.16-11.44.42:836][121]LogAudioMixer: Display: Using Audio Device FxSound Speakers (FxSound Audio Enhancer)
[2025.11.16-11.44.42:836][121]LogAudioMixer: Display: Initializing Sound Submixes...
[2025.11.16-11.44.42:836][121]LogAudioMixer: Display: Creating Master Submix 'MasterSubmixDefault'
[2025.11.16-11.44.42:836][121]LogAudioMixer: Display: Creating Master Submix 'MasterReverbSubmixDefault'
[2025.11.16-11.44.42:837][121]LogAudioMixer: Display: Creating Master Submix 'MasterEQSubmixDefault'
[2025.11.16-11.44.42:852][121]LogInit: FAudioDevice initialized.
[2025.11.16-11.44.42:862][121]LogLoad: Game class is 'PlayerGameModeBase_C'
[2025.11.16-11.44.42:863][121]LogWorld: Bringing World /Game/Levels/UEDPIE_0_Main.Main up for play (max tick rate 60) at 2025.11.16-13.44.42
[2025.11.16-11.44.42:864][121]LogWorld: Bringing up level for play took: 0.002422
[2025.11.16-11.44.42:864][121]LogOnline: OSS: Creating online subsystem instance for: :Context_104
[2025.11.16-11.44.42:867][121]PIE: Server logged in
[2025.11.16-11.44.42:868][121]PIE: Play in editor total start time 0.104 seconds.
[2025.11.16-11.44.46:866][358]LogSlate: Updating window title bar state: overlay mode, drag disabled, window buttons hidden, title bar hidden
[2025.11.16-11.44.46:866][358]LogWorld: BeginTearingDown for /Game/Levels/UEDPIE_0_Main
[2025.11.16-11.44.46:867][358]LogWorld: UWorld::CleanupWorld for Main, bSessionEnded=true, bCleanupResources=true
[2025.11.16-11.44.46:867][358]LogSlate: InvalidateAllWidgets triggered.  All widgets were invalidated
[2025.11.16-11.44.46:889][358]LogPlayLevel: Display: Shutting down PIE online subsystems
[2025.11.16-11.44.46:895][358]LogSlate: InvalidateAllWidgets triggered.  All widgets were invalidated
[2025.11.16-11.44.46:964][358]LogSlate: Updating window title bar state: overlay mode, drag disabled, window buttons hidden, title bar hidden
[2025.11.16-11.44.46:965][358]LogAISub: UAISubsystem::~UAISubsystem AIPerceptionSystem (000002219FEB9440), frame # 218358
[2025.11.16-11.44.46:965][358]LogAISub: UAISubsystem::~UAISubsystem EnvQueryManager (000002223A806000), frame # 218358
[2025.11.16-11.44.46:968][358]LogUObjectHash: Compacting FUObjectHashTables data took   2.08ms
[2025.11.16-11.44.47:003][359]LogPlayLevel: Display: Destroying online subsystem :Context_104
[2025.11.16-11.44.55:175][815]BlueprintLog: New page: Compile BP_Player
[2025.11.16-11.44.55:288][815]LogUObjectHash: Compacting FUObjectHashTables data took   2.12ms
[2025.11.16-11.44.55:316][815]LogSkeletalMesh: USkeletalMeshComponent::InitArticulated : Could not find root physics body: '/Game/Levels/Main.Main:PersistentLevel.Phone_2.CharacterMesh0'
[2025.11.16-11.44.55:317][815]LogSkeletalMesh: USkeletalMeshComponent::InitArticulated : Could not find root physics body: '/Game/Levels/Main.Main:PersistentLevel.Phone2_2.CharacterMesh0'
[2025.11.16-11.44.55:329][815]LogSkeletalMesh: USkeletalMeshComponent::InitArticulated : Could not find root physics body: '/Game/Levels/Main.Main:PersistentLevel.Phone_2.CharacterMesh0'
[2025.11.16-11.44.55:330][815]LogSkeletalMesh: USkeletalMeshComponent::InitArticulated : Could not find root physics body: '/Game/Levels/Main.Main:PersistentLevel.Phone2_2.CharacterMesh0'
[2025.11.16-11.44.56:021][851]Cmd: OBJ SAVEPACKAGE PACKAGE="/Game/Player/BP_Player" FILE="../../../../../../Git/Saf/GameUniHack/PixelPerfect/Content/Player/BP_Player.uasset" SILENT=true
[2025.11.16-11.44.56:072][851]LogSavePackage: Moving '../../../../../../Git/Saf/GameUniHack/PixelPerfect/Saved/BP_Player2861D1564C159986D7F2DD9F8B6C7812.tmp' to '../../../../../../Git/Saf/GameUniHack/PixelPerfect/Content/Player/BP_Player.uasset'
[2025.11.16-11.44.56:094][851]AssetCheck: New page: Asset Save: BP_Player
[2025.11.16-11.44.56:094][851]LogContentValidation: Display: Validating Blueprint /Game/Player/BP_Player.BP_Player
[2025.11.16-11.44.58:650][  0]LogTemp: Repeating last play command: Selected Viewport
[2025.11.16-11.44.58:667][  0]LogPlayLevel: PlayLevel: No blueprints needed recompiling
[2025.11.16-11.44.58:667][  0]PIE: New page: PIE session: Main (Nov 16, 2025, 3:44:58 PM)
[2025.11.16-11.44.58:704][  0]LogPlayLevel: Creating play world package: /Game/Levels/UEDPIE_0_Main
[2025.11.16-11.44.58:716][  0]LogPlayLevel: PIE: StaticDuplicateObject took: (0.011556s)
[2025.11.16-11.44.58:718][  0]LogAIModule: Creating AISystem for world Main
[2025.11.16-11.44.58:718][  0]LogAISub: UAISubsystem::UAISubsystem EnvQueryManager (0000022262ABC800), frame # 219000
[2025.11.16-11.44.58:718][  0]LogAISub: UAISubsystem::UAISubsystem AIPerceptionSystem (00000221BE937D80), frame # 219000
[2025.11.16-11.44.58:718][  0]LogPlayLevel: PIE: World Init took: (0.001741s)
[2025.11.16-11.44.58:718][  0]LogPlayLevel: PIE: Created PIE world by copying editor world from /Game/Levels/Main.Main to /Game/Levels/UEDPIE_0_Main.Main (0.013547s)
[2025.11.16-11.44.58:761][  0]LogUObjectHash: Compacting FUObjectHashTables data took   2.57ms
[2025.11.16-11.44.58:762][  0]LogAudioMixer: Display: Audio Mixer Platform Settings:
[2025.11.16-11.44.58:762][  0]LogAudioMixer: Display: 	Sample Rate:						  48000
[2025.11.16-11.44.58:762][  0]LogAudioMixer: Display: 	Callback Buffer Frame Size Requested: 1024
[2025.11.16-11.44.58:762][  0]LogAudioMixer: Display: 	Callback Buffer Frame Size To Use:	  1024
[2025.11.16-11.44.58:762][  0]LogAudioMixer: Display: 	Number of buffers to queue:			  2
[2025.11.16-11.44.58:762][  0]LogAudioMixer: Display: 	Max Channels (voices):				  32
[2025.11.16-11.44.58:762][  0]LogAudioMixer: Display: 	Number of Async Source Workers:		  0
[2025.11.16-11.44.58:762][  0]LogAudio: Display: AudioDevice MaxSources: 32
[2025.11.16-11.44.58:763][  0]LogAudio: Display: Using built-in audio occlusion.
[2025.11.16-11.44.58:763][  0]LogAudioMixer: Display: Initializing audio mixer.
[2025.11.16-11.44.58:767][  0]LogAudioMixer: Display: 0: FrontLeft
[2025.11.16-11.44.58:767][  0]LogAudioMixer: Display: 1: FrontRight
[2025.11.16-11.44.58:778][  0]LogAudioMixer: Display: Using Audio Device FxSound Speakers (FxSound Audio Enhancer)
[2025.11.16-11.44.58:778][  0]LogAudioMixer: Display: Initializing Sound Submixes...
[2025.11.16-11.44.58:778][  0]LogAudioMixer: Display: Creating Master Submix 'MasterSubmixDefault'
[2025.11.16-11.44.58:778][  0]LogAudioMixer: Display: Creating Master Submix 'MasterReverbSubmixDefault'
[2025.11.16-11.44.58:779][  0]LogAudioMixer: Display: Creating Master Submix 'MasterEQSubmixDefault'
[2025.11.16-11.44.58:792][  0]LogInit: FAudioDevice initialized.
[2025.11.16-11.44.58:798][  0]LogLoad: Game class is 'PlayerGameModeBase_C'
[2025.11.16-11.44.58:800][  0]LogWorld: Bringing World /Game/Levels/UEDPIE_0_Main.Main up for play (max tick rate 60) at 2025.11.16-13.44.58
[2025.11.16-11.44.58:801][  0]LogWorld: Bringing up level for play took: 0.002129
[2025.11.16-11.44.58:801][  0]LogOnline: OSS: Creating online subsystem instance for: :Context_105
[2025.11.16-11.44.58:803][  0]PIE: Server logged in
[2025.11.16-11.44.58:804][  0]PIE: Play in editor total start time 0.138 seconds.
[2025.11.16-11.45.01:285][147]LogSlate: Updating window title bar state: overlay mode, drag disabled, window buttons hidden, title bar hidden
[2025.11.16-11.45.01:285][147]LogWorld: BeginTearingDown for /Game/Levels/UEDPIE_0_Main
[2025.11.16-11.45.01:285][147]LogWorld: UWorld::CleanupWorld for Main, bSessionEnded=true, bCleanupResources=true
[2025.11.16-11.45.01:285][147]LogSlate: InvalidateAllWidgets triggered.  All widgets were invalidated
[2025.11.16-11.45.01:299][147]LogPlayLevel: Display: Shutting down PIE online subsystems
[2025.11.16-11.45.01:302][147]LogSlate: InvalidateAllWidgets triggered.  All widgets were invalidated
[2025.11.16-11.45.01:353][147]LogSlate: Updating window title bar state: overlay mode, drag disabled, window buttons hidden, title bar hidden
[2025.11.16-11.45.01:354][147]LogAISub: UAISubsystem::~UAISubsystem AIPerceptionSystem (00000221BE937D80), frame # 219147
[2025.11.16-11.45.01:354][147]LogAISub: UAISubsystem::~UAISubsystem EnvQueryManager (0000022262ABC800), frame # 219147
[2025.11.16-11.45.01:357][147]LogUObjectHash: Compacting FUObjectHashTables data took   2.27ms
[2025.11.16-11.45.01:389][148]LogPlayLevel: Display: Destroying online subsystem :Context_105
[2025.11.16-11.45.05:921][390]BlueprintLog: New page: Compile BP_Player
[2025.11.16-11.45.06:048][390]LogUObjectHash: Compacting FUObjectHashTables data took   2.23ms
[2025.11.16-11.45.06:076][390]LogSkeletalMesh: USkeletalMeshComponent::InitArticulated : Could not find root physics body: '/Game/Levels/Main.Main:PersistentLevel.Phone_2.CharacterMesh0'
[2025.11.16-11.45.06:076][390]LogSkeletalMesh: USkeletalMeshComponent::InitArticulated : Could not find root physics body: '/Game/Levels/Main.Main:PersistentLevel.Phone2_2.CharacterMesh0'
[2025.11.16-11.45.06:091][390]LogSkeletalMesh: USkeletalMeshComponent::InitArticulated : Could not find root physics body: '/Game/Levels/Main.Main:PersistentLevel.Phone_2.CharacterMesh0'
[2025.11.16-11.45.06:091][390]LogSkeletalMesh: USkeletalMeshComponent::InitArticulated : Could not find root physics body: '/Game/Levels/Main.Main:PersistentLevel.Phone2_2.CharacterMesh0'
[2025.11.16-11.45.06:318][399]Cmd: OBJ SAVEPACKAGE PACKAGE="/Game/Player/BP_Player" FILE="../../../../../../Git/Saf/GameUniHack/PixelPerfect/Content/Player/BP_Player.uasset" SILENT=true
[2025.11.16-11.45.06:373][399]LogSavePackage: Moving '../../../../../../Git/Saf/GameUniHack/PixelPerfect/Saved/BP_PlayerB7246BF9405C31AC0B4CD0AB437885AA.tmp' to '../../../../../../Git/Saf/GameUniHack/PixelPerfect/Content/Player/BP_Player.uasset'
[2025.11.16-11.45.06:394][399]AssetCheck: New page: Asset Save: BP_Player
[2025.11.16-11.45.06:395][399]LogContentValidation: Display: Validating Blueprint /Game/Player/BP_Player.BP_Player
[2025.11.16-11.45.06:499][403]Cmd: OBJ SAVEPACKAGE PACKAGE="/Game/Player/BP_Player" FILE="../../../../../../Git/Saf/GameUniHack/PixelPerfect/Content/Player/BP_Player.uasset" SILENT=true
[2025.11.16-11.45.06:549][403]LogSavePackage: Moving '../../../../../../Git/Saf/GameUniHack/PixelPerfect/Saved/BP_Player74F0BE374351F6FF79CBC49740939217.tmp' to '../../../../../../Git/Saf/GameUniHack/PixelPerfect/Content/Player/BP_Player.uasset'
[2025.11.16-11.45.06:564][403]AssetCheck: New page: Asset Save: BP_Player
[2025.11.16-11.45.06:564][403]LogContentValidation: Display: Validating Blueprint /Game/Player/BP_Player.BP_Player
[2025.11.16-11.45.07:157][433]Cmd: OBJ SAVEPACKAGE PACKAGE="/Game/Levels/Main" FILE="../../../../../../Git/Saf/GameUniHack/PixelPerfect/Content/Levels/Main.umap" SILENT=true AUTOSAVING=false KEEPDIRTY=false
[2025.11.16-11.45.07:206][433]LogUObjectHash: Compacting FUObjectHashTables data took   3.84ms
[2025.11.16-11.45.07:256][433]LogSavePackage: Moving '../../../../../../Git/Saf/GameUniHack/PixelPerfect/Saved/Main2AB1997B45D86A715C46CDA95175377F.tmp' to '../../../../../../Git/Saf/GameUniHack/PixelPerfect/Content/Levels/Main.umap'
[2025.11.16-11.45.07:326][433]AssetCheck: New page: Asset Save: Main
[2025.11.16-11.45.07:326][433]LogContentValidation: Display: Validating World /Game/Levels/Main.Main
[2025.11.16-11.45.07:562][447]LogTemp: Repeating last play command: Selected Viewport
[2025.11.16-11.45.07:595][447]LogPlayLevel: PlayLevel: No blueprints needed recompiling
[2025.11.16-11.45.07:596][447]PIE: New page: PIE session: Main (Nov 16, 2025, 3:45:07 PM)
[2025.11.16-11.45.07:596][447]LogPlayLevel: Creating play world package: /Game/Levels/UEDPIE_0_Main
[2025.11.16-11.45.07:604][447]LogPlayLevel: PIE: StaticDuplicateObject took: (0.008438s)
[2025.11.16-11.45.07:605][447]LogAIModule: Creating AISystem for world Main
[2025.11.16-11.45.07:605][447]LogAISub: UAISubsystem::UAISubsystem EnvQueryManager (00000221B9F26200), frame # 219447
[2025.11.16-11.45.07:605][447]LogAISub: UAISubsystem::UAISubsystem AIPerceptionSystem (00000221A29E7B00), frame # 219447
[2025.11.16-11.45.07:606][447]LogPlayLevel: PIE: World Init took: (0.001214s)
[2025.11.16-11.45.07:606][447]LogPlayLevel: PIE: Created PIE world by copying editor world from /Game/Levels/Main.Main to /Game/Levels/UEDPIE_0_Main.Main (0.009804s)
[2025.11.16-11.45.07:649][447]LogUObjectHash: Compacting FUObjectHashTables data took   2.86ms
[2025.11.16-11.45.07:650][447]LogAudioMixer: Display: Audio Mixer Platform Settings:
[2025.11.16-11.45.07:650][447]LogAudioMixer: Display: 	Sample Rate:						  48000
[2025.11.16-11.45.07:650][447]LogAudioMixer: Display: 	Callback Buffer Frame Size Requested: 1024
[2025.11.16-11.45.07:650][447]LogAudioMixer: Display: 	Callback Buffer Frame Size To Use:	  1024
[2025.11.16-11.45.07:650][447]LogAudioMixer: Display: 	Number of buffers to queue:			  2
[2025.11.16-11.45.07:650][447]LogAudioMixer: Display: 	Max Channels (voices):				  32
[2025.11.16-11.45.07:650][447]LogAudioMixer: Display: 	Number of Async Source Workers:		  0
[2025.11.16-11.45.07:650][447]LogAudio: Display: AudioDevice MaxSources: 32
[2025.11.16-11.45.07:651][447]LogAudio: Display: Using built-in audio occlusion.
[2025.11.16-11.45.07:651][447]LogAudioMixer: Display: Initializing audio mixer.
[2025.11.16-11.45.07:654][447]LogAudioMixer: Display: 0: FrontLeft
[2025.11.16-11.45.07:654][447]LogAudioMixer: Display: 1: FrontRight
[2025.11.16-11.45.07:664][447]LogAudioMixer: Display: Using Audio Device FxSound Speakers (FxSound Audio Enhancer)
[2025.11.16-11.45.07:665][447]LogAudioMixer: Display: Initializing Sound Submixes...
[2025.11.16-11.45.07:665][447]LogAudioMixer: Display: Creating Master Submix 'MasterSubmixDefault'
[2025.11.16-11.45.07:665][447]LogAudioMixer: Display: Creating Master Submix 'MasterReverbSubmixDefault'
[2025.11.16-11.45.07:665][447]LogAudioMixer: Display: Creating Master Submix 'MasterEQSubmixDefault'
[2025.11.16-11.45.07:692][447]LogInit: FAudioDevice initialized.
[2025.11.16-11.45.07:706][447]LogLoad: Game class is 'PlayerGameModeBase_C'
[2025.11.16-11.45.07:709][447]LogWorld: Bringing World /Game/Levels/UEDPIE_0_Main.Main up for play (max tick rate 60) at 2025.11.16-13.45.07
[2025.11.16-11.45.07:711][447]LogWorld: Bringing up level for play took: 0.003278
[2025.11.16-11.45.07:711][447]LogOnline: OSS: Creating online subsystem instance for: :Context_106
[2025.11.16-11.45.07:716][447]PIE: Server logged in
[2025.11.16-11.45.07:718][447]PIE: Play in editor total start time 0.125 seconds.
[2025.11.16-11.45.08:646][500]LogSlate: Updating window title bar state: overlay mode, drag disabled, window buttons hidden, title bar hidden
[2025.11.16-11.45.08:646][500]LogWorld: BeginTearingDown for /Game/Levels/UEDPIE_0_Main
[2025.11.16-11.45.08:646][500]LogWorld: UWorld::CleanupWorld for Main, bSessionEnded=true, bCleanupResources=true
[2025.11.16-11.45.08:647][500]LogSlate: InvalidateAllWidgets triggered.  All widgets were invalidated
[2025.11.16-11.45.08:669][500]LogPlayLevel: Display: Shutting down PIE online subsystems
[2025.11.16-11.45.08:674][500]LogSlate: InvalidateAllWidgets triggered.  All widgets were invalidated
[2025.11.16-11.45.08:743][500]LogSlate: Updating window title bar state: overlay mode, drag disabled, window buttons hidden, title bar hidden
[2025.11.16-11.45.08:744][500]LogAISub: UAISubsystem::~UAISubsystem AIPerceptionSystem (00000221A29E7B00), frame # 219500
[2025.11.16-11.45.08:744][500]LogAISub: UAISubsystem::~UAISubsystem EnvQueryManager (00000221B9F26200), frame # 219500
[2025.11.16-11.45.08:747][500]LogUObjectHash: Compacting FUObjectHashTables data took   2.44ms
[2025.11.16-11.45.08:780][501]LogPlayLevel: Display: Destroying online subsystem :Context_106
[2025.11.16-11.45.14:126][810]Cmd: EDIT CUT
[2025.11.16-11.45.14:132][810]LogEditorActor: Deleted Actor: ye_C
[2025.11.16-11.45.14:191][810]LogUObjectHash: Compacting FUObjectHashTables data took   2.05ms
[2025.11.16-11.45.14:192][810]LogEditorActor: Deleted 1 Actors (0.063 secs)
[2025.11.16-11.45.14:512][827]Cmd: OBJ SAVEPACKAGE PACKAGE="/Game/Levels/Main" FILE="../../../../../../Git/Saf/GameUniHack/PixelPerfect/Content/Levels/Main.umap" SILENT=true AUTOSAVING=false KEEPDIRTY=false
[2025.11.16-11.45.14:557][827]LogUObjectHash: Compacting FUObjectHashTables data took   0.76ms
[2025.11.16-11.45.14:598][827]LogSavePackage: Moving '../../../../../../Git/Saf/GameUniHack/PixelPerfect/Saved/Main49B732D948E8BC3AB57C7386C0BA669F.tmp' to '../../../../../../Git/Saf/GameUniHack/PixelPerfect/Content/Levels/Main.umap'
[2025.11.16-11.45.14:638][827]AssetCheck: New page: Asset Save: Main
[2025.11.16-11.45.14:638][827]LogContentValidation: Display: Validating World /Game/Levels/Main.Main
[2025.11.16-11.45.15:139][857]LogTemp: Repeating last play command: Selected Viewport
[2025.11.16-11.45.15:165][857]LogPlayLevel: PlayLevel: No blueprints needed recompiling
[2025.11.16-11.45.15:165][857]PIE: New page: PIE session: Main (Nov 16, 2025, 3:45:15 PM)
[2025.11.16-11.45.15:166][857]LogPlayLevel: Creating play world package: /Game/Levels/UEDPIE_0_Main
[2025.11.16-11.45.15:172][857]LogPlayLevel: PIE: StaticDuplicateObject took: (0.006327s)
[2025.11.16-11.45.15:173][857]LogAIModule: Creating AISystem for world Main
[2025.11.16-11.45.15:173][857]LogAISub: UAISubsystem::UAISubsystem EnvQueryManager (0000022269E68800), frame # 219857
[2025.11.16-11.45.15:173][857]LogAISub: UAISubsystem::UAISubsystem AIPerceptionSystem (00000221A29E7740), frame # 219857
[2025.11.16-11.45.15:174][857]LogPlayLevel: PIE: World Init took: (0.001333s)
[2025.11.16-11.45.15:174][857]LogPlayLevel: PIE: Created PIE world by copying editor world from /Game/Levels/Main.Main to /Game/Levels/UEDPIE_0_Main.Main (0.007844s)
[2025.11.16-11.45.15:217][857]LogUObjectHash: Compacting FUObjectHashTables data took   2.07ms
[2025.11.16-11.45.15:218][857]LogAudioMixer: Display: Audio Mixer Platform Settings:
[2025.11.16-11.45.15:218][857]LogAudioMixer: Display: 	Sample Rate:						  48000
[2025.11.16-11.45.15:218][857]LogAudioMixer: Display: 	Callback Buffer Frame Size Requested: 1024
[2025.11.16-11.45.15:219][857]LogAudioMixer: Display: 	Callback Buffer Frame Size To Use:	  1024
[2025.11.16-11.45.15:219][857]LogAudioMixer: Display: 	Number of buffers to queue:			  2
[2025.11.16-11.45.15:219][857]LogAudioMixer: Display: 	Max Channels (voices):				  32
[2025.11.16-11.45.15:219][857]LogAudioMixer: Display: 	Number of Async Source Workers:		  0
[2025.11.16-11.45.15:219][857]LogAudio: Display: AudioDevice MaxSources: 32
[2025.11.16-11.45.15:219][857]LogAudio: Display: Using built-in audio occlusion.
[2025.11.16-11.45.15:219][857]LogAudioMixer: Display: Initializing audio mixer.
[2025.11.16-11.45.15:222][857]LogAudioMixer: Display: 0: FrontLeft
[2025.11.16-11.45.15:223][857]LogAudioMixer: Display: 1: FrontRight
[2025.11.16-11.45.15:233][857]LogAudioMixer: Display: Using Audio Device FxSound Speakers (FxSound Audio Enhancer)
[2025.11.16-11.45.15:233][857]LogAudioMixer: Display: Initializing Sound Submixes...
[2025.11.16-11.45.15:233][857]LogAudioMixer: Display: Creating Master Submix 'MasterSubmixDefault'
[2025.11.16-11.45.15:233][857]LogAudioMixer: Display: Creating Master Submix 'MasterReverbSubmixDefault'
[2025.11.16-11.45.15:234][857]LogAudioMixer: Display: Creating Master Submix 'MasterEQSubmixDefault'
[2025.11.16-11.45.15:252][857]LogInit: FAudioDevice initialized.
[2025.11.16-11.45.15:264][857]LogLoad: Game class is 'PlayerGameModeBase_C'
[2025.11.16-11.45.15:267][857]LogWorld: Bringing World /Game/Levels/UEDPIE_0_Main.Main up for play (max tick rate 60) at 2025.11.16-13.45.15
[2025.11.16-11.45.15:269][857]LogWorld: Bringing up level for play took: 0.002887
[2025.11.16-11.45.15:269][857]LogOnline: OSS: Creating online subsystem instance for: :Context_107
[2025.11.16-11.45.15:274][857]PIE: Server logged in
[2025.11.16-11.45.15:274][857]PIE: Play in editor total start time 0.112 seconds.
[2025.11.16-11.45.16:425][924]LogSlate: Updating window title bar state: overlay mode, drag disabled, window buttons hidden, title bar hidden
[2025.11.16-11.45.16:425][924]LogWorld: BeginTearingDown for /Game/Levels/UEDPIE_0_Main
[2025.11.16-11.45.16:426][924]LogWorld: UWorld::CleanupWorld for Main, bSessionEnded=true, bCleanupResources=true
[2025.11.16-11.45.16:426][924]LogSlate: InvalidateAllWidgets triggered.  All widgets were invalidated
[2025.11.16-11.45.16:442][924]LogPlayLevel: Display: Shutting down PIE online subsystems
[2025.11.16-11.45.16:446][924]LogSlate: InvalidateAllWidgets triggered.  All widgets were invalidated
[2025.11.16-11.45.16:523][924]LogSlate: Updating window title bar state: overlay mode, drag disabled, window buttons hidden, title bar hidden
[2025.11.16-11.45.16:525][924]LogAISub: UAISubsystem::~UAISubsystem AIPerceptionSystem (00000221A29E7740), frame # 219924
[2025.11.16-11.45.16:525][924]LogAISub: UAISubsystem::~UAISubsystem EnvQueryManager (0000022269E68800), frame # 219924
[2025.11.16-11.45.16:527][924]LogUObjectHash: Compacting FUObjectHashTables data took   2.00ms
[2025.11.16-11.45.16:558][925]LogPlayLevel: Display: Destroying online subsystem :Context_107
[2025.11.16-11.45.18:796][ 54]Cmd: OBJ SAVEPACKAGE PACKAGE="/Game/Levels/Main" FILE="../../../../../../Git/Saf/GameUniHack/PixelPerfect/Content/Levels/Main.umap" SILENT=true AUTOSAVING=false KEEPDIRTY=false
[2025.11.16-11.45.18:842][ 54]LogUObjectHash: Compacting FUObjectHashTables data took   2.04ms
[2025.11.16-11.45.18:884][ 54]LogSavePackage: Moving '../../../../../../Git/Saf/GameUniHack/PixelPerfect/Saved/MainF5AB697144A43210D8E6A19B90136A2D.tmp' to '../../../../../../Git/Saf/GameUniHack/PixelPerfect/Content/Levels/Main.umap'
[2025.11.16-11.45.18:924][ 54]AssetCheck: New page: Asset Save: Main
[2025.11.16-11.45.18:924][ 54]LogContentValidation: Display: Validating World /Game/Levels/Main.Main
[2025.11.16-11.45.33:953][914]Cmd: OBJ SAVEPACKAGE PACKAGE="/Game/Levels/Main" FILE="../../../../../../Git/Saf/GameUniHack/PixelPerfect/Content/Levels/Main.umap" SILENT=true AUTOSAVING=false KEEPDIRTY=false
[2025.11.16-11.45.33:999][914]LogUObjectHash: Compacting FUObjectHashTables data took   1.59ms
[2025.11.16-11.45.34:041][914]LogSavePackage: Moving '../../../../../../Git/Saf/GameUniHack/PixelPerfect/Saved/MainE78249BC406F1F0DA50F48B5A90D1F20.tmp' to '../../../../../../Git/Saf/GameUniHack/PixelPerfect/Content/Levels/Main.umap'
[2025.11.16-11.45.34:090][914]AssetCheck: New page: Asset Save: Main
[2025.11.16-11.45.34:091][914]LogContentValidation: Display: Validating World /Game/Levels/Main.Main
[2025.11.16-11.45.37:186][ 70]Cmd: OBJ SAVEPACKAGE PACKAGE="/Game/Player/BP_Player" FILE="../../../../../../Git/Saf/GameUniHack/PixelPerfect/Content/Player/BP_Player.uasset" SILENT=true
[2025.11.16-11.45.37:250][ 70]LogSavePackage: Moving '../../../../../../Git/Saf/GameUniHack/PixelPerfect/Saved/BP_Player62BD113B4E4D9C06F1C2CFA378016960.tmp' to '../../../../../../Git/Saf/GameUniHack/PixelPerfect/Content/Player/BP_Player.uasset'
[2025.11.16-11.45.37:273][ 70]AssetCheck: New page: Asset Save: BP_Player
[2025.11.16-11.45.37:273][ 70]LogContentValidation: Display: Validating Blueprint /Game/Player/BP_Player.BP_Player
[2025.11.16-11.45.38:522][ 89]LogSlate: Window 'Message' being destroyed
[2025.11.16-11.45.38:536][ 89]Message dialog closed, result: Yes, title: Message, text: Would you like to apply the changes of the modified material to the original material?
/Game/Assets/MasterMaterial.MasterMaterial
(Selecting 'No' will cause all changes to be lost!)
[2025.11.16-11.45.39:195][ 89]LogMaterial: Display: Missing cached shader map for material MasterMaterial, compiling. 
[2025.11.16-11.45.39:253][ 89]LogShaderCompilers: Display: Worker (1/9): shaders left to compile 14
[2025.11.16-11.45.39:253][ 89]LogShaderCompilers: Display: Worker (2/9): shaders left to compile 13
[2025.11.16-11.45.39:253][ 89]LogShaderCompilers: Display: Worker (3/9): shaders left to compile 12
[2025.11.16-11.45.39:253][ 89]LogShaderCompilers: Display: Worker (4/9): shaders left to compile 11
[2025.11.16-11.45.39:253][ 89]LogShaderCompilers: Display: Worker (5/9): shaders left to compile 10
[2025.11.16-11.45.39:253][ 89]LogShaderCompilers: Display: Worker (6/9): shaders left to compile 9
[2025.11.16-11.45.39:253][ 89]LogShaderCompilers: Display: Worker (7/9): shaders left to compile 8
[2025.11.16-11.45.39:253][ 89]LogShaderCompilers: Display: Worker (8/9): shaders left to compile 7
[2025.11.16-11.45.39:278][ 89]LogMaterial: Display: Missing cached shader map for material MasterMaterial, compiling. 
[2025.11.16-11.45.39:343][ 89]LogUObjectHash: Compacting FUObjectHashTables data took   2.33ms
[2025.11.16-11.45.39:352][ 89]LogMaterial: Display: Missing cached shader map for material DebugViewMode MaterialTexCoordScale, compiling. 
[2025.11.16-11.45.39:881][ 89]LogShaderCompilers: Display: Worker (3/9): shaders left to compile 28
[2025.11.16-11.45.39:881][ 89]LogShaderCompilers: Display: Worker (2/9): shaders left to compile 27
[2025.11.16-11.45.39:881][ 89]LogShaderCompilers: Display: Worker (5/9): shaders left to compile 26
[2025.11.16-11.45.39:881][ 89]LogShaderCompilers: Display: Worker (8/9): shaders left to compile 25
[2025.11.16-11.45.40:404][ 89]LogShaderCompilers: Display: Worker (2/9): shaders left to compile 24
[2025.11.16-11.45.40:404][ 89]LogShaderCompilers: Display: Worker (4/9): shaders left to compile 23
[2025.11.16-11.45.40:404][ 89]LogShaderCompilers: Display: Worker (6/9): shaders left to compile 22
[2025.11.16-11.45.40:404][ 89]LogShaderCompilers: Display: Worker (1/9): shaders left to compile 21
[2025.11.16-11.45.40:404][ 89]LogShaderCompilers: Display: Worker (7/9): shaders left to compile 20
[2025.11.16-11.45.40:404][ 89]LogShaderCompilers: Display: Worker (8/9): shaders left to compile 17
[2025.11.16-11.45.40:404][ 89]LogShaderCompilers: Display: Worker (3/9): shaders left to compile 14
[2025.11.16-11.45.40:519][ 89]LogShaderCompilers: Display: Worker (2/9): shaders left to compile 12
[2025.11.16-11.45.40:519][ 89]LogShaderCompilers: Display: Worker (6/9): shaders left to compile 10
[2025.11.16-11.45.40:519][ 89]LogShaderCompilers: Display: Worker (1/9): shaders left to compile 8
[2025.11.16-11.45.40:519][ 89]LogShaderCompilers: Display: Worker (5/9): shaders left to compile 6
[2025.11.16-11.45.40:525][ 89]TextureStreamingBuild: Display: Compiling optional shaders took 1.178 seconds.
[2025.11.16-11.45.40:574][ 89]LogUObjectHash: Compacting FUObjectHashTables data took   1.04ms
[2025.11.16-11.45.40:668][ 89]LogUObjectHash: Compacting FUObjectHashTables data took   1.07ms
[2025.11.16-11.45.40:872][ 89]LogShaderCompilers: Display: Worker (4/9): shaders left to compile 4
[2025.11.16-11.45.41:191][ 89]LogShaderCompilers: Display: Worker (5/9): shaders left to compile 3
[2025.11.16-11.45.41:337][ 89]LogShaderCompilers: Display: Worker (4/9): shaders left to compile 2
[2025.11.16-11.45.41:522][ 89]LogShaderCompilers: Display: Worker (6/9): shaders left to compile 1
[2025.11.16-11.45.41:993][ 89]LogSlate: Window 'Save Content' being destroyed
[2025.11.16-11.45.42:128][ 89]Cmd: OBJ SAVEPACKAGE PACKAGE="/Game/Assets/MasterMaterial" FILE="../../../../../../Git/Saf/GameUniHack/PixelPerfect/Content/Assets/MasterMaterial.uasset" SILENT=true
[2025.11.16-11.45.42:167][ 89]LogSavePackage: Moving '../../../../../../Git/Saf/GameUniHack/PixelPerfect/Saved/MasterMaterialC51F771F47DC8B69C48BF1AB20168B89.tmp' to '../../../../../../Git/Saf/GameUniHack/PixelPerfect/Content/Assets/MasterMaterial.uasset'
[2025.11.16-11.45.42:168][ 89]Cmd: OBJ SAVEPACKAGE PACKAGE="/Game/Assets/Warehouse/Warehouse_Floor" FILE="../../../../../../Git/Saf/GameUniHack/PixelPerfect/Content/Assets/Warehouse/Warehouse_Floor.uasset" SILENT=true
[2025.11.16-11.45.42:200][ 89]LogSavePackage: Moving '../../../../../../Git/Saf/GameUniHack/PixelPerfect/Saved/Warehouse_FloorE7AD897B4384298CEBC73380CBAF1ACF.tmp' to '../../../../../../Git/Saf/GameUniHack/PixelPerfect/Content/Assets/Warehouse/Warehouse_Floor.uasset'
[2025.11.16-11.45.42:201][ 89]Cmd: OBJ SAVEPACKAGE PACKAGE="/Game/Assets/Warehouse/Warehouse_Pipe_Grey" FILE="../../../../../../Git/Saf/GameUniHack/PixelPerfect/Content/Assets/Warehouse/Warehouse_Pipe_Grey.uasset" SILENT=true
[2025.11.16-11.45.42:228][ 89]LogSavePackage: Moving '../../../../../../Git/Saf/GameUniHack/PixelPerfect/Saved/Warehouse_Pipe_Grey7AF55F7A4A194D130171F69C7FAF6E89.tmp' to '../../../../../../Git/Saf/GameUniHack/PixelPerfect/Content/Assets/Warehouse/Warehouse_Pipe_Grey.uasset'
[2025.11.16-11.45.42:231][ 89]Cmd: OBJ SAVEPACKAGE PACKAGE="/Game/Assets/Warehouse/Warehouse_Wall" FILE="../../../../../../Git/Saf/GameUniHack/PixelPerfect/Content/Assets/Warehouse/Warehouse_Wall.uasset" SILENT=true
[2025.11.16-11.45.42:263][ 89]LogSavePackage: Moving '../../../../../../Git/Saf/GameUniHack/PixelPerfect/Saved/Warehouse_WallB5499F7F484A6D79AA15BCB8AB63D074.tmp' to '../../../../../../Git/Saf/GameUniHack/PixelPerfect/Content/Assets/Warehouse/Warehouse_Wall.uasset'
[2025.11.16-11.45.42:265][ 89]Cmd: OBJ SAVEPACKAGE PACKAGE="/Game/Cameras/TopDownCamera" FILE="../../../../../../Git/Saf/GameUniHack/PixelPerfect/Content/Cameras/TopDownCamera.uasset" SILENT=true
[2025.11.16-11.45.42:319][ 89]LogSavePackage: Moving '../../../../../../Git/Saf/GameUniHack/PixelPerfect/Saved/TopDownCamera356213D244F42503330255AC23B130F3.tmp' to '../../../../../../Git/Saf/GameUniHack/PixelPerfect/Content/Cameras/TopDownCamera.uasset'
[2025.11.16-11.45.42:342][ 89]Cmd: OBJ SAVEPACKAGE PACKAGE="/Game/Player/Human_PhysicsAsset" FILE="../../../../../../Git/Saf/GameUniHack/PixelPerfect/Content/Player/Human_PhysicsAsset.uasset" SILENT=true
[2025.11.16-11.45.42:357][ 89]LogSavePackage: Moving '../../../../../../Git/Saf/GameUniHack/PixelPerfect/Saved/Human_PhysicsAsset04F694274ADF312FA59615AB33B12436.tmp' to '../../../../../../Git/Saf/GameUniHack/PixelPerfect/Content/Player/Human_PhysicsAsset.uasset'
[2025.11.16-11.45.42:359][ 89]Cmd: OBJ SAVEPACKAGE PACKAGE="/Game/Player/Human_Skeleton" FILE="../../../../../../Git/Saf/GameUniHack/PixelPerfect/Content/Player/Human_Skeleton.uasset" SILENT=true
[2025.11.16-11.45.42:365][ 89]LogSavePackage: Moving '../../../../../../Git/Saf/GameUniHack/PixelPerfect/Saved/Human_SkeletonBF288B894E74EAC14F03E8ABAAB649CF.tmp' to '../../../../../../Git/Saf/GameUniHack/PixelPerfect/Content/Player/Human_Skeleton.uasset'
[2025.11.16-11.45.42:438][ 89]LogWorld: UWorld::CleanupWorld for World_48, bSessionEnded=true, bCleanupResources=true
[2025.11.16-11.45.42:438][ 89]LogSlate: InvalidateAllWidgets triggered.  All widgets were invalidated
[2025.11.16-11.45.42:459][ 89]LogActorComponent: UnregisterComponent: (/Engine/Transient.EditorFloorComp) Not registered. Aborting.
[2025.11.16-11.45.42:459][ 89]LogWorld: UWorld::CleanupWorld for World_53, bSessionEnded=true, bCleanupResources=true
[2025.11.16-11.45.42:459][ 89]LogSlate: InvalidateAllWidgets triggered.  All widgets were invalidated
[2025.11.16-11.45.42:528][ 89]LogActorComponent: UnregisterComponent: (/Engine/Transient.EditorFloorComp) Not registered. Aborting.
[2025.11.16-11.45.42:528][ 89]LogWorld: UWorld::CleanupWorld for World_58, bSessionEnded=true, bCleanupResources=true
[2025.11.16-11.45.42:528][ 89]LogSlate: InvalidateAllWidgets triggered.  All widgets were invalidated
[2025.11.16-11.45.42:605][ 89]LogActorComponent: UnregisterComponent: (/Engine/Transient.EditorFloorComp) Not registered. Aborting.
[2025.11.16-11.45.42:605][ 89]LogWorld: UWorld::CleanupWorld for World_59, bSessionEnded=true, bCleanupResources=true
[2025.11.16-11.45.42:605][ 89]LogSlate: InvalidateAllWidgets triggered.  All widgets were invalidated
[2025.11.16-11.45.42:698][ 89]LogWorld: UWorld::CleanupWorld for World_39, bSessionEnded=true, bCleanupResources=true
[2025.11.16-11.45.42:699][ 89]LogSlate: InvalidateAllWidgets triggered.  All widgets were invalidated
[2025.11.16-11.45.42:719][ 89]LogWorld: UWorld::CleanupWorld for World_38, bSessionEnded=true, bCleanupResources=true
[2025.11.16-11.45.42:719][ 89]LogSlate: InvalidateAllWidgets triggered.  All widgets were invalidated
[2025.11.16-11.45.42:792][ 89]LogActorComponent: UnregisterComponent: (/Engine/Transient.EditorFloorComp) Not registered. Aborting.
[2025.11.16-11.45.42:792][ 89]LogWorld: UWorld::CleanupWorld for World_40, bSessionEnded=true, bCleanupResources=true
[2025.11.16-11.45.42:792][ 89]LogSlate: InvalidateAllWidgets triggered.  All widgets were invalidated
[2025.11.16-11.45.42:903][ 89]LogSlate: Window 'PixelPerfect - Unreal Editor' being destroyed
[2025.11.16-11.45.43:204][ 89]AssetCheck: New page: Asset Save: multiple assets
[2025.11.16-11.45.43:204][ 89]LogContentValidation: Display: Validating Material /Game/Assets/MasterMaterial.MasterMaterial
[2025.11.16-11.45.43:204][ 89]LogContentValidation: Display: Validating MaterialInstanceConstant /Game/Assets/Warehouse/Warehouse_Floor.Warehouse_Floor
[2025.11.16-11.45.43:204][ 89]LogContentValidation: Display: Validating MaterialInstanceConstant /Game/Assets/Warehouse/Warehouse_Pipe_Grey.Warehouse_Pipe_Grey
[2025.11.16-11.45.43:204][ 89]LogContentValidation: Display: Validating MaterialInstanceConstant /Game/Assets/Warehouse/Warehouse_Wall.Warehouse_Wall
[2025.11.16-11.45.43:204][ 89]LogContentValidation: Display: Validating Blueprint /Game/Cameras/TopDownCamera.TopDownCamera
[2025.11.16-11.45.43:204][ 89]LogContentValidation: Display: Validating PhysicsAsset /Game/Player/Human_PhysicsAsset.Human_PhysicsAsset
[2025.11.16-11.45.43:204][ 89]LogContentValidation: Display: Validating Skeleton /Game/Player/Human_Skeleton.Human_Skeleton
[2025.11.16-11.45.43:249][ 90]Cmd: QUIT_EDITOR
[2025.11.16-11.45.43:251][ 90]LogCore: Engine exit requested (reason: UUnrealEdEngine::CloseEditor())
[2025.11.16-11.45.43:285][ 90]LogCore: Engine exit requested (reason: EngineExit() was called; note: exit was already requested)
[2025.11.16-11.45.43:406][ 90]LogWindowsTextInputMethodSystem: Display: IME system now deactivated.
[2025.11.16-11.45.43:434][ 90]LogExit: Preparing to exit.
[2025.11.16-11.45.44:659][ 90]LogWorld: UWorld::CleanupWorld for World_20, bSessionEnded=true, bCleanupResources=true
[2025.11.16-11.45.44:665][ 90]LogWorld: UWorld::CleanupWorld for World_2, bSessionEnded=true, bCleanupResources=true
[2025.11.16-11.45.44:670][ 90]LogWorld: UWorld::CleanupWorld for World_22, bSessionEnded=true, bCleanupResources=true
[2025.11.16-11.45.44:677][ 90]LogWorld: UWorld::CleanupWorld for World_33, bSessionEnded=true, bCleanupResources=true
[2025.11.16-11.45.44:682][ 90]LogWorld: UWorld::CleanupWorld for World_37, bSessionEnded=true, bCleanupResources=true
[2025.11.16-11.45.44:686][ 90]LogWorld: UWorld::CleanupWorld for World_57, bSessionEnded=true, bCleanupResources=true
[2025.11.16-11.45.44:691][ 90]LogWorld: UWorld::CleanupWorld for World_64, bSessionEnded=true, bCleanupResources=true
[2025.11.16-11.45.44:695][ 90]LogWorld: UWorld::CleanupWorld for World_1, bSessionEnded=true, bCleanupResources=true
[2025.11.16-11.45.44:699][ 90]LogWorld: UWorld::CleanupWorld for World_35, bSessionEnded=true, bCleanupResources=true
[2025.11.16-11.45.44:704][ 90]LogWorld: UWorld::CleanupWorld for World_0, bSessionEnded=true, bCleanupResources=true
[2025.11.16-11.45.44:709][ 90]LogWorld: UWorld::CleanupWorld for World_21, bSessionEnded=true, bCleanupResources=true
[2025.11.16-11.45.44:714][ 90]LogWorld: UWorld::CleanupWorld for World_36, bSessionEnded=true, bCleanupResources=true
[2025.11.16-11.45.44:827][ 90]LogDemo: Cleaned up 0 splitscreen connections with owner deletion
[2025.11.16-11.45.44:865][ 90]LogWorld: UWorld::CleanupWorld for None, bSessionEnded=true, bCleanupResources=true
[2025.11.16-11.45.44:866][ 90]LogExit: Editor shut down
[2025.11.16-11.45.44:872][ 90]LogExit: Transaction tracking system shut down
[2025.11.16-11.45.45:236][ 90]LogAISub: UAISubsystem::~UAISubsystem AISubsystem (00000220ACC94380), frame # 221090
[2025.11.16-11.45.45:236][ 90]LogAISub: UAISubsystem::~UAISubsystem AIPerceptionSystem (00000220ACBCEAC0), frame # 221090
[2025.11.16-11.45.45:237][ 90]LogAISub: UAISubsystem::~UAISubsystem EnvQueryManager (00000220ACC31E00), frame # 221090
[2025.11.16-11.45.45:320][ 90]LogAISub: UAISubsystem::~UAISubsystem EnvQueryManager (00000220A7A5BE00), frame # 221090
[2025.11.16-11.45.45:320][ 90]LogAISub: UAISubsystem::~UAISubsystem AIPerceptionSystem (00000220A7B2A5C0), frame # 221090
[2025.11.16-11.45.45:560][ 90]LogExit: Object subsystem successfully closed.
[2025.11.16-11.45.45:652][ 90]LogShaderCompilers: Display: Shaders left to compile 0
[2025.11.16-11.45.45:831][ 90]LogModuleManager: Shutting down and abandoning module PhysicsAssetEditor (808)
[2025.11.16-11.45.45:831][ 90]LogModuleManager: Shutting down and abandoning module PinnedCommandList (806)
[2025.11.16-11.45.45:831][ 90]LogModuleManager: Shutting down and abandoning module SkeletonEditor (804)
[2025.11.16-11.45.45:831][ 90]LogModuleManager: Shutting down and abandoning module HierarchicalLODUtilities (802)
[2025.11.16-11.45.45:831][ 90]LogModuleManager: Shutting down and abandoning module StaticMeshEditor (800)
[2025.11.16-11.45.45:831][ 90]LogModuleManager: Shutting down and abandoning module SequencerWidgets (798)
[2025.11.16-11.45.45:831][ 90]LogModuleManager: Shutting down and abandoning module BlueprintGraph (796)
[2025.11.16-11.45.45:831][ 90]LogModuleManager: Shutting down and abandoning module MovieSceneCapture (794)
[2025.11.16-11.45.45:831][ 90]LogModuleManager: Shutting down and abandoning module Voice (792)
[2025.11.16-11.45.45:832][ 90]LogModuleManager: Shutting down and abandoning module HierarchicalLODOutliner (790)
[2025.11.16-11.45.45:832][ 90]LogModuleManager: Shutting down and abandoning module SceneOutliner (788)
[2025.11.16-11.45.45:832][ 90]LogModuleManager: Shutting down and abandoning module AddContentDialog (786)
[2025.11.16-11.45.45:851][ 90]LogModuleManager: Shutting down and abandoning module WidgetCarousel (785)
[2025.11.16-11.45.45:851][ 90]LogModuleManager: Shutting down and abandoning module EditorWidgets (782)
[2025.11.16-11.45.45:851][ 90]LogModuleManager: Shutting down and abandoning module CollectionManager (780)
[2025.11.16-11.45.45:852][ 90]LogModuleManager: Shutting down and abandoning module StatsViewer (778)
[2025.11.16-11.45.45:853][ 90]LogModuleManager: Shutting down and abandoning module VirtualTexturingEditor (776)
[2025.11.16-11.45.45:853][ 90]LogModuleManager: Shutting down and abandoning module FoliageEdit (774)
[2025.11.16-11.45.45:854][ 90]LogModuleManager: Shutting down and abandoning module LandscapeEditor (772)
[2025.11.16-11.45.45:857][ 90]LogModuleManager: Shutting down and abandoning module MeshPaintMode (770)
[2025.11.16-11.45.45:857][ 90]LogModuleManager: Shutting down and abandoning module SceneDepthPickerMode (768)
[2025.11.16-11.45.45:857][ 90]LogModuleManager: Shutting down and abandoning module ActorPickerMode (766)
[2025.11.16-11.45.45:857][ 90]LogModuleManager: Shutting down and abandoning module PIEPreviewDeviceProfileSelector (764)
[2025.11.16-11.45.45:858][ 90]LogModuleManager: Shutting down and abandoning module SequenceRecorderSections (762)
[2025.11.16-11.45.45:858][ 90]LogModuleManager: Shutting down and abandoning module AutomationWorker (760)
[2025.11.16-11.45.45:858][ 90]LogModuleManager: Shutting down and abandoning module SteamVREditor (758)
[2025.11.16-11.45.45:858][ 90]LogModuleManager: Shutting down and abandoning module OculusMR (756)
[2025.11.16-11.45.45:858][ 90]LogModuleManager: Shutting down and abandoning module GooglePADEditor (754)
[2025.11.16-11.45.45:859][ 90]LogModuleManager: Shutting down and abandoning module AudioCaptureEditor (752)
[2025.11.16-11.45.45:859][ 90]LogModuleManager: Shutting down and abandoning module TemplateSequenceEditor (750)
[2025.11.16-11.45.45:860][ 90]LogModuleManager: Shutting down and abandoning module MatineeToLevelSequence (748)
[2025.11.16-11.45.45:860][ 90]LogModuleManager: Shutting down and abandoning module LevelSequenceEditor (746)
[2025.11.16-11.45.45:862][ 90]LogModuleManager: Shutting down and abandoning module ActorSequenceEditor (744)
[2025.11.16-11.45.45:864][ 90]LogModuleManager: Shutting down and abandoning module WmfMediaFactory (742)
[2025.11.16-11.45.45:864][ 90]LogModuleManager: Shutting down and abandoning module WmfMediaEditor (740)
[2025.11.16-11.45.45:864][ 90]LogModuleManager: Shutting down and abandoning module WebMMediaFactory (738)
[2025.11.16-11.45.45:864][ 90]LogModuleManager: Shutting down and abandoning module WebMMediaEditor (736)
[2025.11.16-11.45.45:864][ 90]LogModuleManager: Shutting down and abandoning module WebMMedia (734)
[2025.11.16-11.45.45:864][ 90]LogModuleManager: Shutting down and abandoning module MediaPlayerEditor (732)
[2025.11.16-11.45.45:865][ 90]LogModuleManager: Shutting down and abandoning module MediaCompositingEditor (730)
[2025.11.16-11.45.45:866][ 90]LogModuleManager: Shutting down and abandoning module SequenceRecorder (729)
[2025.11.16-11.45.45:867][ 90]LogModuleManager: Shutting down and abandoning module OpenExrWrapper (726)
[2025.11.16-11.45.45:867][ 90]LogModuleManager: Shutting down and abandoning module ImgMediaFactory (724)
[2025.11.16-11.45.45:867][ 90]LogModuleManager: Shutting down and abandoning module ImgMediaEditor (722)
[2025.11.16-11.45.45:867][ 90]LogModuleManager: Shutting down and abandoning module AvfMediaFactory (720)
[2025.11.16-11.45.45:867][ 90]LogModuleManager: Shutting down and abandoning module AvfMediaEditor (718)
[2025.11.16-11.45.45:867][ 90]LogModuleManager: Shutting down and abandoning module AndroidMediaFactory (716)
[2025.11.16-11.45.45:867][ 90]LogModuleManager: Shutting down and abandoning module AndroidMediaEditor (714)
[2025.11.16-11.45.45:867][ 90]LogModuleManager: Shutting down and abandoning module MagicLeapMediaCodecFactory (712)
[2025.11.16-11.45.45:867][ 90]LogModuleManager: Shutting down and abandoning module MagicLeapMediaFactory (710)
[2025.11.16-11.45.45:867][ 90]LogModuleManager: Shutting down and abandoning module MagicLeapMediaEditor (708)
[2025.11.16-11.45.45:867][ 90]LogModuleManager: Shutting down and abandoning module PlanarCut (706)
[2025.11.16-11.45.45:867][ 90]LogModuleManager: Shutting down and abandoning module CharacterAI (704)
[2025.11.16-11.45.45:867][ 90]LogModuleManager: Shutting down and abandoning module TextureAlignMode (702)
[2025.11.16-11.45.45:867][ 90]LogModuleManager: Shutting down and abandoning module BspMode (700)
[2025.11.16-11.45.45:868][ 90]LogModuleManager: Shutting down and abandoning module PlacementMode (699)
[2025.11.16-11.45.45:869][ 90]LogModuleManager: Shutting down and abandoning module GeometryMode (696)
[2025.11.16-11.45.45:869][ 90]LogModuleManager: Shutting down and abandoning module CameraShakePreviewer (694)
[2025.11.16-11.45.45:869][ 90]LogModuleManager: Shutting down and abandoning module SmartSnapping (692)
[2025.11.16-11.45.45:869][ 90]LogModuleManager: Shutting down and abandoning module SessionServices (690)
[2025.11.16-11.45.45:871][ 90]LogModuleManager: Shutting down and abandoning module MeshPaint (688)
[2025.11.16-11.45.45:871][ 90]LogModuleManager: Shutting down and abandoning module ViewportSnapping (686)
[2025.11.16-11.45.45:871][ 90]LogModuleManager: Shutting down and abandoning module ViewportInteraction (684)
[2025.11.16-11.45.45:871][ 90]LogModuleManager: Shutting down and abandoning module ClothPainter (682)
[2025.11.16-11.45.45:872][ 90]LogModuleManager: Shutting down and abandoning module SkeletalMeshEditor (681)
[2025.11.16-11.45.45:873][ 90]LogModuleManager: Shutting down and abandoning module LogVisualizer (678)
[2025.11.16-11.45.45:875][ 90]LogModuleManager: Shutting down and abandoning module IntroTutorials (676)
[2025.11.16-11.45.45:876][ 90]LogModuleManager: Shutting down and abandoning module GameProjectGeneration (675)
[2025.11.16-11.45.45:877][ 90]LogModuleManager: Shutting down and abandoning module LuminPlatformEditor (672)
[2025.11.16-11.45.45:878][ 90]LogModuleManager: Shutting down and abandoning module IOSPlatformEditor (670)
[2025.11.16-11.45.45:878][ 90]LogModuleManager: Shutting down and abandoning module AndroidPlatformEditor (668)
[2025.11.16-11.45.45:878][ 90]LogModuleManager: Shutting down and abandoning module AndroidDeviceDetection (667)
[2025.11.16-11.45.47:035][ 90]LogModuleManager: Shutting down and abandoning module WindowsPlatformEditor (664)
[2025.11.16-11.45.47:035][ 90]LogModuleManager: Shutting down and abandoning module LuminRuntimeSettings (662)
[2025.11.16-11.45.47:035][ 90]LogModuleManager: Shutting down and abandoning module IOSRuntimeSettings (660)
[2025.11.16-11.45.47:035][ 90]LogModuleManager: Shutting down and abandoning module AndroidRuntimeSettings (658)
[2025.11.16-11.45.47:035][ 90]LogModuleManager: Shutting down and abandoning module TraceInsights (656)
[2025.11.16-11.45.47:039][ 90]LogModuleManager: Shutting down and abandoning module TraceServices (655)
[2025.11.16-11.45.47:040][ 90]LogModuleManager: Shutting down and abandoning module EditorInteractiveToolsFramework (652)
[2025.11.16-11.45.47:040][ 90]LogModuleManager: Shutting down and abandoning module TimeManagementEditor (650)
[2025.11.16-11.45.47:041][ 90]LogModuleManager: Shutting down and abandoning module InputBindingEditor (648)
[2025.11.16-11.45.47:041][ 90]LogModuleManager: Shutting down and abandoning module MergeActors (646)
[2025.11.16-11.45.47:042][ 90]LogModuleManager: Shutting down and abandoning module LocalizationDashboard (644)
[2025.11.16-11.45.47:042][ 90]LogModuleManager: Shutting down and abandoning module LocalizationService (643)
[2025.11.16-11.45.47:043][ 90]LogModuleManager: Shutting down and abandoning module HardwareTargeting (640)
[2025.11.16-11.45.47:043][ 90]LogModuleManager: Shutting down and abandoning module DeviceProfileEditor (638)
[2025.11.16-11.45.47:043][ 90]LogModuleManager: Shutting down and abandoning module UndoHistory (636)
[2025.11.16-11.45.47:043][ 90]LogModuleManager: Shutting down and abandoning module XmlParser (634)
[2025.11.16-11.45.47:043][ 90]LogModuleManager: Shutting down and abandoning module Blutility (632)
[2025.11.16-11.45.47:043][ 90]LogModuleManager: Shutting down and abandoning module ProjectSettingsViewer (630)
[2025.11.16-11.45.47:043][ 90]LogModuleManager: Shutting down and abandoning module ProjectTargetPlatformEditor (629)
[2025.11.16-11.45.47:045][ 90]LogModuleManager: Shutting down and abandoning module EditorSettingsViewer (626)
[2025.11.16-11.45.47:045][ 90]LogModuleManager: Shutting down and abandoning module SettingsEditor (624)
[2025.11.16-11.45.47:046][ 90]LogModuleManager: Shutting down and abandoning module ProjectLauncher (622)
[2025.11.16-11.45.47:047][ 90]LogModuleManager: Shutting down and abandoning module SessionFrontend (620)
[2025.11.16-11.45.47:047][ 90]LogModuleManager: Shutting down and abandoning module ProfilerClient (618)
[2025.11.16-11.45.47:047][ 90]LogModuleManager: Shutting down and abandoning module DeviceManager (616)
[2025.11.16-11.45.47:048][ 90]LogModuleManager: Shutting down and abandoning module TargetDeviceServices (615)
[2025.11.16-11.45.47:084][ 90]LogModuleManager: Shutting down and abandoning module AutomationController (612)
[2025.11.16-11.45.47:084][ 90]LogModuleManager: Shutting down and abandoning module AutomationWindow (610)
[2025.11.16-11.45.47:085][ 90]LogModuleManager: Shutting down and abandoning module Layers (608)
[2025.11.16-11.45.47:086][ 90]LogModuleManager: Shutting down and abandoning module ComponentVisualizers (606)
[2025.11.16-11.45.47:086][ 90]LogModuleManager: Shutting down and abandoning module DetailCustomizations (604)
[2025.11.16-11.45.47:086][ 90]LogModuleManager: Shutting down and abandoning module PackagesDialog (602)
[2025.11.16-11.45.47:086][ 90]LogModuleManager: Shutting down and abandoning module AnimationBlueprintEditor (600)
[2025.11.16-11.45.47:087][ 90]LogModuleManager: Shutting down and abandoning module Persona (598)
[2025.11.16-11.45.47:087][ 90]LogModuleManager: Shutting down and abandoning module AdvancedPreviewScene (597)
[2025.11.16-11.45.47:087][ 90]LogModuleManager: Shutting down and abandoning module AnimGraph (595)
[2025.11.16-11.45.47:088][ 90]LogModuleManager: Shutting down and abandoning module Kismet (592)
[2025.11.16-11.45.47:121][ 90]LogModuleManager: Shutting down and abandoning module KismetWidgets (591)
[2025.11.16-11.45.47:121][ 90]LogModuleManager: Shutting down and abandoning module GraphEditor (588)
[2025.11.16-11.45.47:121][ 90]LogModuleManager: Shutting down and abandoning module StructViewer (586)
[2025.11.16-11.45.47:122][ 90]LogModuleManager: Shutting down and abandoning module ClassViewer (584)
[2025.11.16-11.45.47:123][ 90]LogModuleManager: Shutting down and abandoning module Toolbox (582)
[2025.11.16-11.45.47:124][ 90]LogModuleManager: Shutting down and abandoning module ModuleUI (580)
[2025.11.16-11.45.47:124][ 90]LogModuleManager: Shutting down and abandoning module OutputLog (578)
[2025.11.16-11.45.47:136][ 90]LogModuleManager: Shutting down and abandoning module GammaUI (576)
[2025.11.16-11.45.47:137][ 90]LogModuleManager: Shutting down and abandoning module Documentation (574)
[2025.11.16-11.45.47:140][ 90]LogModuleManager: Shutting down and abandoning module LiveCoding (572)
[2025.11.16-11.45.47:141][ 90]LogModuleManager: Shutting down and abandoning module LevelSequence (570)
[2025.11.16-11.45.47:141][ 90]LogModuleManager: Shutting down and abandoning module MovieSceneTracks (568)
[2025.11.16-11.45.47:141][ 90]LogModuleManager: Shutting down and abandoning module MovieScene (566)
[2025.11.16-11.45.47:142][ 90]LogModuleManager: Shutting down and abandoning module StreamingPauseRendering (564)
[2025.11.16-11.45.47:142][ 90]LogModuleManager: Shutting down and abandoning module LauncherPlatform (562)
[2025.11.16-11.45.47:142][ 90]LogModuleManager: Shutting down and abandoning module AnalyticsET (560)
[2025.11.16-11.45.47:142][ 90]LogModuleManager: Shutting down and abandoning module PortalServices (558)
[2025.11.16-11.45.47:142][ 90]LogModuleManager: Shutting down and abandoning module PortalRpc (556)
[2025.11.16-11.45.47:142][ 90]LogModuleManager: Shutting down and abandoning module MessagingRpc (554)
[2025.11.16-11.45.47:142][ 90]LogModuleManager: Shutting down and abandoning module AudioMixerXAudio2 (552)
[2025.11.16-11.45.47:142][ 90]LogModuleManager: Shutting down and abandoning module AudioMixerCore (551)
[2025.11.16-11.45.47:142][ 90]LogModuleManager: Shutting down and abandoning module AIModule (548)
[2025.11.16-11.45.47:142][ 90]LogModuleManager: Shutting down and abandoning module GameplayDebugger (547)
[2025.11.16-11.45.47:142][ 90]LogModuleManager: Shutting down and abandoning module AITestSuite (545)
[2025.11.16-11.45.47:142][ 90]LogModuleManager: Shutting down and abandoning module NavigationSystem (543)
[2025.11.16-11.45.47:143][ 90]LogModuleManager: Shutting down and abandoning module ProfilerService (540)
[2025.11.16-11.45.47:365][ 90]LogModuleManager: Shutting down and abandoning module TaskGraph (538)
[2025.11.16-11.45.47:365][ 90]LogModuleManager: Shutting down and abandoning module ScreenshotTools (536)
[2025.11.16-11.45.47:365][ 90]LogModuleManager: Shutting down and abandoning module SynthesisEditor (534)
[2025.11.16-11.45.47:365][ 90]LogModuleManager: Shutting down and abandoning module Synthesis (532)
[2025.11.16-11.45.47:366][ 90]LogModuleManager: Shutting down and abandoning module ProceduralMeshComponentEditor (530)
[2025.11.16-11.45.47:366][ 90]LogModuleManager: Shutting down and abandoning module ProceduralMeshComponent (528)
[2025.11.16-11.45.47:366][ 90]LogModuleManager: Shutting down and abandoning module OculusEditor (526)
[2025.11.16-11.45.47:367][ 90]LogModuleManager: Shutting down and abandoning module OculusInput (524)
[2025.11.16-11.45.47:367][ 90]LogModuleManager: Shutting down and abandoning module MobilePatchingUtils (522)
[2025.11.16-11.45.47:367][ 90]LogModuleManager: Shutting down and abandoning module GooglePAD (520)
[2025.11.16-11.45.47:367][ 90]LogModuleManager: Shutting down and abandoning module EditableMesh (518)
[2025.11.16-11.45.47:367][ 90]LogModuleManager: Shutting down and abandoning module CustomMeshComponent (516)
[2025.11.16-11.45.47:367][ 90]LogModuleManager: Shutting down and abandoning module CableComponent (514)
[2025.11.16-11.45.47:367][ 90]LogModuleManager: Shutting down and abandoning module AudioCapture (512)
[2025.11.16-11.45.47:367][ 90]LogModuleManager: Shutting down and abandoning module AudioCaptureRtAudio (511)
[2025.11.16-11.45.47:367][ 90]LogModuleManager: Shutting down and abandoning module AssetTags (508)
[2025.11.16-11.45.47:368][ 90]LogModuleManager: Shutting down and abandoning module ArchVisCharacter (506)
[2025.11.16-11.45.47:368][ 90]LogModuleManager: Shutting down and abandoning module AppleImageUtilsBlueprintSupport (504)
[2025.11.16-11.45.47:368][ 90]LogModuleManager: Shutting down and abandoning module AppleImageUtils (502)
[2025.11.16-11.45.47:368][ 90]LogModuleManager: Shutting down and abandoning module AndroidPermission (500)
[2025.11.16-11.45.47:368][ 90]LogModuleManager: Shutting down and abandoning module NUTUnrealEngine4 (498)
[2025.11.16-11.45.47:368][ 90]LogModuleManager: Shutting down and abandoning module NetcodeUnitTest (496)
[2025.11.16-11.45.47:368][ 90]LogModuleManager: Shutting down and abandoning module TemplateSequence (494)
[2025.11.16-11.45.47:368][ 90]LogModuleManager: Shutting down and abandoning module MovieRenderPipelineEditor (492)
[2025.11.16-11.45.47:369][ 90]LogModuleManager: Shutting down and abandoning module MovieRenderPipelineRenderPasses (490)
[2025.11.16-11.45.47:369][ 90]LogModuleManager: Shutting down and abandoning module MovieRenderPipelineSettings (488)
[2025.11.16-11.45.47:369][ 90]LogModuleManager: Shutting down and abandoning module MovieRenderPipelineCore (486)
[2025.11.16-11.45.47:369][ 90]LogModuleManager: Shutting down and abandoning module ImageWriteQueue (485)
[2025.11.16-11.45.47:389][ 90]LogModuleManager: Shutting down and abandoning module MeshPaintingToolset (482)
[2025.11.16-11.45.47:390][ 90]LogModuleManager: Shutting down and abandoning module MeshPaintEditorMode (480)
[2025.11.16-11.45.47:391][ 90]LogModuleManager: Shutting down and abandoning module MediaCompositing (478)
[2025.11.16-11.45.47:391][ 90]LogModuleManager: Shutting down and abandoning module ImgMedia (476)
[2025.11.16-11.45.47:392][ 90]LogModuleManager: Shutting down and abandoning module MagicLeapSharedWorld (474)
[2025.11.16-11.45.47:392][ 90]LogModuleManager: Shutting down and abandoning module MagicLeapLightEstimation (472)
[2025.11.16-11.45.47:392][ 90]LogModuleManager: Shutting down and abandoning module MagicLeapHelperVulkan (470)
[2025.11.16-11.45.47:392][ 90]LogModuleManager: Shutting down and abandoning module MagicLeapHelperOpenGL (468)
[2025.11.16-11.45.47:392][ 90]LogModuleManager: Shutting down and abandoning module MagicLeapAudio (466)
[2025.11.16-11.45.47:393][ 90]LogModuleManager: Shutting down and abandoning module NiagaraEditorWidgets (464)
[2025.11.16-11.45.47:395][ 90]LogModuleManager: Shutting down and abandoning module MeshSolverUtilities (462)
[2025.11.16-11.45.47:396][ 90]LogModuleManager: Shutting down and abandoning module MeshConversion (460)
[2025.11.16-11.45.47:397][ 90]LogModuleManager: Shutting down and abandoning module DynamicMesh (458)
[2025.11.16-11.45.47:398][ 90]LogModuleManager: Shutting down and abandoning module GeometryAlgorithms (456)
[2025.11.16-11.45.47:398][ 90]LogModuleManager: Shutting down and abandoning module GeometricObjects (454)
[2025.11.16-11.45.47:398][ 90]LogModuleManager: Shutting down and abandoning module GeometryCollectionTracks (452)
[2025.11.16-11.45.47:398][ 90]LogModuleManager: Shutting down and abandoning module GeometryCollectionSequencer (451)
[2025.11.16-11.45.47:398][ 90]LogModuleManager: Shutting down and abandoning module GeometryCollectionEditor (448)
[2025.11.16-11.45.47:399][ 90]LogModuleManager: Shutting down and abandoning module GeometryCacheTracks (446)
[2025.11.16-11.45.47:399][ 90]LogModuleManager: Shutting down and abandoning module GeometryCacheSequencer (444)
[2025.11.16-11.45.47:399][ 90]LogModuleManager: Shutting down and abandoning module ChaosSolverEditor (442)
[2025.11.16-11.45.47:399][ 90]LogModuleManager: Shutting down and abandoning module ChaosNiagara (440)
[2025.11.16-11.45.47:399][ 90]LogModuleManager: Shutting down and abandoning module FractureEditor (438)
[2025.11.16-11.45.47:399][ 90]LogModuleManager: Shutting down and abandoning module ChaosClothEditor (436)
[2025.11.16-11.45.47:399][ 90]LogModuleManager: Shutting down and abandoning module ChaosCloth (434)
[2025.11.16-11.45.47:400][ 90]LogModuleManager: Shutting down and abandoning module BackChannel (432)
[2025.11.16-11.45.47:401][ 90]LogModuleManager: Shutting down and abandoning module AutomationUtilsEditor (430)
[2025.11.16-11.45.47:401][ 90]LogModuleManager: Shutting down and abandoning module AutomationUtils (428)
[2025.11.16-11.45.47:401][ 90]LogModuleManager: Shutting down and abandoning module AlembicImporter (426)
[2025.11.16-11.45.47:401][ 90]LogModuleManager: Shutting down and abandoning module AlembicLibrary (425)
[2025.11.16-11.45.47:401][ 90]LogModuleManager: Shutting down and abandoning module GeometryCache (424)
[2025.11.16-11.45.47:401][ 90]LogModuleManager: Shutting down and abandoning module GeometryCacheEd (423)
[2025.11.16-11.45.47:401][ 90]LogModuleManager: Shutting down and abandoning module VariantManagerContentEditor (418)
[2025.11.16-11.45.47:402][ 90]LogModuleManager: Shutting down and abandoning module DatasmithContentEditor (416)
[2025.11.16-11.45.47:404][ 90]LogModuleManager: Shutting down and abandoning module SpeedTreeImporter (414)
[2025.11.16-11.45.47:404][ 90]LogModuleManager: Shutting down and abandoning module PluginBrowser (412)
[2025.11.16-11.45.47:407][ 90]LogModuleManager: Shutting down and abandoning module MobileLauncherProfileWizard (410)
[2025.11.16-11.45.47:408][ 90]LogModuleManager: Shutting down and abandoning module MaterialAnalyzer (408)
[2025.11.16-11.45.47:409][ 90]LogModuleManager: Shutting down and abandoning module EditorScriptingUtilities (406)
[2025.11.16-11.45.47:410][ 90]LogModuleManager: Shutting down and abandoning module CurveEditorTools (404)
[2025.11.16-11.45.47:410][ 90]LogModuleManager: Shutting down and abandoning module CryptoKeysOpenSSL (402)
[2025.11.16-11.45.47:410][ 90]LogModuleManager: Shutting down and abandoning module CryptoKeys (400)
[2025.11.16-11.45.47:410][ 90]LogModuleManager: Shutting down and abandoning module VisualStudioSourceCodeAccess (398)
[2025.11.16-11.45.47:411][ 90]LogModuleManager: Shutting down and abandoning module VisualStudioCodeSourceCodeAccess (396)
[2025.11.16-11.45.47:411][ 90]LogModuleManager: Shutting down and abandoning module UObjectPlugin (394)
[2025.11.16-11.45.47:411][ 90]LogModuleManager: Shutting down and abandoning module SubversionSourceControl (392)
[2025.11.16-11.45.47:413][ 90]LogModuleManager: Shutting down and abandoning module RiderSourceCodeAccess (390)
[2025.11.16-11.45.47:413][ 90]LogModuleManager: Shutting down and abandoning module PlasticSourceControl (388)
[2025.11.16-11.45.47:415][ 90]LogModuleManager: Shutting down and abandoning module PerforceSourceControl (386)
[2025.11.16-11.45.47:417][ 90]LogModuleManager: Shutting down and abandoning module GitSourceControl (384)
[2025.11.16-11.45.47:418][ 90]LogModuleManager: Shutting down and abandoning module SourceControl (383)
[2025.11.16-11.45.47:418][ 90]LogModuleManager: Shutting down and abandoning module CLionSourceCodeAccess (380)
[2025.11.16-11.45.47:418][ 90]LogModuleManager: Shutting down and abandoning module AnimationSharingEd (378)
[2025.11.16-11.45.47:418][ 90]LogModuleManager: Shutting down and abandoning module ActorLayerUtilitiesEditor (376)
[2025.11.16-11.45.47:419][ 90]LogModuleManager: Shutting down and abandoning module ActorLayerUtilities (374)
[2025.11.16-11.45.47:419][ 90]LogModuleManager: Shutting down and abandoning module LightPropagationVolumeEditor (372)
[2025.11.16-11.45.47:419][ 90]LogModuleManager: Shutting down and abandoning module PaperTiledImporter (370)
[2025.11.16-11.45.47:419][ 90]LogModuleManager: Shutting down and abandoning module PaperSpriteSheetImporter (368)
[2025.11.16-11.45.47:419][ 90]LogModuleManager: Shutting down and abandoning module Paper2DEditor (366)
[2025.11.16-11.45.47:420][ 90]LogModuleManager: Shutting down and abandoning module SoundFields (364)
[2025.11.16-11.45.47:420][ 90]LogModuleManager: Shutting down and abandoning module SignificanceManager (362)
[2025.11.16-11.45.47:420][ 90]LogModuleManager: Shutting down and abandoning module RuntimePhysXCooking (360)
[2025.11.16-11.45.47:420][ 90]LogModuleManager: Shutting down and abandoning module PhysXVehiclesEditor (358)
[2025.11.16-11.45.47:420][ 90]LogModuleManager: Shutting down and abandoning module LocationServicesBPLibrary (354)
[2025.11.16-11.45.47:420][ 90]LogModuleManager: Shutting down and abandoning module ActorSequence (352)
[2025.11.16-11.45.47:420][ 90]LogModuleManager: Shutting down and abandoning module UdpMessaging (350)
[2025.11.16-11.45.47:521][ 90]LogModuleManager: Shutting down and abandoning module TcpMessaging (348)
[2025.11.16-11.45.47:623][ 90]LogModuleManager: Shutting down and abandoning module MagicLeapARPin (346)
[2025.11.16-11.45.47:623][ 90]LogModuleManager: Shutting down and abandoning module MagicLeapHandMeshing (344)
[2025.11.16-11.45.47:623][ 90]LogModuleManager: Shutting down and abandoning module MagicLeapSecureStorage (342)
[2025.11.16-11.45.47:623][ 90]LogModuleManager: Shutting down and abandoning module MagicLeapPrivileges (340)
[2025.11.16-11.45.47:623][ 90]LogModuleManager: Shutting down and abandoning module MagicLeapPlanes (338)
[2025.11.16-11.45.47:623][ 90]LogMagicLeapPlanes: Planes tracker already destroyed.
[2025.11.16-11.45.47:623][ 90]LogModuleManager: Shutting down and abandoning module MagicLeapImageTracker (336)
[2025.11.16-11.45.47:623][ 90]LogModuleManager: Shutting down and abandoning module MagicLeapIdentity (334)
[2025.11.16-11.45.47:623][ 90]LogModuleManager: Shutting down and abandoning module MagicLeapHandTracking (332)
[2025.11.16-11.45.47:624][ 90]LogModuleManager: Shutting down and abandoning module MagicLeapEyeTracker (330)
[2025.11.16-11.45.47:624][ 90]LogModuleManager: Shutting down and abandoning module MagicLeapController (328)
[2025.11.16-11.45.47:625][ 90]LogSlate: Slate User Destroyed.  User Index 0, Is Virtual User: 0
[2025.11.16-11.45.47:626][ 90]LogModuleManager: Shutting down and abandoning module MagicLeapARPinImpl (326)
[2025.11.16-11.45.47:627][ 90]LogModuleManager: Shutting down and abandoning module MagicLeapAR (324)
[2025.11.16-11.45.47:627][ 90]LogModuleManager: Shutting down and abandoning module AugmentedReality (323)
[2025.11.16-11.45.47:627][ 90]LogModuleManager: Shutting down and abandoning module NiagaraAnimNotifies (320)
[2025.11.16-11.45.47:627][ 90]LogModuleManager: Shutting down and abandoning module Niagara (318)
[2025.11.16-11.45.47:628][ 90]LogModuleManager: Shutting down and abandoning module SignalProcessing (317)
[2025.11.16-11.45.47:628][ 90]LogModuleManager: Shutting down and abandoning module NiagaraEditor (315)
[2025.11.16-11.45.47:630][ 90]LogModuleManager: Shutting down and abandoning module NiagaraCore (312)
[2025.11.16-11.45.47:630][ 90]LogModuleManager: Shutting down and abandoning module GameplayTagsEditor (310)
[2025.11.16-11.45.47:630][ 90]LogModuleManager: Shutting down and abandoning module FacialAnimationEditor (308)
[2025.11.16-11.45.47:631][ 90]LogModuleManager: Shutting down and abandoning module FacialAnimation (306)
[2025.11.16-11.45.47:631][ 90]LogModuleManager: Shutting down and abandoning module DataValidation (304)
[2025.11.16-11.45.47:631][ 90]LogModuleManager: Shutting down and abandoning module AssetManagerEditor (302)
[2025.11.16-11.45.47:632][ 90]LogModuleManager: Shutting down and abandoning module LevelEditor (301)
[2025.11.16-11.45.47:634][ 90]LogModuleManager: Shutting down and abandoning module PixelInspectorModule (300)
[2025.11.16-11.45.47:635][ 90]LogModuleManager: Shutting down and abandoning module CommonMenuExtensions (298)
[2025.11.16-11.45.47:636][ 90]LogModuleManager: Shutting down and abandoning module MainFrame (296)
[2025.11.16-11.45.47:636][ 90]LogModuleManager: Shutting down and abandoning module HotReload (295)
[2025.11.16-11.45.47:637][ 90]LogModuleManager: Shutting down and abandoning module ToolMenus (291)
[2025.11.16-11.45.47:637][ 90]LogModuleManager: Shutting down and abandoning module TreeMap (289)
[2025.11.16-11.45.47:637][ 90]LogModuleManager: Shutting down and abandoning module AnimationSharing (286)
[2025.11.16-11.45.47:637][ 90]LogModuleManager: Shutting down and abandoning module LightPropagationVolumeRuntime (284)
[2025.11.16-11.45.47:638][ 90]LogModuleManager: Shutting down and abandoning module Paper2D (282)
[2025.11.16-11.45.47:638][ 90]LogModuleManager: Shutting down and abandoning module WindowsMoviePlayer (280)
[2025.11.16-11.45.47:639][ 90]LogModuleManager: Shutting down and abandoning module WebMMoviePlayer (278)
[2025.11.16-11.45.47:640][ 90]LogModuleManager: Shutting down and abandoning module NetworkReplayStreaming (276)
[2025.11.16-11.45.47:640][ 90]LogModuleManager: Shutting down and abandoning module PacketHandler (274)
[2025.11.16-11.45.47:640][ 90]LogModuleManager: Shutting down and abandoning module ClothingSystemEditor (272)
[2025.11.16-11.45.47:640][ 90]LogModuleManager: Shutting down and abandoning module ClothingSystemRuntimeNv (270)
[2025.11.16-11.45.47:641][ 90]LogModuleManager: Shutting down and abandoning module MediaAssets (268)
[2025.11.16-11.45.47:641][ 90]LogModuleManager: Shutting down and abandoning module Overlay (266)
[2025.11.16-11.45.47:641][ 90]LogModuleManager: Shutting down and abandoning module OverlayEditor (265)
[2025.11.16-11.45.47:641][ 90]LogModuleManager: Shutting down and abandoning module VREditor (262)
[2025.11.16-11.45.47:642][ 90]LogModuleManager: Shutting down and abandoning module StringTableEditor (260)
[2025.11.16-11.45.47:642][ 90]LogModuleManager: Shutting down and abandoning module GameplayTasksEditor (258)
[2025.11.16-11.45.47:642][ 90]LogModuleManager: Shutting down and abandoning module BehaviorTreeEditor (256)
[2025.11.16-11.45.47:643][ 90]LogModuleManager: Shutting down and abandoning module FunctionalTesting (254)
[2025.11.16-11.45.47:643][ 90]LogModuleManager: Shutting down and abandoning module CollisionAnalyzer (252)
[2025.11.16-11.45.47:644][ 90]LogModuleManager: Shutting down and abandoning module UMG (250)
[2025.11.16-11.45.47:644][ 90]LogModuleManager: Shutting down and abandoning module UMGEditor (249)
[2025.11.16-11.45.47:644][ 90]LogModuleManager: Shutting down and abandoning module MessageLog (247)
[2025.11.16-11.45.47:644][ 90]LogModuleManager: Shutting down and abandoning module MaterialEditor (245)
[2025.11.16-11.45.47:644][ 90]LogModuleManager: Shutting down and abandoning module ContentBrowser (244)
[2025.11.16-11.45.47:647][ 90]LogModuleManager: Shutting down and abandoning module WorkspaceMenuStructure (243)
[2025.11.16-11.45.47:649][ 90]LogModuleManager: Shutting down and abandoning module SlateReflector (236)
[2025.11.16-11.45.47:650][ 90]LogModuleManager: Shutting down and abandoning module Slate (234)
[2025.11.16-11.45.47:650][ 90]LogModuleManager: Shutting down and abandoning module SlateCore (232)
[2025.11.16-11.45.47:650][ 90]LogModuleManager: Shutting down and abandoning module LandscapeEditorUtilities (230)
[2025.11.16-11.45.47:651][ 90]LogModuleManager: Shutting down and abandoning module UnrealEd (228)
[2025.11.16-11.45.47:651][ 90]LogModuleManager: Shutting down and abandoning module MRMesh (226)
[2025.11.16-11.45.47:651][ 90]LogModuleManager: Shutting down and abandoning module SourceCodeAccess (224)
[2025.11.16-11.45.47:651][ 90]LogModuleManager: Shutting down and abandoning module HeadMountedDisplay (222)
[2025.11.16-11.45.47:651][ 90]LogModuleManager: Shutting down and abandoning module XAudio2 (220)
[2025.11.16-11.45.47:651][ 90]LogModuleManager: Shutting down and abandoning module Networking (218)
[2025.11.16-11.45.47:651][ 90]LogModuleManager: Shutting down and abandoning module Core (216)
[2025.11.16-11.45.47:651][ 90]LogModuleManager: Shutting down and abandoning module MovieSceneTools (214)
[2025.11.16-11.45.47:652][ 90]LogModuleManager: Shutting down and abandoning module CurveEditor (213)
[2025.11.16-11.45.47:652][ 90]LogModuleManager: Shutting down and abandoning module Sequencer (211)
[2025.11.16-11.45.47:654][ 90]LogModuleManager: Shutting down and abandoning module EditorStyle (210)
[2025.11.16-11.45.47:659][ 90]LogModuleManager: Shutting down and abandoning module KismetCompiler (206)
[2025.11.16-11.45.47:660][ 90]LogModuleManager: Shutting down and abandoning module MeshBuilder (204)
[2025.11.16-11.45.47:660][ 90]LogModuleManager: Shutting down and abandoning module MeshUtilities (202)
[2025.11.16-11.45.47:660][ 90]LogModuleManager: Shutting down and abandoning module MeshMergeUtilities (201)
[2025.11.16-11.45.47:661][ 90]LogModuleManager: Shutting down and abandoning module MeshReductionInterface (200)
[2025.11.16-11.45.47:661][ 90]LogModuleManager: Shutting down and abandoning module MeshBoneReduction (199)
[2025.11.16-11.45.47:661][ 90]LogModuleManager: Shutting down and abandoning module SkeletalMeshReduction (197)
[2025.11.16-11.45.47:661][ 90]LogModuleManager: Shutting down and abandoning module ProxyLODMeshReduction (195)
[2025.11.16-11.45.47:663][ 90]LogModuleManager: Shutting down and abandoning module QuadricMeshReduction (193)
[2025.11.16-11.45.47:664][ 90]LogModuleManager: Shutting down and abandoning module MaterialBaking (189)
[2025.11.16-11.45.47:664][ 90]LogModuleManager: Shutting down and abandoning module NullInstallBundleManager (184)
[2025.11.16-11.45.47:664][ 90]LogModuleManager: Shutting down and abandoning module DerivedDataCache (182)
[2025.11.16-11.45.47:664][ 90]LogModuleManager: Shutting down and abandoning module XGEController (180)
[2025.11.16-11.45.47:664][ 90]LogModuleManager: Shutting down and abandoning module TargetPlatform (178)
[2025.11.16-11.45.47:665][ 90]LogModuleManager: Shutting down and abandoning module VulkanShaderFormat (177)
[2025.11.16-11.45.47:666][ 90]LogModuleManager: Shutting down and abandoning module ShaderFormatVectorVM (175)
[2025.11.16-11.45.47:666][ 90]LogModuleManager: Shutting down and abandoning module ShaderFormatOpenGL (173)
[2025.11.16-11.45.47:666][ 90]LogModuleManager: Shutting down and abandoning module ShaderFormatD3D (171)
[2025.11.16-11.45.47:666][ 90]LogModuleManager: Shutting down and abandoning module MetalShaderFormat (169)
[2025.11.16-11.45.47:667][ 90]LogModuleManager: Shutting down and abandoning module TextureFormatUncompressed (167)
[2025.11.16-11.45.47:667][ 90]LogModuleManager: Shutting down and abandoning module TextureFormatPVR (165)
[2025.11.16-11.45.47:667][ 90]LogModuleManager: Shutting down and abandoning module TextureFormatDXT (163)
[2025.11.16-11.45.47:667][ 90]LogModuleManager: Shutting down and abandoning module TextureFormatIntelISPCTexComp (161)
[2025.11.16-11.45.47:668][ 90]LogModuleManager: Shutting down and abandoning module TextureFormatASTC (159)
[2025.11.16-11.45.47:668][ 90]LogModuleManager: Shutting down and abandoning module ImageWrapper (158)
[2025.11.16-11.45.47:668][ 90]LogModuleManager: Shutting down and abandoning module TextureFormatAndroid (155)
[2025.11.16-11.45.47:668][ 90]LogModuleManager: Shutting down and abandoning module AudioFormatOpus (153)
[2025.11.16-11.45.47:668][ 90]LogModuleManager: Shutting down and abandoning module AudioFormatOgg (151)
[2025.11.16-11.45.47:668][ 90]LogModuleManager: Shutting down and abandoning module AudioFormatADPCM (149)
[2025.11.16-11.45.47:668][ 90]LogModuleManager: Shutting down and abandoning module WindowsServerTargetPlatform (147)
[2025.11.16-11.45.47:668][ 90]LogModuleManager: Shutting down and abandoning module WindowsClientTargetPlatform (145)
[2025.11.16-11.45.47:668][ 90]LogModuleManager: Shutting down and abandoning module WindowsTargetPlatform (143)
[2025.11.16-11.45.47:668][ 90]LogModuleManager: Shutting down and abandoning module WindowsNoEditorTargetPlatform (141)
[2025.11.16-11.45.47:669][ 90]LogModuleManager: Shutting down and abandoning module TVOSTargetPlatform (139)
[2025.11.16-11.45.47:696][ 90]LogModuleManager: Shutting down and abandoning module LuminTargetPlatform (137)
[2025.11.16-11.45.47:712][ 90]LogModuleManager: Shutting down and abandoning module LinuxAArch64ServerTargetPlatform (135)
[2025.11.16-11.45.47:712][ 90]LogModuleManager: Shutting down and abandoning module LinuxAArch64ClientTargetPlatform (133)
[2025.11.16-11.45.47:713][ 90]LogModuleManager: Shutting down and abandoning module LinuxAArch64NoEditorTargetPlatform (131)
[2025.11.16-11.45.47:713][ 90]LogModuleManager: Shutting down and abandoning module LinuxServerTargetPlatform (129)
[2025.11.16-11.45.47:714][ 90]LogModuleManager: Shutting down and abandoning module LinuxClientTargetPlatform (127)
[2025.11.16-11.45.47:714][ 90]LogModuleManager: Shutting down and abandoning module LinuxNoEditorTargetPlatform (125)
[2025.11.16-11.45.47:715][ 90]LogModuleManager: Shutting down and abandoning module LinuxTargetPlatform (123)
[2025.11.16-11.45.47:715][ 90]LogModuleManager: Shutting down and abandoning module Messaging (121)
[2025.11.16-11.45.47:715][ 90]LogModuleManager: Shutting down and abandoning module IOSTargetPlatform (119)
[2025.11.16-11.45.47:725][ 90]LogModuleManager: Shutting down and abandoning module AndroidTargetPlatform (117)
[2025.11.16-11.45.47:768][ 90]LogModuleManager: Shutting down and abandoning module AllDesktopTargetPlatform (115)
[2025.11.16-11.45.47:768][ 90]LogModuleManager: Shutting down and abandoning module InputCore (112)
[2025.11.16-11.45.47:769][ 90]LogModuleManager: Shutting down and abandoning module Settings (110)
[2025.11.16-11.45.47:769][ 90]LogModuleManager: Shutting down and abandoning module DirectoryWatcher (108)
[2025.11.16-11.45.47:771][ 90]LogModuleManager: Shutting down and abandoning module PhysXCooking (106)
[2025.11.16-11.45.47:771][ 90]LogModuleManager: Shutting down and abandoning module ChaosSolvers (104)
[2025.11.16-11.45.47:773][ 90]LogModuleManager: Shutting down and abandoning module FieldSystemEngine (103)
[2025.11.16-11.45.47:773][ 90]LogModuleManager: Shutting down and abandoning module Chaos (100)
[2025.11.16-11.45.47:774][ 90]LogModuleManager: Shutting down and abandoning module WindowsPlatformFeatures (98)
[2025.11.16-11.45.47:774][ 90]LogModuleManager: Shutting down and abandoning module GameplayMediaEncoder (97)
[2025.11.16-11.45.47:774][ 90]LogModuleManager: Shutting down and abandoning module AVEncoder (96)
[2025.11.16-11.45.47:775][ 90]LogModuleManager: Shutting down and abandoning module SteamVRInputDevice (92)
[2025.11.16-11.45.47:775][ 90]LogModuleManager: Shutting down and abandoning module SteamVRInput (90)
[2025.11.16-11.45.47:775][ 90]LogModuleManager: Shutting down and abandoning module SteamVR (88)
[2025.11.16-11.45.47:776][ 90]LogHMD: Freeing OpenVRDLLHandle.
[2025.11.16-11.45.47:776][ 90]LogModuleManager: Shutting down and abandoning module OculusHMD (86)
[2025.11.16-11.45.47:776][ 90]LogModuleManager: Shutting down and abandoning module ExampleDeviceProfileSelector (84)
[2025.11.16-11.45.47:776][ 90]LogModuleManager: Shutting down and abandoning module LauncherChunkInstaller (82)
[2025.11.16-11.45.47:776][ 90]LogModuleManager: Shutting down and abandoning module OnlineBlueprintSupport (80)
[2025.11.16-11.45.47:776][ 90]LogModuleManager: Shutting down and abandoning module OnlineSubsystem (76)
[2025.11.16-11.45.47:779][ 90]LogModuleManager: Shutting down and abandoning module XMPP (71)
[2025.11.16-11.45.47:780][ 90]LogModuleManager: Shutting down and abandoning module WebSockets (70)
[2025.11.16-11.45.47:804][ 90]LogModuleManager: Shutting down and abandoning module HTTP (67)
[2025.11.16-11.45.47:804][ 90]LogHttp: Display: Http module shutting down, but needs to wait on 2 outstanding Http requests:
[2025.11.16-11.45.47:804][ 90]LogHttp: Display: 	verb=[POST] url=[https://datarouter.ol.epicgames.com/datarouter/api/v1/public/data?SessionID=%7B2A5D2B36-4DE5-905E-50E8-17BF58F3DB10%7D&AppID=UEEditor.Rocket.Release&AppVersion=4.25.4-14469661%2B%2B%2BUE4%2BRelease-4.25&UserID=4119fac14ab14efbf3e544a30baf169c%7C53fc9c64b72243c1a735a3dec222d9be%7C8de9de63-ca4e-4792-8cde-365313fedec8&AppEnvironment=datacollector-source&UploadType=eteventstream] refs=[1] status=Processing
[2025.11.16-11.45.47:804][ 90]LogHttp: Display: 	verb=[POST] url=[https://datarouter.ol.epicgames.com/datarouter/api/v1/public/data?SessionID=%7B2A5D2B36-4DE5-905E-50E8-17BF58F3DB10%7D&AppID=UEEditor.Rocket.Release&AppVersion=4.25.4-14469661%2B%2B%2BUE4%2BRelease-4.25&UserID=4119fac14ab14efbf3e544a30baf169c%7C53fc9c64b72243c1a735a3dec222d9be%7C8de9de63-ca4e-4792-8cde-365313fedec8&AppEnvironment=datacollector-source&UploadType=eteventstream] refs=[1] status=Processing
[2025.11.16-11.45.47:835][ 90]LogModuleManager: Shutting down and abandoning module SSL (66)
[2025.11.16-11.45.47:839][ 90]LogModuleManager: Shutting down and abandoning module WmfMedia (62)
[2025.11.16-11.45.47:843][ 90]LogModuleManager: Shutting down and abandoning module Media (61)
[2025.11.16-11.45.47:845][ 90]LogModuleManager: Shutting down and abandoning module MagicLeap (58)
[2025.11.16-11.45.47:845][ 90]LogModuleManager: Shutting down and abandoning module NiagaraVertexFactories (56)
[2025.11.16-11.45.47:845][ 90]LogModuleManager: Shutting down and abandoning module NiagaraShader (54)
[2025.11.16-11.45.47:846][ 90]LogModuleManager: Shutting down and abandoning module VariantManagerContent (52)
[2025.11.16-11.45.47:846][ 90]LogModuleManager: Shutting down and abandoning module DatasmithContent (50)
[2025.11.16-11.45.47:847][ 90]LogModuleManager: Shutting down and abandoning module AISupportModule (48)
[2025.11.16-11.45.47:847][ 90]LogModuleManager: Shutting down and abandoning module DesktopPlatform (46)
[2025.11.16-11.45.47:849][ 90]LogModuleManager: Shutting down and abandoning module PlatformCryptoOpenSSL (44)
[2025.11.16-11.45.47:850][ 90]LogModuleManager: Shutting down and abandoning module PlatformCryptoTypes (42)
[2025.11.16-11.45.47:850][ 90]LogModuleManager: Shutting down and abandoning module PlatformCrypto (40)
[2025.11.16-11.45.47:850][ 90]LogModuleManager: Shutting down and abandoning module AnimationModifiers (38)
[2025.11.16-11.45.47:851][ 90]LogModuleManager: Shutting down and abandoning module PropertyEditor (37)
[2025.11.16-11.45.47:852][ 90]LogModuleManager: Shutting down and abandoning module AudioEditor (34)
[2025.11.16-11.45.47:856][ 90]LogModuleManager: Shutting down and abandoning module TextureCompressor (32)
[2025.11.16-11.45.47:857][ 90]LogModuleManager: Shutting down and abandoning module RenderCore (30)
[2025.11.16-11.45.47:857][ 90]LogModuleManager: Shutting down and abandoning module Landscape (28)
[2025.11.16-11.45.47:857][ 90]LogModuleManager: Shutting down and abandoning module SlateRHIRenderer (26)
[2025.11.16-11.45.47:867][ 90]LogModuleManager: Shutting down and abandoning module OpenGLDrv (24)
[2025.11.16-11.45.47:867][ 90]LogModuleManager: Shutting down and abandoning module D3D11RHI (22)
[2025.11.16-11.45.47:867][ 90]LogModuleManager: Shutting down and abandoning module AnimGraphRuntime (20)
[2025.11.16-11.45.47:867][ 90]LogModuleManager: Shutting down and abandoning module Renderer (18)
[2025.11.16-11.45.47:868][ 90]LogModuleManager: Shutting down and abandoning module Engine (16)
[2025.11.16-11.45.47:868][ 90]LogModuleManager: Shutting down and abandoning module CoreUObject (14)
[2025.11.16-11.45.47:868][ 90]LogModuleManager: Shutting down and abandoning module NetworkFile (12)
[2025.11.16-11.45.47:868][ 90]LogModuleManager: Shutting down and abandoning module CookedIterativeFile (10)
[2025.11.16-11.45.47:868][ 90]LogModuleManager: Shutting down and abandoning module StreamingFile (8)
[2025.11.16-11.45.47:868][ 90]LogModuleManager: Shutting down and abandoning module SandboxFile (6)
[2025.11.16-11.45.47:868][ 90]LogModuleManager: Shutting down and abandoning module PakFile (4)
[2025.11.16-11.45.47:870][ 90]LogModuleManager: Shutting down and abandoning module RSA (3)
[2025.11.16-11.45.47:870][ 90]LogContentStreaming: Display: There are 1 unreleased StreamingManagers
[2025.11.16-11.45.47:873][ 90]LogD3D11RHI: Shutdown
[2025.11.16-11.45.47:873][ 90]LogD3D11RHI: CleanupD3DDevice
[2025.11.16-11.45.47:910][ 90]LogExit: Exiting.
[2025.11.16-11.45.47:922][ 90]Log file closed, 11/16/25 13:45:47
