Log file open, 11/16/25 13:46:31
LogInit: Display: Running engine for game: PixelPerfect
LogPlatformFile: Not using cached read wrapper
LogTaskGraph: Started task graph with 5 named threads and 35 total threads with 3 sets of task threads.
LogStats: Stats thread started at 0.198874
LogD3D11RHI: Loaded GFSDK_Aftermath_Lib.x64.dll
LogICUInternationalization: ICU TimeZone Detection - Raw Offset: +2:00, Platform Override: ''
LogPluginManager: Mounting plugin Paper2D
LogPluginManager: Mounting plugin AISupport
LogPluginManager: Mounting plugin LightPropagationVolume
LogPluginManager: Mounting plugin CameraShakePreviewer
LogPluginManager: Mounting plugin ActorLayerUtilities
LogPluginManager: Mounting plugin AnimationSharing
LogPluginManager: Mounting plugin CLionSourceCodeAccess
LogPluginManager: Mounting plugin CodeLiteSourceCodeAccess
LogPluginManager: Mounting plugin GitSourceControl
LogPluginManager: Mounting plugin KDevelopSourceCodeAccess
LogPluginManager: Mounting plugin NullSourceCodeAccess
LogPluginManager: Mounting plugin PerforceSourceControl
LogPluginManager: Mounting plugin PlasticSourceControl
LogPluginManager: Mounting plugin RiderSourceCodeAccess
LogPluginManager: Mounting plugin SubversionSourceControl
LogPluginManager: Mounting plugin UObjectPlugin
LogPluginManager: Mounting plugin VisualStudioCodeSourceCodeAccess
LogPluginManager: Mounting plugin VisualStudioSourceCodeAccess
LogPluginManager: Mounting plugin XCodeSourceCodeAccess
LogPluginManager: Mounting plugin AssetManagerEditor
LogPluginManager: Mounting plugin CryptoKeys
LogPluginManager: Mounting plugin CurveEditorTools
LogPluginManager: Mounting plugin DataValidation
LogPluginManager: Mounting plugin EditorScriptingUtilities
LogPluginManager: Mounting plugin FacialAnimation
LogPluginManager: Mounting plugin GameplayTagsEditor
LogPluginManager: Mounting plugin GeometryMode
LogPluginManager: Mounting plugin MacGraphicsSwitching
LogPluginManager: Mounting plugin MaterialAnalyzer
LogPluginManager: Mounting plugin MobileLauncherProfileWizard
LogPluginManager: Mounting plugin PluginBrowser
LogPluginManager: Mounting plugin SpeedTreeImporter
LogPluginManager: Mounting plugin DatasmithContent
LogPluginManager: Mounting plugin VariantManagerContent
LogPluginManager: Mounting plugin AlembicImporter
LogPluginManager: Mounting plugin AutomationUtils
LogPluginManager: Mounting plugin BackChannel
LogPluginManager: Mounting plugin ChaosCloth
LogPluginManager: Mounting plugin ChaosClothEditor
LogPluginManager: Mounting plugin ChaosEditor
LogPluginManager: Mounting plugin ChaosNiagara
LogPluginManager: Mounting plugin ChaosSolverPlugin
LogPluginManager: Mounting plugin CharacterAI
LogPluginManager: Mounting plugin GeometryCache
LogPluginManager: Mounting plugin GeometryCollectionPlugin
LogPluginManager: Mounting plugin GeometryProcessing
LogPluginManager: Mounting plugin PlanarCut
LogPluginManager: Mounting plugin PlatformCrypto
LogPluginManager: Mounting plugin ProxyLODPlugin
LogPluginManager: Mounting plugin SkeletalReduction
LogPluginManager: Mounting plugin Niagara
LogPluginManager: Mounting plugin MagicLeap
LogPluginManager: Mounting plugin MagicLeapLightEstimation
LogPluginManager: Mounting plugin MagicLeapMedia
LogPluginManager: Mounting plugin MagicLeapPassableWorld
LogPluginManager: Mounting plugin MLSDK
LogPluginManager: Mounting plugin AndroidMedia
LogPluginManager: Mounting plugin AvfMedia
LogPluginManager: Mounting plugin ImgMedia
LogPluginManager: Mounting plugin MediaCompositing
LogPluginManager: Mounting plugin MediaPlayerEditor
LogPluginManager: Mounting plugin WebMMedia
LogPluginManager: Mounting plugin WmfMedia
LogPluginManager: Mounting plugin MeshPainting
LogPluginManager: Mounting plugin TcpMessaging
LogPluginManager: Mounting plugin UdpMessaging
LogPluginManager: Mounting plugin ActorSequence
LogPluginManager: Mounting plugin LevelSequenceEditor
LogPluginManager: Mounting plugin MatineeToLevelSequence
LogPluginManager: Mounting plugin MovieRenderPipeline
LogPluginManager: Mounting plugin TemplateSequence
LogPluginManager: Mounting plugin NetcodeUnitTest
LogPluginManager: Mounting plugin NUTUnrealEngine4
LogPluginManager: Mounting plugin OnlineSubsystemGooglePlay
LogPluginManager: Mounting plugin OnlineSubsystemIOS
LogPluginManager: Mounting plugin OnlineSubsystem
LogPluginManager: Mounting plugin OnlineSubsystemNull
LogPluginManager: Mounting plugin OnlineSubsystemUtils
LogPluginManager: Mounting plugin LauncherChunkInstaller
LogPluginManager: Mounting plugin AndroidDeviceProfileSelector
LogPluginManager: Mounting plugin AndroidMoviePlayer
LogPluginManager: Mounting plugin AndroidPermission
LogPluginManager: Mounting plugin AppleImageUtils
LogPluginManager: Mounting plugin AppleMoviePlayer
LogPluginManager: Mounting plugin ArchVisCharacter
LogPluginManager: Mounting plugin AssetTags
LogPluginManager: Mounting plugin AudioCapture
LogPluginManager: Mounting plugin CableComponent
LogPluginManager: Mounting plugin CustomMeshComponent
LogPluginManager: Mounting plugin EditableMesh
LogPluginManager: Mounting plugin ExampleDeviceProfileSelector
LogPluginManager: Mounting plugin GoogleCloudMessaging
LogPluginManager: Mounting plugin GooglePAD
LogPluginManager: Mounting plugin IOSDeviceProfileSelector
LogPluginManager: Mounting plugin LinuxDeviceProfileSelector
LogPluginManager: Mounting plugin LocationServicesBPLibrary
LogPluginManager: Mounting plugin MobilePatchingUtils
LogPluginManager: Mounting plugin OculusVR
LogPluginManager: Mounting plugin PhysXVehicles
LogPluginManager: Mounting plugin PostSplashScreen
LogPluginManager: Mounting plugin ProceduralMeshComponent
LogPluginManager: Mounting plugin RuntimePhysXCooking
LogPluginManager: Mounting plugin SignificanceManager
LogPluginManager: Mounting plugin SoundFields
LogPluginManager: Mounting plugin SteamVR
LogPluginManager: Mounting plugin Synthesis
LogPluginManager: Mounting plugin WebMMoviePlayer
LogPluginManager: Mounting plugin WindowsMoviePlayer
LogPluginManager: Mounting plugin ScreenshotTools
LogInit: Using libcurl 7.55.1-DEV
LogInit:  - built for x86_64-pc-win32
LogInit:  - supports SSL with OpenSSL/1.1.1
LogInit:  - supports HTTP deflate (compression) using libz 1.2.8
LogInit:  - other features:
LogInit:      CURL_VERSION_SSL
LogInit:      CURL_VERSION_LIBZ
LogInit:      CURL_VERSION_IPV6
LogInit:      CURL_VERSION_ASYNCHDNS
LogInit:      CURL_VERSION_LARGEFILE
LogInit:      CURL_VERSION_IDN
LogInit:  CurlRequestOptions (configurable via config and command line):
LogInit:  - bVerifyPeer = true  - Libcurl will verify peer certificate
LogInit:  - bUseHttpProxy = false  - Libcurl will NOT use HTTP proxy
LogInit:  - bDontReuseConnections = false  - Libcurl will reuse connections
LogInit:  - MaxHostConnections = 16  - Libcurl will limit the number of connections to a host
LogInit:  - LocalHostAddr = Default
LogInit:  - BufferSize = 65536
LogOnline: OSS: Creating online subsystem instance for: NULL
LogInit: WinSock: version 1.1 (2.2), MaxSocks=32767, MaxUdp=65467
LogOnline: OSS: TryLoadSubsystemAndSetDefault: Loaded subsystem for module [NULL]
LogInit: Build: ++UE4+Release-4.25-CL-14469661
LogInit: Engine Version: 4.25.4-14469661+++UE4+Release-4.25
LogInit: Compatible Engine Version: 4.25.0-13144385+++UE4+Release-4.25
LogInit: Net CL: 13144385
LogInit: OS: Windows 10 (Release 2009) (), CPU: 12th Gen Intel(R) Core(TM) i5-12450H, GPU: Intel(R) UHD Graphics
LogInit: Compiled (64-bit): Oct 11 2020 08:10:49
LogInit: Compiled with Visual C++: 19.24.28315.00
LogInit: Build Configuration: Development
LogInit: Branch Name: ++UE4+Release-4.25
LogInit: Command Line:  -AUTH_LOGIN=unused -AUTH_PASSWORD=c86a551bcedb484bae7124c3a967c049 -AUTH_TYPE=exchangecode -epicapp=UE_4.25 -epicenv=Prod -EpicPortal -epicusername=AManXDDD -epicuserid=53fc9c64b72243c1a735a3dec222d9be -epiclocale=en -epicsandboxid=ue
LogInit: Base Directory: C:/Program Files/Epic Games/UE_4.25/Engine/Binaries/Win64/
LogInit: Allocator: TBB
LogInit: Installed Engine Build: 1
LogDevObjectVersion: Number of dev versions registered: 26
LogDevObjectVersion:   Dev-Blueprints (B0D832E4-1F89-4F0D-ACCF-7EB736FD4AA2): 10
LogDevObjectVersion:   Dev-Build (E1C64328-A22C-4D53-A36C-8E866417BD8C): 0
LogDevObjectVersion:   Dev-Core (375EC13C-06E4-48FB-B500-84F0262A717E): 4
LogDevObjectVersion:   Dev-Editor (E4B068ED-F494-42E9-A231-DA0B2E46BB41): 38
LogDevObjectVersion:   Dev-Framework (CFFC743F-43B0-4480-9391-14DF171D2073): 37
LogDevObjectVersion:   Dev-Mobile (B02B49B5-BB20-44E9-A304-32B752E40360): 2
LogDevObjectVersion:   Dev-Networking (A4E4105C-59A1-49B5-A7C5-40C4547EDFEE): 0
LogDevObjectVersion:   Dev-Online (39C831C9-5AE6-47DC-9A44-9C173E1C8E7C): 0
LogDevObjectVersion:   Dev-Physics (78F01B33-EBEA-4F98-B9B4-84EACCB95AA2): 4
LogDevObjectVersion:   Dev-Platform (6631380F-2D4D-43E0-8009-CF276956A95A): 0
LogDevObjectVersion:   Dev-Rendering (12F88B9F-8875-4AFC-A67C-D90C383ABD29): 43
LogDevObjectVersion:   Dev-Sequencer (7B5AE74C-D270-4C10-A958-57980B212A5A): 12
LogDevObjectVersion:   Dev-VR (D7296918-1DD6-4BDD-9DE2-64A83CC13884): 3
LogDevObjectVersion:   Dev-LoadTimes (C2A15278-BFE7-4AFE-6C17-90FF531DF755): 1
LogDevObjectVersion:   Private-Geometry (6EACA3D4-40EC-4CC1-B786-8BED09428FC5): 3
LogDevObjectVersion:   Dev-AnimPhys (29E575DD-E0A3-4627-9D10-D276232CDCEA): 17
LogDevObjectVersion:   Dev-Anim (AF43A65D-7FD3-4947-9873-3E8ED9C1BB05): 7
LogDevObjectVersion:   Dev-ReflectionCapture (6B266CEC-1EC7-4B8F-A30B-E4D90942FC07): 1
LogDevObjectVersion:   Dev-Automation (0DF73D61-A23F-47EA-B727-89E90C41499A): 1
LogDevObjectVersion:   FortniteMain (601D1886-AC64-4F84-AA16-D3DE0DEAC7D6): 31
LogDevObjectVersion:   Dev-Enterprise (9DFFBCD6-494F-0158-E221-12823C92A888): 10
LogDevObjectVersion:   Dev-Niagara (F2AED0AC-9AFE-416F-8664-AA7FFA26D6FC): 1
LogDevObjectVersion:   Dev-Destruction (174F1F0B-B4C6-45A5-B13F-2EE8D0FB917D): 10
LogDevObjectVersion:   Dev-Physics-Ext (35F94A83-E258-406C-A318-09F59610247C): 37
LogDevObjectVersion:   Dev-PhysicsMaterial-Chaos (B68FC16E-8B1B-42E2-B453-215C058844FE): 1
LogDevObjectVersion:   Dev-CineCamera (B2E18506-4273-CFC2-A54E-F4BB758BBA07): 1
LogInit: Presizing for max 25165824 objects, including 0 objects not considered by GC, pre-allocating 0 bytes for permanent pool.
LogConfig: Applying CVar settings from Section [/Script/Engine.StreamingSettings] File [C:/Git/Saf/GameUniHack/PixelPerfect/Saved/Config/Windows/Engine.ini]
LogConfig: Setting CVar [[s.MinBulkDataSizeForAsyncLoading:131072]]
LogConfig: Setting CVar [[s.AsyncLoadingThreadEnabled:0]]
LogConfig: Setting CVar [[s.EventDrivenLoaderEnabled:1]]
LogConfig: Setting CVar [[s.WarnIfTimeLimitExceeded:0]]
LogConfig: Setting CVar [[s.TimeLimitExceededMultiplier:1.5]]
LogConfig: Setting CVar [[s.TimeLimitExceededMinTime:0.005]]
LogConfig: Setting CVar [[s.UseBackgroundLevelStreaming:1]]
LogConfig: Setting CVar [[s.PriorityAsyncLoadingExtraTime:15.0]]
LogConfig: Setting CVar [[s.LevelStreamingActorsUpdateTimeLimit:5.0]]
LogConfig: Setting CVar [[s.PriorityLevelStreamingActorsUpdateExtraTime:5.0]]
LogConfig: Setting CVar [[s.LevelStreamingComponentsRegistrationGranularity:10]]
LogConfig: Setting CVar [[s.UnregisterComponentsTimeLimit:1.0]]
LogConfig: Setting CVar [[s.LevelStreamingComponentsUnregistrationGranularity:5]]
LogConfig: Setting CVar [[s.FlushStreamingOnExit:1]]
LogInit: Object subsystem initialized
LogConfig: Setting CVar [[con.DebugEarlyDefault:1]]
LogConfig: Setting CVar [[r.setres:1280x720]]
[2025.11.16-11.46.31:808][  0]LogConfig: Setting CVar [[r.VSync:0]]
[2025.11.16-11.46.31:808][  0]LogConfig: Setting CVar [[r.RHICmdBypass:0]]
[2025.11.16-11.46.31:808][  0]LogConfig: Applying CVar settings from Section [/Script/Engine.RendererSettings] File [C:/Git/Saf/GameUniHack/PixelPerfect/Saved/Config/Windows/Engine.ini]
[2025.11.16-11.46.31:808][  0]LogConfig: Setting CVar [[r.GPUCrashDebugging:0]]
[2025.11.16-11.46.31:808][  0]LogConfig: Setting CVar [[r.Mobile.AllowDitheredLODTransition:1]]
[2025.11.16-11.46.31:808][  0]LogConfig: Setting CVar [[r.DefaultFeature.AntiAliasing:3]]
[2025.11.16-11.46.31:808][  0]LogConfig: Setting CVar [[r.MobileMSAA:8]]
[2025.11.16-11.46.31:808][  0]LogConfig: Applying CVar settings from Section [/Script/Engine.RendererOverrideSettings] File [C:/Git/Saf/GameUniHack/PixelPerfect/Saved/Config/Windows/Engine.ini]
[2025.11.16-11.46.31:808][  0]LogConfig: Applying CVar settings from Section [/Script/Engine.StreamingSettings] File [C:/Git/Saf/GameUniHack/PixelPerfect/Saved/Config/Windows/Engine.ini]
[2025.11.16-11.46.31:808][  0]LogConfig: Setting CVar [[s.MinBulkDataSizeForAsyncLoading:131072]]
[2025.11.16-11.46.31:808][  0]LogConfig: Setting CVar [[s.AsyncLoadingThreadEnabled:0]]
[2025.11.16-11.46.31:808][  0]LogConfig: Setting CVar [[s.EventDrivenLoaderEnabled:1]]
[2025.11.16-11.46.31:808][  0]LogConfig: Setting CVar [[s.WarnIfTimeLimitExceeded:0]]
[2025.11.16-11.46.31:808][  0]LogConfig: Setting CVar [[s.TimeLimitExceededMultiplier:1.5]]
[2025.11.16-11.46.31:808][  0]LogConfig: Setting CVar [[s.TimeLimitExceededMinTime:0.005]]
[2025.11.16-11.46.31:808][  0]LogConfig: Setting CVar [[s.UseBackgroundLevelStreaming:1]]
[2025.11.16-11.46.31:808][  0]LogConfig: Setting CVar [[s.PriorityAsyncLoadingExtraTime:15.0]]
[2025.11.16-11.46.31:808][  0]LogConfig: Setting CVar [[s.LevelStreamingActorsUpdateTimeLimit:5.0]]
[2025.11.16-11.46.31:808][  0]LogConfig: Setting CVar [[s.PriorityLevelStreamingActorsUpdateExtraTime:5.0]]
[2025.11.16-11.46.31:808][  0]LogConfig: Setting CVar [[s.LevelStreamingComponentsRegistrationGranularity:10]]
[2025.11.16-11.46.31:808][  0]LogConfig: Setting CVar [[s.UnregisterComponentsTimeLimit:1.0]]
[2025.11.16-11.46.31:808][  0]LogConfig: Setting CVar [[s.LevelStreamingComponentsUnregistrationGranularity:5]]
[2025.11.16-11.46.31:808][  0]LogConfig: Setting CVar [[s.FlushStreamingOnExit:1]]
[2025.11.16-11.46.31:808][  0]LogConfig: Applying CVar settings from Section [/Script/Engine.GarbageCollectionSettings] File [C:/Git/Saf/GameUniHack/PixelPerfect/Saved/Config/Windows/Engine.ini]
[2025.11.16-11.46.31:808][  0]LogConfig: Setting CVar [[gc.MaxObjectsNotConsideredByGC:1]]
[2025.11.16-11.46.31:808][  0]LogConfig: Setting CVar [[gc.SizeOfPermanentObjectPool:0]]
[2025.11.16-11.46.31:808][  0]LogConfig: Setting CVar [[gc.FlushStreamingOnGC:0]]
[2025.11.16-11.46.31:808][  0]LogConfig: Setting CVar [[gc.NumRetriesBeforeForcingGC:10]]
[2025.11.16-11.46.31:808][  0]LogConfig: Setting CVar [[gc.AllowParallelGC:1]]
[2025.11.16-11.46.31:808][  0]LogConfig: Setting CVar [[gc.TimeBetweenPurgingPendingKillObjects:61.1]]
[2025.11.16-11.46.31:808][  0]LogConfig: Setting CVar [[gc.MaxObjectsInEditor:25165824]]
[2025.11.16-11.46.31:808][  0]LogConfig: Setting CVar [[gc.IncrementalBeginDestroyEnabled:1]]
[2025.11.16-11.46.31:808][  0]LogConfig: Setting CVar [[gc.CreateGCClusters:1]]
[2025.11.16-11.46.31:808][  0]LogConfig: Setting CVar [[gc.MinGCClusterSize:5]]
[2025.11.16-11.46.31:808][  0]LogConfig: Setting CVar [[gc.ActorClusteringEnabled:0]]
[2025.11.16-11.46.31:808][  0]LogConfig: Setting CVar [[gc.BlueprintClusteringEnabled:0]]
[2025.11.16-11.46.31:808][  0]LogConfig: Setting CVar [[gc.UseDisregardForGCOnDedicatedServers:0]]
[2025.11.16-11.46.31:808][  0]LogConfig: Applying CVar settings from Section [/Script/Engine.NetworkSettings] File [C:/Git/Saf/GameUniHack/PixelPerfect/Saved/Config/Windows/Engine.ini]
[2025.11.16-11.46.31:808][  0]LogConfig: Applying CVar settings from Section [/Script/UnrealEd.CookerSettings] File [C:/Git/Saf/GameUniHack/PixelPerfect/Saved/Config/Windows/Engine.ini]
[2025.11.16-11.46.31:810][  0]LogConfig: Applying CVar settings from Section [ViewDistanceQuality@3] File [C:/Git/Saf/GameUniHack/PixelPerfect/Saved/Config/Windows/Scalability.ini]
[2025.11.16-11.46.31:811][  0]LogConfig: Setting CVar [[r.SkeletalMeshLODBias:0]]
[2025.11.16-11.46.31:811][  0]LogConfig: Setting CVar [[r.ViewDistanceScale:1.0]]
[2025.11.16-11.46.31:811][  0]LogConfig: Applying CVar settings from Section [AntiAliasingQuality@3] File [C:/Git/Saf/GameUniHack/PixelPerfect/Saved/Config/Windows/Scalability.ini]
[2025.11.16-11.46.31:811][  0]LogConfig: Setting CVar [[r.PostProcessAAQuality:4]]
[2025.11.16-11.46.31:811][  0]LogConfig: Applying CVar settings from Section [ShadowQuality@3] File [C:/Git/Saf/GameUniHack/PixelPerfect/Saved/Config/Windows/Scalability.ini]
[2025.11.16-11.46.31:811][  0]LogConfig: Setting CVar [[r.LightFunctionQuality:1]]
[2025.11.16-11.46.31:811][  0]LogConfig: Setting CVar [[r.ShadowQuality:5]]
[2025.11.16-11.46.31:811][  0]LogConfig: Setting CVar [[r.Shadow.CSM.MaxCascades:10]]
[2025.11.16-11.46.31:811][  0]LogConfig: Setting CVar [[r.Shadow.MaxResolution:2048]]
[2025.11.16-11.46.31:811][  0]LogConfig: Setting CVar [[r.Shadow.MaxCSMResolution:2048]]
[2025.11.16-11.46.31:811][  0]LogConfig: Setting CVar [[r.Shadow.RadiusThreshold:0.01]]
[2025.11.16-11.46.31:811][  0]LogConfig: Setting CVar [[r.Shadow.DistanceScale:1.0]]
[2025.11.16-11.46.31:811][  0]LogConfig: Setting CVar [[r.Shadow.CSM.TransitionScale:1.0]]
[2025.11.16-11.46.31:811][  0]LogConfig: Setting CVar [[r.Shadow.PreShadowResolutionFactor:1.0]]
[2025.11.16-11.46.31:811][  0]LogConfig: Setting CVar [[r.DistanceFieldShadowing:1]]
[2025.11.16-11.46.31:811][  0]LogConfig: Setting CVar [[r.DistanceFieldAO:1]]
[2025.11.16-11.46.31:811][  0]LogConfig: Setting CVar [[r.AOQuality:2]]
[2025.11.16-11.46.31:811][  0]LogConfig: Setting CVar [[r.VolumetricFog:1]]
[2025.11.16-11.46.31:811][  0]LogConfig: Setting CVar [[r.VolumetricFog.GridPixelSize:8]]
[2025.11.16-11.46.31:811][  0]LogConfig: Setting CVar [[r.VolumetricFog.GridSizeZ:128]]
[2025.11.16-11.46.31:811][  0]LogConfig: Setting CVar [[r.VolumetricFog.HistoryMissSupersampleCount:4]]
[2025.11.16-11.46.31:811][  0]LogConfig: Setting CVar [[r.LightMaxDrawDistanceScale:1]]
[2025.11.16-11.46.31:811][  0]LogConfig: Setting CVar [[r.CapsuleShadows:1]]
[2025.11.16-11.46.31:811][  0]LogConfig: Applying CVar settings from Section [PostProcessQuality@3] File [C:/Git/Saf/GameUniHack/PixelPerfect/Saved/Config/Windows/Scalability.ini]
[2025.11.16-11.46.31:811][  0]LogConfig: Setting CVar [[r.MotionBlurQuality:4]]
[2025.11.16-11.46.31:811][  0]LogConfig: Setting CVar [[r.AmbientOcclusionMipLevelFactor:0.4]]
[2025.11.16-11.46.31:811][  0]LogConfig: Setting CVar [[r.AmbientOcclusionMaxQuality:100]]
[2025.11.16-11.46.31:811][  0]LogConfig: Setting CVar [[r.AmbientOcclusionLevels:-1]]
[2025.11.16-11.46.31:811][  0]LogConfig: Setting CVar [[r.AmbientOcclusionRadiusScale:1.0]]
[2025.11.16-11.46.31:811][  0]LogConfig: Setting CVar [[r.DepthOfFieldQuality:2]]
[2025.11.16-11.46.31:811][  0]LogConfig: Setting CVar [[r.RenderTargetPoolMin:400]]
[2025.11.16-11.46.31:811][  0]LogConfig: Setting CVar [[r.LensFlareQuality:2]]
[2025.11.16-11.46.31:811][  0]LogConfig: Setting CVar [[r.SceneColorFringeQuality:1]]
[2025.11.16-11.46.31:811][  0]LogConfig: Setting CVar [[r.EyeAdaptationQuality:2]]
[2025.11.16-11.46.31:811][  0]LogConfig: Setting CVar [[r.BloomQuality:5]]
[2025.11.16-11.46.31:811][  0]LogConfig: Setting CVar [[r.FastBlurThreshold:100]]
[2025.11.16-11.46.31:811][  0]LogConfig: Setting CVar [[r.Upscale.Quality:3]]
[2025.11.16-11.46.31:811][  0]LogConfig: Setting CVar [[r.Tonemapper.GrainQuantization:1]]
[2025.11.16-11.46.31:811][  0]LogConfig: Setting CVar [[r.LightShaftQuality:1]]
[2025.11.16-11.46.31:811][  0]LogConfig: Setting CVar [[r.Filter.SizeScale:1]]
[2025.11.16-11.46.31:811][  0]LogConfig: Setting CVar [[r.Tonemapper.Quality:5]]
[2025.11.16-11.46.31:811][  0]LogConfig: Setting CVar [[r.DOF.Gather.AccumulatorQuality:1        ; higher gathering accumulator quality]]
[2025.11.16-11.46.31:811][  0]LogConfig: Setting CVar [[r.DOF.Gather.PostfilterMethod:1          ; Median3x3 postfilering method]]
[2025.11.16-11.46.31:811][  0]LogConfig: Setting CVar [[r.DOF.Gather.EnableBokehSettings:0       ; no bokeh simulation when gathering]]
[2025.11.16-11.46.31:811][  0]LogConfig: Setting CVar [[r.DOF.Gather.RingCount:4                 ; medium number of samples when gathering]]
[2025.11.16-11.46.31:811][  0]LogConfig: Setting CVar [[r.DOF.Scatter.ForegroundCompositing:1    ; additive foreground scattering]]
[2025.11.16-11.46.31:811][  0]LogConfig: Setting CVar [[r.DOF.Scatter.BackgroundCompositing:2    ; additive background scattering]]
[2025.11.16-11.46.31:811][  0]LogConfig: Setting CVar [[r.DOF.Scatter.EnableBokehSettings:1      ; bokeh simulation when scattering]]
[2025.11.16-11.46.31:811][  0]LogConfig: Setting CVar [[r.DOF.Scatter.MaxSpriteRatio:0.1         ; only a maximum of 10% of scattered bokeh]]
[2025.11.16-11.46.31:811][  0]LogConfig: Setting CVar [[r.DOF.Recombine.Quality:1                ; cheap slight out of focus]]
[2025.11.16-11.46.31:811][  0]LogConfig: Setting CVar [[r.DOF.Recombine.EnableBokehSettings:0    ; no bokeh simulation on slight out of focus]]
[2025.11.16-11.46.31:811][  0]LogConfig: Setting CVar [[r.DOF.TemporalAAQuality:1                ; more stable temporal accumulation]]
[2025.11.16-11.46.31:811][  0]LogConfig: Setting CVar [[r.DOF.Kernel.MaxForegroundRadius:0.025]]
[2025.11.16-11.46.31:811][  0]LogConfig: Setting CVar [[r.DOF.Kernel.MaxBackgroundRadius:0.025]]
[2025.11.16-11.46.31:811][  0]LogConfig: Applying CVar settings from Section [TextureQuality@3] File [C:/Git/Saf/GameUniHack/PixelPerfect/Saved/Config/Windows/Scalability.ini]
[2025.11.16-11.46.31:811][  0]LogConfig: Setting CVar [[r.Streaming.MipBias:0]]
[2025.11.16-11.46.31:811][  0]LogConfig: Setting CVar [[r.Streaming.AmortizeCPUToGPUCopy:0]]
[2025.11.16-11.46.31:812][  0]LogConfig: Setting CVar [[r.Streaming.MaxNumTexturesToStreamPerFrame:0]]
[2025.11.16-11.46.31:812][  0]LogConfig: Setting CVar [[r.Streaming.Boost:1]]
[2025.11.16-11.46.31:812][  0]LogConfig: Setting CVar [[r.MaxAnisotropy:8]]
[2025.11.16-11.46.31:812][  0]LogConfig: Setting CVar [[r.VT.MaxAnisotropy:8]]
[2025.11.16-11.46.31:812][  0]LogConfig: Setting CVar [[r.Streaming.LimitPoolSizeToVRAM:0]]
[2025.11.16-11.46.31:812][  0]LogConfig: Setting CVar [[r.Streaming.PoolSize:1000]]
[2025.11.16-11.46.31:812][  0]LogConfig: Setting CVar [[r.Streaming.MaxEffectiveScreenSize:0]]
[2025.11.16-11.46.31:812][  0]LogConfig: Applying CVar settings from Section [EffectsQuality@3] File [C:/Git/Saf/GameUniHack/PixelPerfect/Saved/Config/Windows/Scalability.ini]
[2025.11.16-11.46.31:812][  0]LogConfig: Setting CVar [[r.TranslucencyLightingVolumeDim:64]]
[2025.11.16-11.46.31:812][  0]LogConfig: Setting CVar [[r.RefractionQuality:2]]
[2025.11.16-11.46.31:812][  0]LogConfig: Setting CVar [[r.SSR.Quality:3]]
[2025.11.16-11.46.31:812][  0]LogConfig: Setting CVar [[r.SSR.HalfResSceneColor:0]]
[2025.11.16-11.46.31:812][  0]LogConfig: Setting CVar [[r.SceneColorFormat:4]]
[2025.11.16-11.46.31:812][  0]LogConfig: Setting CVar [[r.DetailMode:2]]
[2025.11.16-11.46.31:812][  0]LogConfig: Setting CVar [[r.TranslucencyVolumeBlur:1]]
[2025.11.16-11.46.31:812][  0]LogConfig: Setting CVar [[r.MaterialQualityLevel:1 ; High quality]]
[2025.11.16-11.46.31:812][  0]LogConfig: Setting CVar [[r.SSS.Scale:1]]
[2025.11.16-11.46.31:812][  0]LogConfig: Setting CVar [[r.SSS.SampleSet:2]]
[2025.11.16-11.46.31:812][  0]LogConfig: Setting CVar [[r.SSS.Quality:1]]
[2025.11.16-11.46.31:812][  0]LogConfig: Setting CVar [[r.SSS.HalfRes:0]]
[2025.11.16-11.46.31:812][  0]LogConfig: Setting CVar [[r.SSGI.Quality:3]]
[2025.11.16-11.46.31:812][  0]LogConfig: Setting CVar [[r.EmitterSpawnRateScale:1.0]]
[2025.11.16-11.46.31:812][  0]LogConfig: Setting CVar [[r.ParticleLightQuality:2]]
[2025.11.16-11.46.31:812][  0]LogConfig: Setting CVar [[r.SkyAtmosphere.AerialPerspectiveLUT.FastApplyOnOpaque:1 ; Always have FastSkyLUT 1 in this case to avoid wrong sky]]
[2025.11.16-11.46.31:812][  0]LogConfig: Setting CVar [[r.SkyAtmosphere.AerialPerspectiveLUT.SampleCountPerSlice:1]]
[2025.11.16-11.46.31:812][  0]LogConfig: Setting CVar [[r.SkyAtmosphere.AerialPerspectiveLUT.DepthResolution:16.0]]
[2025.11.16-11.46.31:812][  0]LogConfig: Setting CVar [[r.SkyAtmosphere.FastSkyLUT:1]]
[2025.11.16-11.46.31:812][  0]LogConfig: Setting CVar [[r.SkyAtmosphere.FastSkyLUT.SampleCountMin:4.0]]
[2025.11.16-11.46.31:812][  0]LogConfig: Setting CVar [[r.SkyAtmosphere.FastSkyLUT.SampleCountMax:32.0]]
[2025.11.16-11.46.31:812][  0]LogConfig: Setting CVar [[r.SkyAtmosphere.SampleCountMin:4.0]]
[2025.11.16-11.46.31:812][  0]LogConfig: Setting CVar [[r.SkyAtmosphere.SampleCountMax:32.0]]
[2025.11.16-11.46.31:812][  0]LogConfig: Setting CVar [[r.SkyAtmosphere.TransmittanceLUT.UseSmallFormat:0]]
[2025.11.16-11.46.31:812][  0]LogConfig: Setting CVar [[r.SkyAtmosphere.TransmittanceLUT.SampleCount:10.0]]
[2025.11.16-11.46.31:812][  0]LogConfig: Setting CVar [[r.SkyAtmosphere.MultiScatteringLUT.SampleCount:15.0]]
[2025.11.16-11.46.31:812][  0]LogConfig: Applying CVar settings from Section [FoliageQuality@3] File [C:/Git/Saf/GameUniHack/PixelPerfect/Saved/Config/Windows/Scalability.ini]
[2025.11.16-11.46.31:812][  0]LogConfig: Setting CVar [[foliage.DensityScale:1.0]]
[2025.11.16-11.46.31:812][  0]LogConfig: Setting CVar [[grass.DensityScale:1.0]]
[2025.11.16-11.46.31:812][  0]LogConfig: Applying CVar settings from Section [ShadingQuality@3] File [C:/Git/Saf/GameUniHack/PixelPerfect/Saved/Config/Windows/Scalability.ini]
[2025.11.16-11.46.31:812][  0]LogConfig: Setting CVar [[r.HairStrands.SkyLighting.SampleCount:16]]
[2025.11.16-11.46.31:812][  0]LogConfig: Setting CVar [[r.HairStrands.SkyLighting.JitterIntegration:0]]
[2025.11.16-11.46.31:812][  0]LogConfig: Setting CVar [[r.HairStrands.SkyAO.SampleCount:16]]
[2025.11.16-11.46.31:812][  0]LogConfig: Setting CVar [[r.HairStrands.DeepShadow.SuperSampling:0]]
[2025.11.16-11.46.31:812][  0]LogConfig: Setting CVar [[r.HairStrands.VisibilityPPLL:0]]
[2025.11.16-11.46.31:812][  0]LogConfig: Setting CVar [[r.HairStrands.RasterizationScale:0.5]]
[2025.11.16-11.46.31:812][  0]LogConfig: Setting CVar [[r.HairStrands.VelocityRasterizationScale:1]]
[2025.11.16-11.46.31:812][  0]LogInit: Selected Device Profile: [Windows]
[2025.11.16-11.46.31:812][  0]LogInit: Applying CVar settings loaded from the selected device profile: [Windows]
[2025.11.16-11.46.31:812][  0]LogHAL: Display: Platform has ~ 16 GB [16870006784 / 17179869184 / 16], which maps to Larger [LargestMinGB=32, LargerMinGB=12, DefaultMinGB=8, SmallerMinGB=6, SmallestMinGB=0)
[2025.11.16-11.46.31:812][  0]LogInit: Going up to parent DeviceProfile []
[2025.11.16-11.46.31:812][  0]LogConfig: Applying CVar settings from Section [ViewDistanceQuality@3] File [C:/Git/Saf/GameUniHack/PixelPerfect/Saved/Config/Windows/Scalability.ini]
[2025.11.16-11.46.31:812][  0]LogConfig: Setting CVar [[r.SkeletalMeshLODBias:0]]
[2025.11.16-11.46.31:812][  0]LogConfig: Setting CVar [[r.ViewDistanceScale:1.0]]
[2025.11.16-11.46.31:812][  0]LogConfig: Applying CVar settings from Section [AntiAliasingQuality@3] File [C:/Git/Saf/GameUniHack/PixelPerfect/Saved/Config/Windows/Scalability.ini]
[2025.11.16-11.46.31:812][  0]LogConfig: Setting CVar [[r.PostProcessAAQuality:4]]
[2025.11.16-11.46.31:812][  0]LogConfig: Applying CVar settings from Section [ShadowQuality@3] File [C:/Git/Saf/GameUniHack/PixelPerfect/Saved/Config/Windows/Scalability.ini]
[2025.11.16-11.46.31:812][  0]LogConfig: Setting CVar [[r.LightFunctionQuality:1]]
[2025.11.16-11.46.31:812][  0]LogConfig: Setting CVar [[r.ShadowQuality:5]]
[2025.11.16-11.46.31:812][  0]LogConfig: Setting CVar [[r.Shadow.CSM.MaxCascades:10]]
[2025.11.16-11.46.31:812][  0]LogConfig: Setting CVar [[r.Shadow.MaxResolution:2048]]
[2025.11.16-11.46.31:812][  0]LogConfig: Setting CVar [[r.Shadow.MaxCSMResolution:2048]]
[2025.11.16-11.46.31:812][  0]LogConfig: Setting CVar [[r.Shadow.RadiusThreshold:0.01]]
[2025.11.16-11.46.31:812][  0]LogConfig: Setting CVar [[r.Shadow.DistanceScale:1.0]]
[2025.11.16-11.46.31:812][  0]LogConfig: Setting CVar [[r.Shadow.CSM.TransitionScale:1.0]]
[2025.11.16-11.46.31:812][  0]LogConfig: Setting CVar [[r.Shadow.PreShadowResolutionFactor:1.0]]
[2025.11.16-11.46.31:812][  0]LogConfig: Setting CVar [[r.DistanceFieldShadowing:1]]
[2025.11.16-11.46.31:812][  0]LogConfig: Setting CVar [[r.DistanceFieldAO:1]]
[2025.11.16-11.46.31:812][  0]LogConfig: Setting CVar [[r.AOQuality:2]]
[2025.11.16-11.46.31:812][  0]LogConfig: Setting CVar [[r.VolumetricFog:1]]
[2025.11.16-11.46.31:812][  0]LogConfig: Setting CVar [[r.VolumetricFog.GridPixelSize:8]]
[2025.11.16-11.46.31:812][  0]LogConfig: Setting CVar [[r.VolumetricFog.GridSizeZ:128]]
[2025.11.16-11.46.31:812][  0]LogConfig: Setting CVar [[r.VolumetricFog.HistoryMissSupersampleCount:4]]
[2025.11.16-11.46.31:812][  0]LogConfig: Setting CVar [[r.LightMaxDrawDistanceScale:1]]
[2025.11.16-11.46.31:812][  0]LogConfig: Setting CVar [[r.CapsuleShadows:1]]
[2025.11.16-11.46.31:812][  0]LogConfig: Applying CVar settings from Section [PostProcessQuality@3] File [C:/Git/Saf/GameUniHack/PixelPerfect/Saved/Config/Windows/Scalability.ini]
[2025.11.16-11.46.31:812][  0]LogConfig: Setting CVar [[r.MotionBlurQuality:4]]
[2025.11.16-11.46.31:812][  0]LogConfig: Setting CVar [[r.AmbientOcclusionMipLevelFactor:0.4]]
[2025.11.16-11.46.31:812][  0]LogConfig: Setting CVar [[r.AmbientOcclusionMaxQuality:100]]
[2025.11.16-11.46.31:812][  0]LogConfig: Setting CVar [[r.AmbientOcclusionLevels:-1]]
[2025.11.16-11.46.31:812][  0]LogConfig: Setting CVar [[r.AmbientOcclusionRadiusScale:1.0]]
[2025.11.16-11.46.31:812][  0]LogConfig: Setting CVar [[r.DepthOfFieldQuality:2]]
[2025.11.16-11.46.31:812][  0]LogConfig: Setting CVar [[r.RenderTargetPoolMin:400]]
[2025.11.16-11.46.31:812][  0]LogConfig: Setting CVar [[r.LensFlareQuality:2]]
[2025.11.16-11.46.31:812][  0]LogConfig: Setting CVar [[r.SceneColorFringeQuality:1]]
[2025.11.16-11.46.31:812][  0]LogConfig: Setting CVar [[r.EyeAdaptationQuality:2]]
[2025.11.16-11.46.31:813][  0]LogConfig: Setting CVar [[r.BloomQuality:5]]
[2025.11.16-11.46.31:813][  0]LogConfig: Setting CVar [[r.FastBlurThreshold:100]]
[2025.11.16-11.46.31:813][  0]LogConfig: Setting CVar [[r.Upscale.Quality:3]]
[2025.11.16-11.46.31:813][  0]LogConfig: Setting CVar [[r.Tonemapper.GrainQuantization:1]]
[2025.11.16-11.46.31:813][  0]LogConfig: Setting CVar [[r.LightShaftQuality:1]]
[2025.11.16-11.46.31:813][  0]LogConfig: Setting CVar [[r.Filter.SizeScale:1]]
[2025.11.16-11.46.31:813][  0]LogConfig: Setting CVar [[r.Tonemapper.Quality:5]]
[2025.11.16-11.46.31:813][  0]LogConfig: Setting CVar [[r.DOF.Gather.AccumulatorQuality:1        ; higher gathering accumulator quality]]
[2025.11.16-11.46.31:813][  0]LogConfig: Setting CVar [[r.DOF.Gather.PostfilterMethod:1          ; Median3x3 postfilering method]]
[2025.11.16-11.46.31:813][  0]LogConfig: Setting CVar [[r.DOF.Gather.EnableBokehSettings:0       ; no bokeh simulation when gathering]]
[2025.11.16-11.46.31:813][  0]LogConfig: Setting CVar [[r.DOF.Gather.RingCount:4                 ; medium number of samples when gathering]]
[2025.11.16-11.46.31:813][  0]LogConfig: Setting CVar [[r.DOF.Scatter.ForegroundCompositing:1    ; additive foreground scattering]]
[2025.11.16-11.46.31:813][  0]LogConfig: Setting CVar [[r.DOF.Scatter.BackgroundCompositing:2    ; additive background scattering]]
[2025.11.16-11.46.31:813][  0]LogConfig: Setting CVar [[r.DOF.Scatter.EnableBokehSettings:1      ; bokeh simulation when scattering]]
[2025.11.16-11.46.31:813][  0]LogConfig: Setting CVar [[r.DOF.Scatter.MaxSpriteRatio:0.1         ; only a maximum of 10% of scattered bokeh]]
[2025.11.16-11.46.31:813][  0]LogConfig: Setting CVar [[r.DOF.Recombine.Quality:1                ; cheap slight out of focus]]
[2025.11.16-11.46.31:813][  0]LogConfig: Setting CVar [[r.DOF.Recombine.EnableBokehSettings:0    ; no bokeh simulation on slight out of focus]]
[2025.11.16-11.46.31:813][  0]LogConfig: Setting CVar [[r.DOF.TemporalAAQuality:1                ; more stable temporal accumulation]]
[2025.11.16-11.46.31:813][  0]LogConfig: Setting CVar [[r.DOF.Kernel.MaxForegroundRadius:0.025]]
[2025.11.16-11.46.31:813][  0]LogConfig: Setting CVar [[r.DOF.Kernel.MaxBackgroundRadius:0.025]]
[2025.11.16-11.46.31:813][  0]LogConfig: Applying CVar settings from Section [TextureQuality@3] File [C:/Git/Saf/GameUniHack/PixelPerfect/Saved/Config/Windows/Scalability.ini]
[2025.11.16-11.46.31:813][  0]LogConfig: Setting CVar [[r.Streaming.MipBias:0]]
[2025.11.16-11.46.31:813][  0]LogConfig: Setting CVar [[r.Streaming.AmortizeCPUToGPUCopy:0]]
[2025.11.16-11.46.31:813][  0]LogConfig: Setting CVar [[r.Streaming.MaxNumTexturesToStreamPerFrame:0]]
[2025.11.16-11.46.31:813][  0]LogConfig: Setting CVar [[r.Streaming.Boost:1]]
[2025.11.16-11.46.31:813][  0]LogConfig: Setting CVar [[r.MaxAnisotropy:8]]
[2025.11.16-11.46.31:813][  0]LogConfig: Setting CVar [[r.VT.MaxAnisotropy:8]]
[2025.11.16-11.46.31:813][  0]LogConfig: Setting CVar [[r.Streaming.LimitPoolSizeToVRAM:0]]
[2025.11.16-11.46.31:813][  0]LogConfig: Setting CVar [[r.Streaming.PoolSize:1000]]
[2025.11.16-11.46.31:813][  0]LogConfig: Setting CVar [[r.Streaming.MaxEffectiveScreenSize:0]]
[2025.11.16-11.46.31:813][  0]LogConfig: Applying CVar settings from Section [EffectsQuality@3] File [C:/Git/Saf/GameUniHack/PixelPerfect/Saved/Config/Windows/Scalability.ini]
[2025.11.16-11.46.31:813][  0]LogConfig: Setting CVar [[r.TranslucencyLightingVolumeDim:64]]
[2025.11.16-11.46.31:813][  0]LogConfig: Setting CVar [[r.RefractionQuality:2]]
[2025.11.16-11.46.31:813][  0]LogConfig: Setting CVar [[r.SSR.Quality:3]]
[2025.11.16-11.46.31:813][  0]LogConfig: Setting CVar [[r.SSR.HalfResSceneColor:0]]
[2025.11.16-11.46.31:813][  0]LogConfig: Setting CVar [[r.SceneColorFormat:4]]
[2025.11.16-11.46.31:813][  0]LogConfig: Setting CVar [[r.DetailMode:2]]
[2025.11.16-11.46.31:813][  0]LogConfig: Setting CVar [[r.TranslucencyVolumeBlur:1]]
[2025.11.16-11.46.31:813][  0]LogConfig: Setting CVar [[r.MaterialQualityLevel:1 ; High quality]]
[2025.11.16-11.46.31:813][  0]LogConfig: Setting CVar [[r.SSS.Scale:1]]
[2025.11.16-11.46.31:813][  0]LogConfig: Setting CVar [[r.SSS.SampleSet:2]]
[2025.11.16-11.46.31:813][  0]LogConfig: Setting CVar [[r.SSS.Quality:1]]
[2025.11.16-11.46.31:813][  0]LogConfig: Setting CVar [[r.SSS.HalfRes:0]]
[2025.11.16-11.46.31:813][  0]LogConfig: Setting CVar [[r.SSGI.Quality:3]]
[2025.11.16-11.46.31:813][  0]LogConfig: Setting CVar [[r.EmitterSpawnRateScale:1.0]]
[2025.11.16-11.46.31:813][  0]LogConfig: Setting CVar [[r.ParticleLightQuality:2]]
[2025.11.16-11.46.31:813][  0]LogConfig: Setting CVar [[r.SkyAtmosphere.AerialPerspectiveLUT.FastApplyOnOpaque:1 ; Always have FastSkyLUT 1 in this case to avoid wrong sky]]
[2025.11.16-11.46.31:813][  0]LogConfig: Setting CVar [[r.SkyAtmosphere.AerialPerspectiveLUT.SampleCountPerSlice:1]]
[2025.11.16-11.46.31:813][  0]LogConfig: Setting CVar [[r.SkyAtmosphere.AerialPerspectiveLUT.DepthResolution:16.0]]
[2025.11.16-11.46.31:813][  0]LogConfig: Setting CVar [[r.SkyAtmosphere.FastSkyLUT:1]]
[2025.11.16-11.46.31:813][  0]LogConfig: Setting CVar [[r.SkyAtmosphere.FastSkyLUT.SampleCountMin:4.0]]
[2025.11.16-11.46.31:813][  0]LogConfig: Setting CVar [[r.SkyAtmosphere.FastSkyLUT.SampleCountMax:32.0]]
[2025.11.16-11.46.31:813][  0]LogConfig: Setting CVar [[r.SkyAtmosphere.SampleCountMin:4.0]]
[2025.11.16-11.46.31:813][  0]LogConfig: Setting CVar [[r.SkyAtmosphere.SampleCountMax:32.0]]
[2025.11.16-11.46.31:813][  0]LogConfig: Setting CVar [[r.SkyAtmosphere.TransmittanceLUT.UseSmallFormat:0]]
[2025.11.16-11.46.31:813][  0]LogConfig: Setting CVar [[r.SkyAtmosphere.TransmittanceLUT.SampleCount:10.0]]
[2025.11.16-11.46.31:813][  0]LogConfig: Setting CVar [[r.SkyAtmosphere.MultiScatteringLUT.SampleCount:15.0]]
[2025.11.16-11.46.31:813][  0]LogConfig: Applying CVar settings from Section [FoliageQuality@3] File [C:/Git/Saf/GameUniHack/PixelPerfect/Saved/Config/Windows/Scalability.ini]
[2025.11.16-11.46.31:813][  0]LogConfig: Setting CVar [[foliage.DensityScale:1.0]]
[2025.11.16-11.46.31:813][  0]LogConfig: Setting CVar [[grass.DensityScale:1.0]]
[2025.11.16-11.46.31:813][  0]LogConfig: Applying CVar settings from Section [ShadingQuality@3] File [C:/Git/Saf/GameUniHack/PixelPerfect/Saved/Config/Windows/Scalability.ini]
[2025.11.16-11.46.31:813][  0]LogConfig: Setting CVar [[r.HairStrands.SkyLighting.SampleCount:16]]
[2025.11.16-11.46.31:813][  0]LogConfig: Setting CVar [[r.HairStrands.SkyLighting.JitterIntegration:0]]
[2025.11.16-11.46.31:813][  0]LogConfig: Setting CVar [[r.HairStrands.SkyAO.SampleCount:16]]
[2025.11.16-11.46.31:813][  0]LogConfig: Setting CVar [[r.HairStrands.DeepShadow.SuperSampling:0]]
[2025.11.16-11.46.31:813][  0]LogConfig: Setting CVar [[r.HairStrands.VisibilityPPLL:0]]
[2025.11.16-11.46.31:813][  0]LogConfig: Setting CVar [[r.HairStrands.RasterizationScale:0.5]]
[2025.11.16-11.46.31:813][  0]LogConfig: Setting CVar [[r.HairStrands.VelocityRasterizationScale:1]]
[2025.11.16-11.46.31:813][  0]LogConfig: Applying CVar settings from Section [Startup] File [../../../Engine/Config/ConsoleVariables.ini]
[2025.11.16-11.46.31:814][  0]LogConfig: Setting CVar [[net.UseAdaptiveNetUpdateFrequency:0]]
[2025.11.16-11.46.31:814][  0]LogConfig: Setting CVar [[p.chaos.AllowCreatePhysxBodies:1]]
[2025.11.16-11.46.31:814][  0]LogConfig: Setting CVar [[fx.SkipVectorVMBackendOptimizations:1]]
[2025.11.16-11.46.31:814][  0]LogConfig: Applying CVar settings from Section [ConsoleVariables] File [C:/Git/Saf/GameUniHack/PixelPerfect/Saved/Config/Windows/Engine.ini]
[2025.11.16-11.46.31:814][  0]LogInit: Computer: MIRONEL
[2025.11.16-11.46.31:814][  0]LogInit: User: Dorain
[2025.11.16-11.46.31:814][  0]LogInit: CPU Page size=4096, Cores=8
[2025.11.16-11.46.31:814][  0]LogInit: High frequency timer resolution =10.000000 MHz
[2025.11.16-11.46.31:814][  0]LogMemory: Memory total: Physical=15.7GB (16GB approx)
[2025.11.16-11.46.31:814][  0]LogMemory: Platform Memory Stats for Windows
[2025.11.16-11.46.31:814][  0]LogMemory: Process Physical Memory: 118.34 MB used, 118.34 MB peak
[2025.11.16-11.46.31:814][  0]LogMemory: Process Virtual Memory: 111.57 MB used, 111.57 MB peak
[2025.11.16-11.46.31:814][  0]LogMemory: Physical Memory: 10078.63 MB used,  6009.86 MB free, 16088.49 MB total
[2025.11.16-11.46.31:814][  0]LogMemory: Virtual Memory: 5189.87 MB used,  134212536.00 MB free, 134217728.00 MB total
[2025.11.16-11.46.31:820][  0]LogWindows: WindowsPlatformFeatures enabled
[2025.11.16-11.46.31:872][  0]LogInit: Physics initialised using underlying interface: PhysX
[2025.11.16-11.46.31:872][  0]LogInit: Using OS detected language (en-US).
[2025.11.16-11.46.31:873][  0]LogInit: Using OS detected locale (en-US).
[2025.11.16-11.46.31:875][  0]LogTextLocalizationManager: No specific localization for 'en-US' exists, so the 'en' localization will be used.
[2025.11.16-11.46.32:038][  0]LogInit: Setting process to per monitor DPI aware
[2025.11.16-11.46.32:064][  0]LogSlate: New Slate User Created.  User Index 0, Is Virtual User: 0
[2025.11.16-11.46.32:064][  0]LogSlate: Slate User Registered.  User Index 0, Is Virtual User: 0
[2025.11.16-11.46.32:215][  0]LogHMD: Failed to initialize OpenVR with code 110
[2025.11.16-11.46.32:215][  0]LogD3D11RHI: D3D11 min allowed feature level: 11_0
[2025.11.16-11.46.32:215][  0]LogD3D11RHI: D3D11 max allowed feature level: 11_0
[2025.11.16-11.46.32:215][  0]LogD3D11RHI: D3D11 adapters:
[2025.11.16-11.46.32:396][  0]LogD3D11RHI:    0. 'NVIDIA GeForce RTX 3050 Laptop GPU' (Feature Level 11_0)
[2025.11.16-11.46.32:396][  0]LogD3D11RHI:       3965/0/8044 MB DedicatedVideo/DedicatedSystem/SharedSystem, Outputs:1, VendorId:0x10de
[2025.11.16-11.46.32:465][  0]LogD3D11RHI:    1. 'Intel(R) UHD Graphics' (Feature Level 11_0)
[2025.11.16-11.46.32:466][  0]LogD3D11RHI:       128/0/8044 MB DedicatedVideo/DedicatedSystem/SharedSystem, Outputs:0, VendorId:0x8086
[2025.11.16-11.46.32:468][  0]LogD3D11RHI:    2. 'Microsoft Basic Render Driver' (Feature Level 11_0)
[2025.11.16-11.46.32:468][  0]LogD3D11RHI:       0/0/8044 MB DedicatedVideo/DedicatedSystem/SharedSystem, Outputs:0, VendorId:0x1414
[2025.11.16-11.46.32:468][  0]LogD3D11RHI: Chosen D3D11 Adapter: 0
[2025.11.16-11.46.32:478][  0]LogD3D11RHI: Creating new Direct3DDevice
[2025.11.16-11.46.32:478][  0]LogD3D11RHI:     GPU DeviceId: 0x25a2 (for the marketing name, search the web for "GPU Device Id")
[2025.11.16-11.46.32:478][  0]LogWindows: EnumDisplayDevices:
[2025.11.16-11.46.32:478][  0]LogWindows:    0. 'Intel(R) UHD Graphics' (P:1 D:1)
[2025.11.16-11.46.32:479][  0]LogWindows:    1. 'Intel(R) UHD Graphics' (P:0 D:0)
[2025.11.16-11.46.32:479][  0]LogWindows:    2. 'Intel(R) UHD Graphics' (P:0 D:0)
[2025.11.16-11.46.32:480][  0]LogWindows:    3. 'Intel(R) UHD Graphics' (P:0 D:0)
[2025.11.16-11.46.32:480][  0]LogWindows: DebugString: PrimaryIsNotTheChoosenAdapter PrimaryIsNotTheChoosenAdapter PrimaryIsNotTheChoosenAdapter PrimaryIsNotTheChoosenAdapter FoundDriverCount:0 
[2025.11.16-11.46.32:480][  0]LogD3D11RHI:     Adapter Name: NVIDIA GeForce RTX 3050 Laptop GPU
[2025.11.16-11.46.32:480][  0]LogD3D11RHI:   Driver Version: Unknown (internal:Unknown, unified:Unknown)
[2025.11.16-11.46.32:480][  0]LogD3D11RHI:      Driver Date: Unknown
[2025.11.16-11.46.32:480][  0]LogRHI: Texture pool is 2775 MB (70% of 3965 MB)
[2025.11.16-11.46.32:618][  0]LogD3D11RHI: RHI has support for 64 bit atomics
[2025.11.16-11.46.32:619][  0]LogD3D11RHI: Async texture creation enabled
[2025.11.16-11.46.32:619][  0]LogD3D11RHI: Array index from any shader is supported
[2025.11.16-11.46.32:645][  0]LogD3D11RHI: GPU Timing Frequency: 1000.000000 (Debug: 2 2)
[2025.11.16-11.46.32:965][  0]LogTargetPlatformManager: Display: Loaded TargetPlatform 'AllDesktop'
[2025.11.16-11.46.32:986][  0]LogTargetPlatformManager: Display: Loaded TargetPlatform 'Android'
[2025.11.16-11.46.32:986][  0]LogTargetPlatformManager: Display: Loaded TargetPlatform 'Android_ASTC'
[2025.11.16-11.46.32:986][  0]LogTargetPlatformManager: Display: Loaded TargetPlatform 'Android_DXT'
[2025.11.16-11.46.32:986][  0]LogTargetPlatformManager: Display: Loaded TargetPlatform 'Android_ETC2'
[2025.11.16-11.46.32:986][  0]LogTargetPlatformManager: Display: Loaded TargetPlatform 'AndroidClient'
[2025.11.16-11.46.32:986][  0]LogTargetPlatformManager: Display: Loaded TargetPlatform 'Android_ASTCClient'
[2025.11.16-11.46.32:986][  0]LogTargetPlatformManager: Display: Loaded TargetPlatform 'Android_DXTClient'
[2025.11.16-11.46.32:986][  0]LogTargetPlatformManager: Display: Loaded TargetPlatform 'Android_ETC2Client'
[2025.11.16-11.46.32:986][  0]LogTargetPlatformManager: Display: Loaded TargetPlatform 'Android_Multi'
[2025.11.16-11.46.32:986][  0]LogTargetPlatformManager: Display: Loaded TargetPlatform 'Android_MultiClient'
[2025.11.16-11.46.33:017][  0]LogTargetPlatformManager: Display: Loaded TargetPlatform 'IOSClient'
[2025.11.16-11.46.33:017][  0]LogTargetPlatformManager: Display: Loaded TargetPlatform 'IOS'
[2025.11.16-11.46.33:028][  0]LogTargetPlatformManager: Display: Loaded TargetPlatform 'Linux'
[2025.11.16-11.46.33:040][  0]LogTargetPlatformManager: Display: Loaded TargetPlatform 'LinuxNoEditor'
[2025.11.16-11.46.33:054][  0]LogTargetPlatformManager: Display: Loaded TargetPlatform 'LinuxClient'
[2025.11.16-11.46.33:065][  0]LogTargetPlatformManager: Display: Loaded TargetPlatform 'LinuxServer'
[2025.11.16-11.46.33:073][  0]LogTargetPlatformManager: Display: Loaded TargetPlatform 'LinuxAArch64NoEditor'
[2025.11.16-11.46.33:083][  0]LogTargetPlatformManager: Display: Loaded TargetPlatform 'LinuxAArch64Client'
[2025.11.16-11.46.33:092][  0]LogTargetPlatformManager: Display: Loaded TargetPlatform 'LinuxAArch64Server'
[2025.11.16-11.46.33:116][  0]LogTargetPlatformManager: Display: Loaded TargetPlatform 'Lumin'
[2025.11.16-11.46.33:116][  0]LogTargetPlatformManager: Display: Loaded TargetPlatform 'LuminClient'
[2025.11.16-11.46.33:131][  0]LogTargetPlatformManager: Display: Loaded TargetPlatform 'TVOSClient'
[2025.11.16-11.46.33:131][  0]LogTargetPlatformManager: Display: Loaded TargetPlatform 'TVOS'
[2025.11.16-11.46.33:140][  0]LogTargetPlatformManager: Display: Loaded TargetPlatform 'WindowsNoEditor'
[2025.11.16-11.46.33:154][  0]LogTargetPlatformManager: Display: Loaded TargetPlatform 'Windows'
[2025.11.16-11.46.33:162][  0]LogTargetPlatformManager: Display: Loaded TargetPlatform 'WindowsClient'
[2025.11.16-11.46.33:170][  0]LogTargetPlatformManager: Display: Loaded TargetPlatform 'WindowsServer'
[2025.11.16-11.46.33:170][  0]LogTargetPlatformManager: Display: Building Assets For Windows
[2025.11.16-11.46.33:178][  0]LogAudioDebug: Display: Lib vorbis DLL was dynamically loaded.
[2025.11.16-11.46.33:286][  0]LogShaderCompilers: Guid format shader working directory is -4 characters bigger than the processId version (../../../../../../Git/Saf/GameUniHack/PixelPerfect/Intermediate/Shaders/WorkingDirectory/33344/).
[2025.11.16-11.46.33:287][  0]LogShaderCompilers: Cleaned the shader compiler working directory 'C:/Users/Dorain/AppData/Local/Temp/UnrealShaderWorkingDir/504EC25645D6998505F44CA3C167CEB2/'.
[2025.11.16-11.46.33:287][  0]LogXGEController: Cannot use XGE Controller as Incredibuild is not installed on this machine.
[2025.11.16-11.46.33:287][  0]LogShaderCompilers: Cannot use XGE Shader Compiler as Incredibuild is not installed on this machine.
[2025.11.16-11.46.33:287][  0]LogShaderCompilers: Display: Using Local Shader Compiler.
[2025.11.16-11.46.34:060][  0]LogDerivedDataCache: Display: Max Cache Size: 512 MB
[2025.11.16-11.46.34:109][  0]LogDerivedDataCache: Loaded boot cache 0.05s 75MB C:/Users/Dorain/AppData/Local/UnrealEngine/4.25/DerivedDataCache/Boot.ddc.
[2025.11.16-11.46.34:109][  0]LogDerivedDataCache: Display: Loaded Boot cache: C:/Users/Dorain/AppData/Local/UnrealEngine/4.25/DerivedDataCache/Boot.ddc
[2025.11.16-11.46.34:109][  0]LogDerivedDataCache: FDerivedDataBackendGraph:  Pak pak cache file ../../../../../../Git/Saf/GameUniHack/PixelPerfect/DerivedDataCache/DDC.ddp not found, will not use a pak cache.
[2025.11.16-11.46.34:109][  0]LogDerivedDataCache: Unable to find inner node Pak for hierarchical cache Hierarchy.
[2025.11.16-11.46.34:110][  0]LogDerivedDataCache: FDerivedDataBackendGraph:  CompressedPak pak cache file ../../../../../../Git/Saf/GameUniHack/PixelPerfect/DerivedDataCache/Compressed.ddp not found, will not use a pak cache.
[2025.11.16-11.46.34:110][  0]LogDerivedDataCache: Unable to find inner node CompressedPak for hierarchical cache Hierarchy.
[2025.11.16-11.46.34:120][  0]LogDerivedDataCache: Display: Pak cache opened for reading ../../../Engine/DerivedDataCache/Compressed.ddp.
[2025.11.16-11.46.34:120][  0]LogDerivedDataCache: FDerivedDataBackendGraph:  EnterprisePak pak cache file ../../../Enterprise/DerivedDataCache/Compressed.ddp not found, will not use a pak cache.
[2025.11.16-11.46.34:120][  0]LogDerivedDataCache: Unable to find inner node EnterprisePak for hierarchical cache Hierarchy.
[2025.11.16-11.46.34:121][  0]LogDerivedDataCache: Using Local data cache path C:/Users/Dorain/AppData/Local/UnrealEngine/Common/DerivedDataCache: Writable
[2025.11.16-11.46.34:121][  0]LogDerivedDataCache: Shared data cache path not found in *engine.ini, will not use an Shared cache.
[2025.11.16-11.46.34:121][  0]LogDerivedDataCache: Unable to find inner node Shared for hierarchical cache Hierarchy.
[2025.11.16-11.46.34:165][  0]LogSlate: Using FreeType 2.10.0
[2025.11.16-11.46.34:165][  0]LogSlate: SlateFontServices - WITH_FREETYPE: 1, WITH_HARFBUZZ: 1
[2025.11.16-11.46.34:201][  0]LogAssetRegistry: FAssetRegistry took 0.0026 seconds to start up
[2025.11.16-11.46.34:414][  0]LogInit: Selected Device Profile: [Windows]
[2025.11.16-11.46.34:519][  0]LogMeshReduction: Using QuadricMeshReduction for automatic static mesh reduction
[2025.11.16-11.46.34:519][  0]LogMeshReduction: Using SimplygonMeshReduction for automatic skeletal mesh reduction
[2025.11.16-11.46.34:519][  0]LogMeshReduction: Using ProxyLODMeshReduction for automatic mesh merging
[2025.11.16-11.46.34:519][  0]LogMeshReduction: No distributed automatic mesh merging module available
[2025.11.16-11.46.34:519][  0]LogMeshMerging: No distributed automatic mesh merging module available
[2025.11.16-11.46.34:532][  0]LogNetVersion: PixelPerfect 1.0.0, NetCL: 13144385, EngineNetVer: 14, GameNetVer: 0 (Checksum: 3238356578)
[2025.11.16-11.46.34:985][  0]LogAISub: UAISubsystem::UAISubsystem AISubsystem (000001C12271C380), frame # 0
[2025.11.16-11.46.34:985][  0]LogAISub: UAISubsystem::UAISubsystem AIPerceptionSystem (000001C12265AAC0), frame # 0
[2025.11.16-11.46.34:986][  0]LogAISub: UAISubsystem::UAISubsystem EnvQueryManager (000001C1226ADE00), frame # 0
[2025.11.16-11.46.35:032][  0]LogPackageLocalizationCache: Processed 19 localized package path(s) for 1 prioritized culture(s) in 0.038549 seconds
[2025.11.16-11.46.35:036][  0]LogUObjectArray: 15917 objects as part of root set at end of initial load.
[2025.11.16-11.46.35:036][  0]LogUObjectAllocator: 3965568 out of 0 bytes used by permanent object pool.
[2025.11.16-11.46.35:036][  0]LogUObjectArray: CloseDisregardForGC: 0/0 objects in disregard for GC pool
[2025.11.16-11.46.35:388][  0]LogTcpMessaging: Initializing TcpMessaging bridge
[2025.11.16-11.46.35:392][  0]LogUdpMessaging: Initializing bridge on interface 0.0.0.0:0 to multicast group 230.0.0.1:6666.
[2025.11.16-11.46.35:475][  0]SourceControl: Source control is disabled
[2025.11.16-11.46.35:475][  0]SourceControl: Source control is disabled
[2025.11.16-11.46.35:478][  0]SourceControl: Source control is disabled
[2025.11.16-11.46.35:482][  0]SourceControl: Source control is disabled
[2025.11.16-11.46.35:492][  0]SourceControl: Source control is disabled
[2025.11.16-11.46.35:758][  0]LogAndroidPermission: UAndroidPermissionCallbackProxy::GetInstance
[2025.11.16-11.46.35:778][  0]LogAudioCaptureCore: Display: No Audio Capture implementations found. Audio input will be silent.
[2025.11.16-11.46.35:778][  0]LogAudioCaptureCore: Display: No Audio Capture implementations found. Audio input will be silent.
[2025.11.16-11.46.35:825][  0]LogOcInput: OculusInput pre-init called
[2025.11.16-11.46.35:836][  0]LogWindows: Failed to load 'OVRPlugin.dll' (GetLastError=126)
[2025.11.16-11.46.35:836][  0]LogWindows: File 'OVRPlugin.dll' does not exist
[2025.11.16-11.46.35:900][  0]LogEngine: Initializing Engine...
[2025.11.16-11.46.35:904][  0]LogHMD: Failed to initialize OpenVR with code 110
[2025.11.16-11.46.35:904][  0]LogMagicLeap: Warning: VR disabled because ZI is not enabled.  To enable, in the editor, Edit -> Project Settings -> Plugins -> Magic Leap Plugin -> Enable Zero Iteration
[2025.11.16-11.46.35:905][  0]LogStats: UGameplayTagsManager::InitializeManager -  0.000 s
[2025.11.16-11.46.36:014][  0]LogInit: Initializing FReadOnlyCVARCache
[2025.11.16-11.46.36:026][  0]LogAIModule: Creating AISystem for world Untitled
[2025.11.16-11.46.36:026][  0]LogAISub: UAISubsystem::UAISubsystem EnvQueryManager (000001C1297A0600), frame # 0
[2025.11.16-11.46.36:026][  0]LogAISub: UAISubsystem::UAISubsystem AIPerceptionSystem (000001C129753B00), frame # 0
[2025.11.16-11.46.36:036][  0]LogAudioMixer: Display: Audio Mixer Platform Settings:
[2025.11.16-11.46.36:036][  0]LogAudioMixer: Display: 	Sample Rate:						  48000
[2025.11.16-11.46.36:036][  0]LogAudioMixer: Display: 	Callback Buffer Frame Size Requested: 1024
[2025.11.16-11.46.36:036][  0]LogAudioMixer: Display: 	Callback Buffer Frame Size To Use:	  1024
[2025.11.16-11.46.36:036][  0]LogAudioMixer: Display: 	Number of buffers to queue:			  2
[2025.11.16-11.46.36:036][  0]LogAudioMixer: Display: 	Max Channels (voices):				  32
[2025.11.16-11.46.36:036][  0]LogAudioMixer: Display: 	Number of Async Source Workers:		  0
[2025.11.16-11.46.36:036][  0]LogAudio: Display: AudioDevice MaxSources: 32
[2025.11.16-11.46.36:036][  0]LogAudio: Display: Using built-in audio occlusion.
[2025.11.16-11.46.36:036][  0]LogAudioMixer: Display: Initializing audio mixer.
[2025.11.16-11.46.36:048][  0]LogAudioMixer: Display: 0: FrontLeft
[2025.11.16-11.46.36:048][  0]LogAudioMixer: Display: 1: FrontRight
[2025.11.16-11.46.36:078][  0]LogAudioMixer: Display: Using Audio Device FxSound Speakers (FxSound Audio Enhancer)
[2025.11.16-11.46.36:082][  0]LogAudioMixer: Display: Initializing Sound Submixes...
[2025.11.16-11.46.36:088][  0]LogAudioMixer: Display: Creating Master Submix 'MasterSubmixDefault'
[2025.11.16-11.46.36:088][  0]LogAudioMixer: Display: Creating Master Submix 'MasterReverbSubmixDefault'
[2025.11.16-11.46.36:089][  0]LogAudioMixer: Display: Creating Master Submix 'MasterEQSubmixDefault'
[2025.11.16-11.46.36:090][  0]LogInit: FAudioDevice initialized.
[2025.11.16-11.46.36:091][  0]LogNetVersion: Set ProjectVersion to 1.0.0.0. Version Checksum will be recalculated on next use.
[2025.11.16-11.46.36:160][  0]LogDerivedDataCache: Saved boot cache 0.07s 75MB C:/Users/Dorain/AppData/Local/UnrealEngine/4.25/DerivedDataCache/Boot.ddc.
[2025.11.16-11.46.36:160][  0]LogInit: Texture streaming: Enabled
[2025.11.16-11.46.36:196][  0]LogEngineSessionManager: EngineSessionManager initialized
[2025.11.16-11.46.36:196][  0]LogEditorSessionSummary: Verbose: Initializing EditorSessionSummaryWriter for editor session tracking
[2025.11.16-11.46.36:200][  0]LogEditorSessionSummary: EditorSessionSummaryWriter initialized
[2025.11.16-11.46.36:245][  0]LogInit: Transaction tracking system initialized
[2025.11.16-11.46.36:266][  0]BlueprintLog: New page: Editor Load
[2025.11.16-11.46.36:361][  0]LocalizationService: Localization service is disabled
[2025.11.16-11.46.36:518][  0]LogCook: Display: Max memory allowance for cook 16384mb min free memory 0mb
[2025.11.16-11.46.36:518][  0]LogCook: Display: Mobile HDR setting 1
[2025.11.16-11.46.36:526][  0]LogFileCache: Scanning file cache for directory 'C:/Git/Saf/GameUniHack/PixelPerfect/Content/' took 0.01s
[2025.11.16-11.46.36:861][  0]SourceControl: Source control is disabled
[2025.11.16-11.46.36:861][  0]LogUnrealEdMisc: Loading editor; pre map load, took 6.737
[2025.11.16-11.46.36:861][  0]Cmd: MAP LOAD FILE="../../../../../../Git/Saf/GameUniHack/PixelPerfect/Content/Levels/Main.umap" TEMPLATE=0 SHOWPROGRESS=1 FEATURELEVEL=3
[2025.11.16-11.46.36:863][  0]LightingResults: New page: Lighting Build
[2025.11.16-11.46.36:863][  0]LogWorld: UWorld::CleanupWorld for Untitled, bSessionEnded=true, bCleanupResources=true
[2025.11.16-11.46.36:863][  0]LogSlate: InvalidateAllWidgets triggered.  All widgets were invalidated
[2025.11.16-11.46.36:863][  0]MapCheck: New page: Map Check
[2025.11.16-11.46.36:863][  0]LightingResults: New page: Lighting Build
[2025.11.16-11.46.36:880][  0]LogAISub: UAISubsystem::~UAISubsystem EnvQueryManager (000001C1297A0600), frame # 0
[2025.11.16-11.46.36:880][  0]LogAISub: UAISubsystem::~UAISubsystem AIPerceptionSystem (000001C129753B00), frame # 0
[2025.11.16-11.46.36:881][  0]LogUObjectHash: Compacting FUObjectHashTables data took   0.76ms
[2025.11.16-11.46.37:302][  0]LogAIModule: Creating AISystem for world Main
[2025.11.16-11.46.37:302][  0]LogAISub: UAISubsystem::UAISubsystem EnvQueryManager (000001C132427E00), frame # 0
[2025.11.16-11.46.37:302][  0]LogAISub: UAISubsystem::UAISubsystem AIPerceptionSystem (000001C132433B00), frame # 0
[2025.11.16-11.46.37:308][  0]LogSkeletalMesh: USkeletalMeshComponent::InitArticulated : Could not find root physics body: '/Game/Levels/Main.Main:PersistentLevel.Phone_2.CharacterMesh0'
[2025.11.16-11.46.37:309][  0]LogSkeletalMesh: USkeletalMeshComponent::InitArticulated : Could not find root physics body: '/Game/Levels/Main.Main:PersistentLevel.Phone2_2.CharacterMesh0'
[2025.11.16-11.46.37:331][  0]LogEditorServer: Finished looking for orphan Actors (0.000 secs)
[2025.11.16-11.46.37:354][  0]LogUObjectHash: Compacting FUObjectHashTables data took   0.98ms
[2025.11.16-11.46.37:356][  0]Cmd: MAP CHECKDEP NOCLEARLOG
[2025.11.16-11.46.37:357][  0]MapCheck: Map check complete: 0 Error(s), 0 Warning(s), took 0.29ms to complete.
[2025.11.16-11.46.37:357][  0]LogFileHelpers: Loading map 'Main' took 0.495
[2025.11.16-11.46.37:359][  0]LogUnrealEdMisc: Total Editor Startup Time, took 7.234
[2025.11.16-11.46.37:528][  0]LogSlate: Updating window title bar state: overlay mode, drag disabled, window buttons hidden, title bar hidden
[2025.11.16-11.46.37:534][  0]LogSlate: Updating window title bar state: overlay mode, drag disabled, window buttons hidden, title bar hidden
[2025.11.16-11.46.37:542][  0]LogSlate: Updating window title bar state: overlay mode, drag disabled, window buttons hidden, title bar hidden
[2025.11.16-11.46.37:548][  0]LogSlate: Updating window title bar state: overlay mode, drag disabled, window buttons hidden, title bar hidden
[2025.11.16-11.46.37:555][  0]LogCollectionManager: Loaded 0 collections in 0.002045 seconds
[2025.11.16-11.46.37:570][  0]LogFileCache: Scanning file cache for directory 'C:/Git/Saf/GameUniHack/PixelPerfect/Saved/Collections/' took 0.00s
[2025.11.16-11.46.37:570][  0]LogFileCache: Scanning file cache for directory 'C:/Git/Saf/GameUniHack/PixelPerfect/Content/Developers/Dorain/Collections/' took 0.00s
[2025.11.16-11.46.37:570][  0]LogFileCache: Scanning file cache for directory 'C:/Git/Saf/GameUniHack/PixelPerfect/Content/Collections/' took 0.00s
[2025.11.16-11.46.37:570][  0]LogContentBrowser: Native class hierarchy populated in 0.0080 seconds. Added 3427 classes and 821 folders.
[2025.11.16-11.46.37:574][  0]LogContentBrowser: Native class hierarchy updated for 'WidgetCarousel' in 0.0003 seconds. Added 0 classes and 0 folders.
[2025.11.16-11.46.37:741][  0]LogContentBrowser: Native class hierarchy updated for 'AddContentDialog' in 0.0002 seconds. Added 0 classes and 0 folders.
[2025.11.16-11.46.37:744][  0]LogContentBrowser: Native class hierarchy updated for 'SceneOutliner' in 0.0003 seconds. Added 2 classes and 0 folders.
[2025.11.16-11.46.37:893][  0]LogSlate: Took 0.000367 seconds to synchronously load lazily loaded font '../../../Engine/Content/Slate/Fonts/Roboto-Regular.ttf' (155K)
[2025.11.16-11.46.37:897][  0]LogSlate: Took 0.000505 seconds to synchronously load lazily loaded font '../../../Engine/Content/Slate/Fonts/Roboto-Bold.ttf' (160K)
[2025.11.16-11.46.37:906][  0]LogSlate: Took 0.001492 seconds to synchronously load lazily loaded font '../../../Engine/Content/Editor/Slate/Fonts/FontAwesome.ttf' (139K)
[2025.11.16-11.46.37:971][  0]LogRenderer: Reallocating scene render targets to support 724x420 Format 10 NumSamples 1 (Frame:1).
[2025.11.16-11.46.38:093][  0]LogContentBrowser: Native class hierarchy updated for 'HierarchicalLODOutliner' in 0.0005 seconds. Added 0 classes and 0 folders.
[2025.11.16-11.46.38:093][  0]LogLoad: (Engine Initialization) Total time: 7.97 seconds
[2025.11.16-11.46.38:093][  0]LogLoad: (Engine Initialization) Total Blueprint compile time: 0.00 seconds
[2025.11.16-11.46.38:149][  0]LogAssetRegistry: Asset discovery search completed in 3.9498 seconds
[2025.11.16-11.46.38:153][  0]LogCollectionManager: Fixed up redirectors for 0 collections in 0.000002 seconds (updated 0 objects)
[2025.11.16-11.46.38:154][  0]LogContentStreaming: Texture pool size now 1000 MB
[2025.11.16-11.46.38:178][  0]LogSlate: Took 0.001385 seconds to synchronously load lazily loaded font '../../../Engine/Content/Slate/Fonts/Roboto-Light.ttf' (167K)
[2025.11.16-11.46.39:464][  4]LogSlate: Took 0.000362 seconds to synchronously load lazily loaded font '../../../Engine/Content/Slate/Fonts/Roboto-Light.ttf' (167K)
[2025.11.16-11.46.42:549][159]Cmd: OBJ SAVEPACKAGE PACKAGE="/Game/Levels/Main" FILE="../../../../../../Git/Saf/GameUniHack/PixelPerfect/Content/Levels/Main.umap" SILENT=true AUTOSAVING=false KEEPDIRTY=false
[2025.11.16-11.46.42:583][159]LogUObjectHash: Compacting FUObjectHashTables data took   0.95ms
[2025.11.16-11.46.42:631][159]LogSavePackage: Moving '../../../../../../Git/Saf/GameUniHack/PixelPerfect/Saved/Main5027A74F46D6985B64505A88C4D51EC2.tmp' to '../../../../../../Git/Saf/GameUniHack/PixelPerfect/Content/Levels/Main.umap'
[2025.11.16-11.46.42:671][159]AssetCheck: New page: Asset Save: Main
[2025.11.16-11.46.42:671][159]LogContentValidation: Display: Validating World /Game/Levels/Main.Main
[2025.11.16-11.46.42:948][176]LogTemp: Repeating last play command: Selected Viewport
[2025.11.16-11.46.42:966][176]LogPlayLevel: PlayLevel: No blueprints needed recompiling
[2025.11.16-11.46.42:967][176]PIE: New page: PIE session: Main (Nov 16, 2025, 3:46:42 PM)
[2025.11.16-11.46.42:968][176]LogOnline: OSS: Creating online subsystem instance for: NULL
[2025.11.16-11.46.42:970][176]LogOnline: OSS: TryLoadSubsystemAndSetDefault: Loaded subsystem for module [NULL]
[2025.11.16-11.46.42:970][176]LogPlayLevel: Creating play world package: /Game/Levels/UEDPIE_0_Main
[2025.11.16-11.46.42:975][176]LogPlayLevel: PIE: StaticDuplicateObject took: (0.005111s)
[2025.11.16-11.46.42:976][176]LogAIModule: Creating AISystem for world Main
[2025.11.16-11.46.42:976][176]LogAISub: UAISubsystem::UAISubsystem EnvQueryManager (000001C151F23E00), frame # 176
[2025.11.16-11.46.42:976][176]LogAISub: UAISubsystem::UAISubsystem AIPerceptionSystem (000001C116355300), frame # 176
[2025.11.16-11.46.42:976][176]LogPlayLevel: PIE: World Init took: (0.001048s)
[2025.11.16-11.46.42:976][176]LogPlayLevel: PIE: Created PIE world by copying editor world from /Game/Levels/Main.Main to /Game/Levels/UEDPIE_0_Main.Main (0.006289s)
[2025.11.16-11.46.42:990][176]LogUObjectHash: Compacting FUObjectHashTables data took   0.48ms
[2025.11.16-11.46.42:991][176]LogAudioMixer: Display: Audio Mixer Platform Settings:
[2025.11.16-11.46.42:991][176]LogAudioMixer: Display: 	Sample Rate:						  48000
[2025.11.16-11.46.42:991][176]LogAudioMixer: Display: 	Callback Buffer Frame Size Requested: 1024
[2025.11.16-11.46.42:991][176]LogAudioMixer: Display: 	Callback Buffer Frame Size To Use:	  1024
[2025.11.16-11.46.42:991][176]LogAudioMixer: Display: 	Number of buffers to queue:			  2
[2025.11.16-11.46.42:991][176]LogAudioMixer: Display: 	Max Channels (voices):				  32
[2025.11.16-11.46.42:991][176]LogAudioMixer: Display: 	Number of Async Source Workers:		  0
[2025.11.16-11.46.42:991][176]LogAudio: Display: AudioDevice MaxSources: 32
[2025.11.16-11.46.42:991][176]LogAudio: Display: Using built-in audio occlusion.
[2025.11.16-11.46.42:991][176]LogAudioMixer: Display: Initializing audio mixer.
[2025.11.16-11.46.42:995][176]LogAudioMixer: Display: 0: FrontLeft
[2025.11.16-11.46.42:995][176]LogAudioMixer: Display: 1: FrontRight
[2025.11.16-11.46.43:006][176]LogAudioMixer: Display: Using Audio Device FxSound Speakers (FxSound Audio Enhancer)
[2025.11.16-11.46.43:006][176]LogAudioMixer: Display: Initializing Sound Submixes...
[2025.11.16-11.46.43:006][176]LogAudioMixer: Display: Creating Master Submix 'MasterSubmixDefault'
[2025.11.16-11.46.43:006][176]LogAudioMixer: Display: Creating Master Submix 'MasterReverbSubmixDefault'
[2025.11.16-11.46.43:006][176]LogAudioMixer: Display: Creating Master Submix 'MasterEQSubmixDefault'
[2025.11.16-11.46.43:023][176]LogInit: FAudioDevice initialized.
[2025.11.16-11.46.43:029][176]LogLoad: Game class is 'PlayerGameModeBase_C'
[2025.11.16-11.46.43:032][176]LogWorld: Bringing World /Game/Levels/UEDPIE_0_Main.Main up for play (max tick rate 60) at 2025.11.16-13.46.43
[2025.11.16-11.46.43:034][176]LogWorld: Bringing up level for play took: 0.002847
[2025.11.16-11.46.43:034][176]LogOnline: OSS: Creating online subsystem instance for: :Context_1
[2025.11.16-11.46.43:039][176]LogContentBrowser: Native class hierarchy updated for 'MovieSceneCapture' in 0.0004 seconds. Added 20 classes and 0 folders.
[2025.11.16-11.46.43:041][176]PIE: Server logged in
[2025.11.16-11.46.43:041][176]PIE: Play in editor total start time 0.077 seconds.
[2025.11.16-11.46.47:329][431]LogSlate: Updating window title bar state: overlay mode, drag disabled, window buttons hidden, title bar hidden
[2025.11.16-11.46.47:329][431]LogWorld: BeginTearingDown for /Game/Levels/UEDPIE_0_Main
[2025.11.16-11.46.47:330][431]LogWorld: UWorld::CleanupWorld for Main, bSessionEnded=true, bCleanupResources=true
[2025.11.16-11.46.47:330][431]LogSlate: InvalidateAllWidgets triggered.  All widgets were invalidated
[2025.11.16-11.46.47:346][431]LogPlayLevel: Display: Shutting down PIE online subsystems
[2025.11.16-11.46.47:349][431]LogSlate: InvalidateAllWidgets triggered.  All widgets were invalidated
[2025.11.16-11.46.47:373][431]LogSlate: Updating window title bar state: overlay mode, drag disabled, window buttons hidden, title bar hidden
[2025.11.16-11.46.47:393][431]LogAISub: UAISubsystem::~UAISubsystem AIPerceptionSystem (000001C116355300), frame # 431
[2025.11.16-11.46.47:393][431]LogAISub: UAISubsystem::~UAISubsystem EnvQueryManager (000001C151F23E00), frame # 431
[2025.11.16-11.46.47:394][431]LogUObjectHash: Compacting FUObjectHashTables data took   0.58ms
[2025.11.16-11.46.47:421][432]LogPlayLevel: Display: Destroying online subsystem :Context_1
[2025.11.16-11.46.47:936][461]Cmd: OBJ SAVEPACKAGE PACKAGE="/Game/Levels/Main" FILE="../../../../../../Git/Saf/GameUniHack/PixelPerfect/Content/Levels/Main.umap" SILENT=true AUTOSAVING=false KEEPDIRTY=false
[2025.11.16-11.46.47:952][461]LogUObjectHash: Compacting FUObjectHashTables data took   0.50ms
[2025.11.16-11.46.47:993][461]LogSavePackage: Moving '../../../../../../Git/Saf/GameUniHack/PixelPerfect/Saved/MainB07679464F1F5AB6BADF48893F1EFDBE.tmp' to '../../../../../../Git/Saf/GameUniHack/PixelPerfect/Content/Levels/Main.umap'
[2025.11.16-11.46.48:028][461]AssetCheck: New page: Asset Save: Main
[2025.11.16-11.46.48:028][461]LogContentValidation: Display: Validating World /Game/Levels/Main.Main
[2025.11.16-11.46.49:195][531]LogEditorViewport: Clicking on Actor (LMB): Phone_C (Phone2)
[2025.11.16-11.46.50:525][605]Cmd: EDIT CUT
[2025.11.16-11.46.50:529][605]LogEditorActor: Deleted Actor: Phone_C
[2025.11.16-11.46.50:554][605]LogUObjectHash: Compacting FUObjectHashTables data took   0.51ms
[2025.11.16-11.46.50:555][605]LogEditorActor: Deleted 1 Actors (0.028 secs)
[2025.11.16-11.46.50:769][616]Cmd: OBJ SAVEPACKAGE PACKAGE="/Game/Levels/Main" FILE="../../../../../../Git/Saf/GameUniHack/PixelPerfect/Content/Levels/Main.umap" SILENT=true AUTOSAVING=false KEEPDIRTY=false
[2025.11.16-11.46.50:792][616]LogUObjectHash: Compacting FUObjectHashTables data took   0.32ms
[2025.11.16-11.46.50:832][616]LogSavePackage: Moving '../../../../../../Git/Saf/GameUniHack/PixelPerfect/Saved/Main2D2F41BA4FAD5092D3F373ACADC55E4E.tmp' to '../../../../../../Git/Saf/GameUniHack/PixelPerfect/Content/Levels/Main.umap'
[2025.11.16-11.46.50:876][616]AssetCheck: New page: Asset Save: Main
[2025.11.16-11.46.50:876][616]LogContentValidation: Display: Validating World /Game/Levels/Main.Main
[2025.11.16-11.46.51:548][655]LogTemp: Repeating last play command: Selected Viewport
[2025.11.16-11.46.51:563][655]LogPlayLevel: PlayLevel: No blueprints needed recompiling
[2025.11.16-11.46.51:563][655]PIE: New page: PIE session: Main (Nov 16, 2025, 3:46:51 PM)
[2025.11.16-11.46.51:563][655]LogPlayLevel: Creating play world package: /Game/Levels/UEDPIE_0_Main
[2025.11.16-11.46.51:569][655]LogPlayLevel: PIE: StaticDuplicateObject took: (0.006178s)
[2025.11.16-11.46.51:570][655]LogAIModule: Creating AISystem for world Main
[2025.11.16-11.46.51:570][655]LogAISub: UAISubsystem::UAISubsystem EnvQueryManager (000001C1367D4400), frame # 655
[2025.11.16-11.46.51:570][655]LogAISub: UAISubsystem::UAISubsystem AIPerceptionSystem (000001C1164BCB80), frame # 655
[2025.11.16-11.46.51:570][655]LogPlayLevel: PIE: World Init took: (0.000930s)
[2025.11.16-11.46.51:570][655]LogPlayLevel: PIE: Created PIE world by copying editor world from /Game/Levels/Main.Main to /Game/Levels/UEDPIE_0_Main.Main (0.007224s)
[2025.11.16-11.46.51:593][655]LogUObjectHash: Compacting FUObjectHashTables data took   0.79ms
[2025.11.16-11.46.51:594][655]LogAudioMixer: Display: Audio Mixer Platform Settings:
[2025.11.16-11.46.51:594][655]LogAudioMixer: Display: 	Sample Rate:						  48000
[2025.11.16-11.46.51:594][655]LogAudioMixer: Display: 	Callback Buffer Frame Size Requested: 1024
[2025.11.16-11.46.51:594][655]LogAudioMixer: Display: 	Callback Buffer Frame Size To Use:	  1024
[2025.11.16-11.46.51:594][655]LogAudioMixer: Display: 	Number of buffers to queue:			  2
[2025.11.16-11.46.51:594][655]LogAudioMixer: Display: 	Max Channels (voices):				  32
[2025.11.16-11.46.51:594][655]LogAudioMixer: Display: 	Number of Async Source Workers:		  0
[2025.11.16-11.46.51:594][655]LogAudio: Display: AudioDevice MaxSources: 32
[2025.11.16-11.46.51:594][655]LogAudio: Display: Using built-in audio occlusion.
[2025.11.16-11.46.51:594][655]LogAudioMixer: Display: Initializing audio mixer.
[2025.11.16-11.46.51:597][655]LogAudioMixer: Display: 0: FrontLeft
[2025.11.16-11.46.51:597][655]LogAudioMixer: Display: 1: FrontRight
[2025.11.16-11.46.51:609][655]LogAudioMixer: Display: Using Audio Device FxSound Speakers (FxSound Audio Enhancer)
[2025.11.16-11.46.51:609][655]LogAudioMixer: Display: Initializing Sound Submixes...
[2025.11.16-11.46.51:609][655]LogAudioMixer: Display: Creating Master Submix 'MasterSubmixDefault'
[2025.11.16-11.46.51:609][655]LogAudioMixer: Display: Creating Master Submix 'MasterReverbSubmixDefault'
[2025.11.16-11.46.51:609][655]LogAudioMixer: Display: Creating Master Submix 'MasterEQSubmixDefault'
[2025.11.16-11.46.51:625][655]LogInit: FAudioDevice initialized.
[2025.11.16-11.46.51:631][655]LogLoad: Game class is 'PlayerGameModeBase_C'
[2025.11.16-11.46.51:634][655]LogWorld: Bringing World /Game/Levels/UEDPIE_0_Main.Main up for play (max tick rate 60) at 2025.11.16-13.46.51
[2025.11.16-11.46.51:636][655]LogWorld: Bringing up level for play took: 0.003524
[2025.11.16-11.46.51:636][655]LogOnline: OSS: Creating online subsystem instance for: :Context_3
[2025.11.16-11.46.51:640][655]PIE: Server logged in
[2025.11.16-11.46.51:640][655]PIE: Play in editor total start time 0.079 seconds.
[2025.11.16-11.46.52:538][707]LogSlate: Updating window title bar state: overlay mode, drag disabled, window buttons hidden, title bar hidden
[2025.11.16-11.46.52:538][707]LogWorld: BeginTearingDown for /Game/Levels/UEDPIE_0_Main
[2025.11.16-11.46.52:539][707]LogWorld: UWorld::CleanupWorld for Main, bSessionEnded=true, bCleanupResources=true
[2025.11.16-11.46.52:539][707]LogSlate: InvalidateAllWidgets triggered.  All widgets were invalidated
[2025.11.16-11.46.52:547][707]LogPlayLevel: Display: Shutting down PIE online subsystems
[2025.11.16-11.46.52:548][707]LogSlate: InvalidateAllWidgets triggered.  All widgets were invalidated
[2025.11.16-11.46.52:579][707]LogSlate: Updating window title bar state: overlay mode, drag disabled, window buttons hidden, title bar hidden
[2025.11.16-11.46.52:580][707]LogAISub: UAISubsystem::~UAISubsystem AIPerceptionSystem (000001C1164BCB80), frame # 707
[2025.11.16-11.46.52:580][707]LogAISub: UAISubsystem::~UAISubsystem EnvQueryManager (000001C1367D4400), frame # 707
[2025.11.16-11.46.52:582][707]LogUObjectHash: Compacting FUObjectHashTables data took   0.70ms
[2025.11.16-11.46.52:629][709]LogPlayLevel: Display: Destroying online subsystem :Context_3
[2025.11.16-11.46.53:230][745]LogEditorViewport: Clicking on Actor (LMB): ComputerBoss_C (ComputerBoss)
[2025.11.16-11.46.53:401][753]Cmd: EDIT CUT
[2025.11.16-11.46.53:406][753]LogEditorActor: Deleted Actor: ComputerBoss_C
[2025.11.16-11.46.53:425][753]LogUObjectHash: Compacting FUObjectHashTables data took   0.53ms
[2025.11.16-11.46.53:427][753]LogEditorActor: Deleted 1 Actors (0.023 secs)
[2025.11.16-11.46.53:672][766]Cmd: OBJ SAVEPACKAGE PACKAGE="/Game/Levels/Main" FILE="../../../../../../Git/Saf/GameUniHack/PixelPerfect/Content/Levels/Main.umap" SILENT=true AUTOSAVING=false KEEPDIRTY=false
[2025.11.16-11.46.53:701][766]LogUObjectHash: Compacting FUObjectHashTables data took   0.60ms
[2025.11.16-11.46.53:744][766]LogSavePackage: Moving '../../../../../../Git/Saf/GameUniHack/PixelPerfect/Saved/Main937B993E492C702C135C89943FF0E750.tmp' to '../../../../../../Git/Saf/GameUniHack/PixelPerfect/Content/Levels/Main.umap'
[2025.11.16-11.46.53:795][766]AssetCheck: New page: Asset Save: Main
[2025.11.16-11.46.53:795][766]LogContentValidation: Display: Validating World /Game/Levels/Main.Main
[2025.11.16-11.46.54:073][783]LogTemp: Repeating last play command: Selected Viewport
[2025.11.16-11.46.54:090][783]LogPlayLevel: PlayLevel: No blueprints needed recompiling
[2025.11.16-11.46.54:090][783]PIE: New page: PIE session: Main (Nov 16, 2025, 3:46:54 PM)
[2025.11.16-11.46.54:090][783]LogPlayLevel: Creating play world package: /Game/Levels/UEDPIE_0_Main
[2025.11.16-11.46.54:096][783]LogPlayLevel: PIE: StaticDuplicateObject took: (0.006239s)
[2025.11.16-11.46.54:098][783]LogAIModule: Creating AISystem for world Main
[2025.11.16-11.46.54:098][783]LogAISub: UAISubsystem::UAISubsystem EnvQueryManager (000001C136562E00), frame # 783
[2025.11.16-11.46.54:098][783]LogAISub: UAISubsystem::UAISubsystem AIPerceptionSystem (000001C11664C7C0), frame # 783
[2025.11.16-11.46.54:098][783]LogPlayLevel: PIE: World Init took: (0.001706s)
[2025.11.16-11.46.54:098][783]LogPlayLevel: PIE: Created PIE world by copying editor world from /Game/Levels/Main.Main to /Game/Levels/UEDPIE_0_Main.Main (0.008164s)
[2025.11.16-11.46.54:120][783]LogUObjectHash: Compacting FUObjectHashTables data took   0.74ms
[2025.11.16-11.46.54:122][783]LogAudioMixer: Display: Audio Mixer Platform Settings:
[2025.11.16-11.46.54:122][783]LogAudioMixer: Display: 	Sample Rate:						  48000
[2025.11.16-11.46.54:122][783]LogAudioMixer: Display: 	Callback Buffer Frame Size Requested: 1024
[2025.11.16-11.46.54:122][783]LogAudioMixer: Display: 	Callback Buffer Frame Size To Use:	  1024
[2025.11.16-11.46.54:122][783]LogAudioMixer: Display: 	Number of buffers to queue:			  2
[2025.11.16-11.46.54:122][783]LogAudioMixer: Display: 	Max Channels (voices):				  32
[2025.11.16-11.46.54:122][783]LogAudioMixer: Display: 	Number of Async Source Workers:		  0
[2025.11.16-11.46.54:122][783]LogAudio: Display: AudioDevice MaxSources: 32
[2025.11.16-11.46.54:123][783]LogAudio: Display: Using built-in audio occlusion.
[2025.11.16-11.46.54:123][783]LogAudioMixer: Display: Initializing audio mixer.
[2025.11.16-11.46.54:125][783]LogAudioMixer: Display: 0: FrontLeft
[2025.11.16-11.46.54:126][783]LogAudioMixer: Display: 1: FrontRight
[2025.11.16-11.46.54:138][783]LogAudioMixer: Display: Using Audio Device FxSound Speakers (FxSound Audio Enhancer)
[2025.11.16-11.46.54:138][783]LogAudioMixer: Display: Initializing Sound Submixes...
[2025.11.16-11.46.54:138][783]LogAudioMixer: Display: Creating Master Submix 'MasterSubmixDefault'
[2025.11.16-11.46.54:138][783]LogAudioMixer: Display: Creating Master Submix 'MasterReverbSubmixDefault'
[2025.11.16-11.46.54:139][783]LogAudioMixer: Display: Creating Master Submix 'MasterEQSubmixDefault'
[2025.11.16-11.46.54:154][783]LogInit: FAudioDevice initialized.
[2025.11.16-11.46.54:168][783]LogLoad: Game class is 'PlayerGameModeBase_C'
[2025.11.16-11.46.54:171][783]LogWorld: Bringing World /Game/Levels/UEDPIE_0_Main.Main up for play (max tick rate 60) at 2025.11.16-13.46.54
[2025.11.16-11.46.54:171][783]LogWorld: Bringing up level for play took: 0.001855
[2025.11.16-11.46.54:171][783]LogOnline: OSS: Creating online subsystem instance for: :Context_4
[2025.11.16-11.46.54:176][783]PIE: Server logged in
[2025.11.16-11.46.54:176][783]PIE: Play in editor total start time 0.088 seconds.
[2025.11.16-11.46.56:179][901]LogSlate: Updating window title bar state: overlay mode, drag disabled, window buttons hidden, title bar hidden
[2025.11.16-11.46.56:180][901]LogWorld: BeginTearingDown for /Game/Levels/UEDPIE_0_Main
[2025.11.16-11.46.56:180][901]LogWorld: UWorld::CleanupWorld for Main, bSessionEnded=true, bCleanupResources=true
[2025.11.16-11.46.56:181][901]LogSlate: InvalidateAllWidgets triggered.  All widgets were invalidated
[2025.11.16-11.46.56:191][901]LogPlayLevel: Display: Shutting down PIE online subsystems
[2025.11.16-11.46.56:194][901]LogSlate: InvalidateAllWidgets triggered.  All widgets were invalidated
[2025.11.16-11.46.56:223][901]LogSlate: Updating window title bar state: overlay mode, drag disabled, window buttons hidden, title bar hidden
[2025.11.16-11.46.56:244][901]LogAISub: UAISubsystem::~UAISubsystem AIPerceptionSystem (000001C11664C7C0), frame # 901
[2025.11.16-11.46.56:244][901]LogAISub: UAISubsystem::~UAISubsystem EnvQueryManager (000001C136562E00), frame # 901
[2025.11.16-11.46.56:245][901]LogUObjectHash: Compacting FUObjectHashTables data took   0.76ms
[2025.11.16-11.46.56:276][902]LogPlayLevel: Display: Destroying online subsystem :Context_4
[2025.11.16-11.46.57:986][  1]LogMaterial: Display: Missing cached shader map for material Material_0, compiling. 
[2025.11.16-11.46.58:001][  2]LogShaderCompilers: Display: Worker (1/9): shaders left to compile 4
[2025.11.16-11.46.58:003][  2]LogShaderCompilers: Display: Worker (2/9): shaders left to compile 3
[2025.11.16-11.46.58:003][  2]LogShaderCompilers: Display: Worker (3/9): shaders left to compile 2
[2025.11.16-11.46.58:003][  2]LogShaderCompilers: Display: Worker (4/9): shaders left to compile 1
[2025.11.16-11.46.59:819][104]LogAssetEditorSubsystem: Opening Asset editor for Blueprint /Game/Player/BP_Player.BP_Player
[2025.11.16-11.46.59:954][104]LogContentBrowser: Native class hierarchy updated for 'BlueprintGraph' in 0.0005 seconds. Added 125 classes and 0 folders.
[2025.11.16-11.47.00:800][104]LogSlate: Took 0.000224 seconds to synchronously load lazily loaded font '../../../Engine/Content/Slate/Fonts/Roboto-BoldCondensed.ttf' (158K)
[2025.11.16-11.47.00:939][105]LogSlate: Took 0.001570 seconds to synchronously load lazily loaded font '../../../Engine/Content/Slate/Fonts/Roboto-Italic.ttf' (157K)
[2025.11.16-11.47.08:515][494]BlueprintLog: New page: Compile BP_Player
[2025.11.16-11.47.08:639][494]LogUObjectHash: Compacting FUObjectHashTables data took   2.20ms
[2025.11.16-11.47.08:756][494]LogSlate: Took 0.002707 seconds to synchronously load lazily loaded font '../../../Engine/Content/Slate/Fonts/DroidSansMono.ttf' (77K)
[2025.11.16-11.47.09:036][506]Cmd: OBJ SAVEPACKAGE PACKAGE="/Game/Player/BP_Player" FILE="../../../../../../Git/Saf/GameUniHack/PixelPerfect/Content/Player/BP_Player.uasset" SILENT=true
[2025.11.16-11.47.09:105][506]LogSavePackage: Moving '../../../../../../Git/Saf/GameUniHack/PixelPerfect/Saved/BP_Player6DBBE9824E1593DB6A8593A859D2C29C.tmp' to '../../../../../../Git/Saf/GameUniHack/PixelPerfect/Content/Player/BP_Player.uasset'
[2025.11.16-11.47.09:137][506]AssetCheck: New page: Asset Save: BP_Player
[2025.11.16-11.47.09:137][506]LogContentValidation: Display: Validating Blueprint /Game/Player/BP_Player.BP_Player
[2025.11.16-11.47.09:829][541]Cmd: OBJ SAVEPACKAGE PACKAGE="/Game/Levels/Main" FILE="../../../../../../Git/Saf/GameUniHack/PixelPerfect/Content/Levels/Main.umap" SILENT=true AUTOSAVING=false KEEPDIRTY=false
[2025.11.16-11.47.09:855][541]LogUObjectHash: Compacting FUObjectHashTables data took   1.64ms
[2025.11.16-11.47.09:895][541]LogSavePackage: Moving '../../../../../../Git/Saf/GameUniHack/PixelPerfect/Saved/Main3A4693504BFA784C8975FABEA99E6597.tmp' to '../../../../../../Git/Saf/GameUniHack/PixelPerfect/Content/Levels/Main.umap'
[2025.11.16-11.47.09:951][541]AssetCheck: New page: Asset Save: Main
[2025.11.16-11.47.09:951][541]LogContentValidation: Display: Validating World /Game/Levels/Main.Main
[2025.11.16-11.47.10:469][572]LogTemp: Repeating last play command: Selected Viewport
[2025.11.16-11.47.10:486][572]LogPlayLevel: PlayLevel: No blueprints needed recompiling
[2025.11.16-11.47.10:486][572]PIE: New page: PIE session: Main (Nov 16, 2025, 3:47:10 PM)
[2025.11.16-11.47.10:486][572]LogPlayLevel: Creating play world package: /Game/Levels/UEDPIE_0_Main
[2025.11.16-11.47.10:493][572]LogPlayLevel: PIE: StaticDuplicateObject took: (0.005965s)
[2025.11.16-11.47.10:494][572]LogAIModule: Creating AISystem for world Main
[2025.11.16-11.47.10:494][572]LogAISub: UAISubsystem::UAISubsystem EnvQueryManager (000001C1B3370E00), frame # 1572
[2025.11.16-11.47.10:494][572]LogAISub: UAISubsystem::UAISubsystem AIPerceptionSystem (000001C1B3394E00), frame # 1572
[2025.11.16-11.47.10:495][572]LogPlayLevel: PIE: World Init took: (0.001621s)
[2025.11.16-11.47.10:495][572]LogPlayLevel: PIE: Created PIE world by copying editor world from /Game/Levels/Main.Main to /Game/Levels/UEDPIE_0_Main.Main (0.007737s)
[2025.11.16-11.47.10:516][572]LogUObjectHash: Compacting FUObjectHashTables data took   1.53ms
[2025.11.16-11.47.10:518][572]LogAudioMixer: Display: Audio Mixer Platform Settings:
[2025.11.16-11.47.10:518][572]LogAudioMixer: Display: 	Sample Rate:						  48000
[2025.11.16-11.47.10:518][572]LogAudioMixer: Display: 	Callback Buffer Frame Size Requested: 1024
[2025.11.16-11.47.10:518][572]LogAudioMixer: Display: 	Callback Buffer Frame Size To Use:	  1024
[2025.11.16-11.47.10:518][572]LogAudioMixer: Display: 	Number of buffers to queue:			  2
[2025.11.16-11.47.10:518][572]LogAudioMixer: Display: 	Max Channels (voices):				  32
[2025.11.16-11.47.10:518][572]LogAudioMixer: Display: 	Number of Async Source Workers:		  0
[2025.11.16-11.47.10:518][572]LogAudio: Display: AudioDevice MaxSources: 32
[2025.11.16-11.47.10:518][572]LogAudio: Display: Using built-in audio occlusion.
[2025.11.16-11.47.10:518][572]LogAudioMixer: Display: Initializing audio mixer.
[2025.11.16-11.47.10:521][572]LogAudioMixer: Display: 0: FrontLeft
[2025.11.16-11.47.10:523][572]LogAudioMixer: Display: 1: FrontRight
[2025.11.16-11.47.10:535][572]LogAudioMixer: Display: Using Audio Device FxSound Speakers (FxSound Audio Enhancer)
[2025.11.16-11.47.10:536][572]LogAudioMixer: Display: Initializing Sound Submixes...
[2025.11.16-11.47.10:536][572]LogAudioMixer: Display: Creating Master Submix 'MasterSubmixDefault'
[2025.11.16-11.47.10:536][572]LogAudioMixer: Display: Creating Master Submix 'MasterReverbSubmixDefault'
[2025.11.16-11.47.10:536][572]LogAudioMixer: Display: Creating Master Submix 'MasterEQSubmixDefault'
[2025.11.16-11.47.10:553][572]LogInit: FAudioDevice initialized.
[2025.11.16-11.47.10:564][572]LogLoad: Game class is 'PlayerGameModeBase_C'
[2025.11.16-11.47.10:565][572]LogWorld: Bringing World /Game/Levels/UEDPIE_0_Main.Main up for play (max tick rate 60) at 2025.11.16-13.47.10
[2025.11.16-11.47.10:566][572]LogWorld: Bringing up level for play took: 0.001443
[2025.11.16-11.47.10:566][572]LogOnline: OSS: Creating online subsystem instance for: :Context_11
[2025.11.16-11.47.10:568][572]PIE: Server logged in
[2025.11.16-11.47.10:569][572]PIE: Play in editor total start time 0.084 seconds.
[2025.11.16-11.47.12:280][669]LogSlate: Updating window title bar state: overlay mode, drag disabled, window buttons hidden, title bar hidden
[2025.11.16-11.47.12:280][669]LogWorld: BeginTearingDown for /Game/Levels/UEDPIE_0_Main
[2025.11.16-11.47.12:280][669]LogWorld: UWorld::CleanupWorld for Main, bSessionEnded=true, bCleanupResources=true
[2025.11.16-11.47.12:280][669]LogSlate: InvalidateAllWidgets triggered.  All widgets were invalidated
[2025.11.16-11.47.12:295][669]LogPlayLevel: Display: Shutting down PIE online subsystems
[2025.11.16-11.47.12:298][669]LogSlate: InvalidateAllWidgets triggered.  All widgets were invalidated
[2025.11.16-11.47.12:364][669]LogSlate: Updating window title bar state: overlay mode, drag disabled, window buttons hidden, title bar hidden
[2025.11.16-11.47.12:366][669]LogAISub: UAISubsystem::~UAISubsystem AIPerceptionSystem (000001C1B3394E00), frame # 1669
[2025.11.16-11.47.12:366][669]LogAISub: UAISubsystem::~UAISubsystem EnvQueryManager (000001C1B3370E00), frame # 1669
[2025.11.16-11.47.12:367][669]LogUObjectHash: Compacting FUObjectHashTables data took   1.60ms
[2025.11.16-11.47.12:410][670]LogPlayLevel: Display: Destroying online subsystem :Context_11
[2025.11.16-11.47.33:625][883]LogSkeletalMesh: USkeletalMeshComponent::InitArticulated : Could not find root physics body: '/Game/Levels/Main.Main:PersistentLevel.SkeletalMeshActor_0.SkeletalMeshComponent0'
[2025.11.16-11.47.33:625][883]LogSkeletalMesh: USkeletalMeshComponent::InitArticulated : Could not find root physics body: '/Game/Levels/Main.Main:PersistentLevel.DoomScrollPhone.SkeletalMeshComponent0'
[2025.11.16-11.47.33:625][883]LogSkeletalMesh: USkeletalMeshComponent::InitArticulated : Could not find root physics body: '/Game/Levels/Main.Main:PersistentLevel.DoomScrollPhone.SkeletalMeshComponent0'
[2025.11.16-11.47.33:719][887]LogSkeletalMesh: USkeletalMeshComponent::InitArticulated : Could not find root physics body: '/Game/Levels/Main.Main:PersistentLevel.SkeletalMeshActor_1.SkeletalMeshComponent0'
[2025.11.16-11.47.33:719][887]LogSkeletalMesh: USkeletalMeshComponent::InitArticulated : Could not find root physics body: '/Game/Levels/Main.Main:PersistentLevel.DoomScrollPhone_2.SkeletalMeshComponent0'
[2025.11.16-11.47.33:736][887]LogSkeletalMesh: USkeletalMeshComponent::InitArticulated : Could not find root physics body: '/Game/Levels/Main.Main:PersistentLevel.DoomScrollPhone_2.SkeletalMeshComponent0'
[2025.11.16-11.47.34:490][930]Cmd: OBJ SAVEPACKAGE PACKAGE="/Game/Levels/Main" FILE="../../../../../../Git/Saf/GameUniHack/PixelPerfect/Content/Levels/Main.umap" SILENT=true AUTOSAVING=false KEEPDIRTY=false
[2025.11.16-11.47.34:512][930]LogUObjectHash: Compacting FUObjectHashTables data took   1.59ms
[2025.11.16-11.47.34:555][930]LogSavePackage: Moving '../../../../../../Git/Saf/GameUniHack/PixelPerfect/Saved/MainA26369A848D2E44C7CF50892315117C1.tmp' to '../../../../../../Git/Saf/GameUniHack/PixelPerfect/Content/Levels/Main.umap'
[2025.11.16-11.47.34:606][930]AssetCheck: New page: Asset Save: Main
[2025.11.16-11.47.34:606][930]LogContentValidation: Display: Validating World /Game/Levels/Main.Main
[2025.11.16-11.47.38:817][176]LogEditorViewport: Clicking on Actor (LMB): SkeletalMeshActor (DoomScrollPhone)
[2025.11.16-11.47.38:964][183]Cmd: EDIT CUT
[2025.11.16-11.47.38:970][183]LogEditorActor: Deleted Actor: SkeletalMeshActor
[2025.11.16-11.47.39:005][183]LogUObjectHash: Compacting FUObjectHashTables data took   0.42ms
[2025.11.16-11.47.39:006][183]LogEditorActor: Deleted 1 Actors (0.039 secs)
[2025.11.16-11.47.43:530][434]LogSkeletalMesh: USkeletalMeshComponent::InitArticulated : Could not find root physics body: '/Game/Levels/Main.Main:PersistentLevel.Phone_C_0.CharacterMesh0'
[2025.11.16-11.47.43:531][434]LogSkeletalMesh: USkeletalMeshComponent::InitArticulated : Could not find root physics body: '/Game/Levels/Main.Main:PersistentLevel.Phone2.CharacterMesh0'
[2025.11.16-11.47.43:531][434]LogSkeletalMesh: USkeletalMeshComponent::InitArticulated : Could not find root physics body: '/Game/Levels/Main.Main:PersistentLevel.Phone2.CharacterMesh0'
[2025.11.16-11.47.44:089][465]LogSkeletalMesh: USkeletalMeshComponent::InitArticulated : Could not find root physics body: '/Game/Levels/Main.Main:PersistentLevel.Phone_C_1.CharacterMesh0'
[2025.11.16-11.47.44:090][465]LogSkeletalMesh: USkeletalMeshComponent::InitArticulated : Could not find root physics body: '/Game/Levels/Main.Main:PersistentLevel.Phone2_2.CharacterMesh0'
[2025.11.16-11.47.44:121][465]LogSkeletalMesh: USkeletalMeshComponent::InitArticulated : Could not find root physics body: '/Game/Levels/Main.Main:PersistentLevel.Phone2_2.CharacterMesh0'
[2025.11.16-11.47.44:553][488]Cmd: OBJ SAVEPACKAGE PACKAGE="/Game/Levels/Main" FILE="../../../../../../Git/Saf/GameUniHack/PixelPerfect/Content/Levels/Main.umap" SILENT=true AUTOSAVING=false KEEPDIRTY=false
[2025.11.16-11.47.44:579][488]LogUObjectHash: Compacting FUObjectHashTables data took   1.15ms
[2025.11.16-11.47.44:620][488]LogSavePackage: Moving '../../../../../../Git/Saf/GameUniHack/PixelPerfect/Saved/Main5EA422524B8E1A78F787669CD59A565B.tmp' to '../../../../../../Git/Saf/GameUniHack/PixelPerfect/Content/Levels/Main.umap'
[2025.11.16-11.47.44:669][488]AssetCheck: New page: Asset Save: Main
[2025.11.16-11.47.44:669][488]LogContentValidation: Display: Validating World /Game/Levels/Main.Main
[2025.11.16-11.47.50:156][783]Cmd: OBJ SAVEPACKAGE PACKAGE="/Game/Levels/Main" FILE="../../../../../../Git/Saf/GameUniHack/PixelPerfect/Content/Levels/Main.umap" SILENT=true AUTOSAVING=false KEEPDIRTY=false
[2025.11.16-11.47.50:188][783]LogUObjectHash: Compacting FUObjectHashTables data took   1.18ms
[2025.11.16-11.47.50:230][783]LogSavePackage: Moving '../../../../../../Git/Saf/GameUniHack/PixelPerfect/Saved/Main26F832B64B1E9AD054EFD584D407FBD4.tmp' to '../../../../../../Git/Saf/GameUniHack/PixelPerfect/Content/Levels/Main.umap'
[2025.11.16-11.47.50:278][783]AssetCheck: New page: Asset Save: Main
[2025.11.16-11.47.50:278][783]LogContentValidation: Display: Validating World /Game/Levels/Main.Main
[2025.11.16-11.47.55:736][105]Cmd: OBJ SAVEPACKAGE PACKAGE="/Game/Levels/Main" FILE="../../../../../../Git/Saf/GameUniHack/PixelPerfect/Content/Levels/Main.umap" SILENT=true AUTOSAVING=false KEEPDIRTY=false
[2025.11.16-11.47.55:770][105]LogUObjectHash: Compacting FUObjectHashTables data took   1.13ms
[2025.11.16-11.47.55:810][105]LogSavePackage: Moving '../../../../../../Git/Saf/GameUniHack/PixelPerfect/Saved/MainAD300AB841DFF47D714E35B83D8BB3DA.tmp' to '../../../../../../Git/Saf/GameUniHack/PixelPerfect/Content/Levels/Main.umap'
[2025.11.16-11.47.55:879][105]AssetCheck: New page: Asset Save: Main
[2025.11.16-11.47.55:879][105]LogContentValidation: Display: Validating World /Game/Levels/Main.Main
[2025.11.16-11.48.36:556][397]AssetReimport: New page: Outstanding source content changes 3:48:36 PM
[2025.11.16-11.48.36:558][397]LogFactory: FactoryCreateFile: StaticMesh with FbxFactory (0 0 C:/Git/Saf/GameUniHack/PixelPerfect/Content/Assets/Warehouse/Models/BOX_Asset.fbx)
[2025.11.16-11.48.36:567][397]LogFbx: Loading FBX Scene from C:/Git/Saf/GameUniHack/PixelPerfect/Content/Assets/Warehouse/Models/BOX_Asset.fbx
[2025.11.16-11.48.36:573][397]LogFbx: FBX Scene Loaded Succesfully
[2025.11.16-11.48.38:777][397]LogSlate: Window 'FBX Import Options' being destroyed
[2025.11.16-11.48.38:956][397]LogStaticMesh: Building static mesh BOX_Asset...
[2025.11.16-11.48.38:960][397]LogStaticMesh: Built static mesh [0.00s] /Game/Assets/Warehouse/Models/BOX_Asset.BOX_Asset
[2025.11.16-11.48.39:167][398]Cmd: OBJ SAVEPACKAGE PACKAGE="/Game/Assets/Warehouse/Models/BOX_Asset" FILE="../../../../../../Git/Saf/GameUniHack/PixelPerfect/Content/Assets/Warehouse/Models/BOX_Asset.uasset" SILENT=true
[2025.11.16-11.48.39:184][398]LogSavePackage: Moving '../../../../../../Git/Saf/GameUniHack/PixelPerfect/Saved/BOX_AssetB6987CE14B07A286AB08E0AAE4A3FF48.tmp' to '../../../../../../Git/Saf/GameUniHack/PixelPerfect/Content/Assets/Warehouse/Models/BOX_Asset.uasset'
[2025.11.16-11.48.39:259][399]AssetCheck: New page: Asset Save: BOX_Asset
[2025.11.16-11.48.39:259][399]LogContentValidation: Display: Validating StaticMesh /Game/Assets/Warehouse/Models/BOX_Asset.BOX_Asset
[2025.11.16-11.48.40:391][465]LogSlate: Window 'Message Log' being destroyed
[2025.11.16-11.48.40:400][465]LogSlate: Window 'Message Log' being destroyed
[2025.11.16-11.48.42:221][570]AssetReimport: Importing new asset /Game/Assets/Warehouse/Models/BOX_Asset.
[2025.11.16-11.48.45:977][779]LogAssetEditorSubsystem: Opening Asset editor for StaticMesh /Game/Assets/Warehouse/Models/BOX_Asset.BOX_Asset
[2025.11.16-11.48.46:415][779]LogWorld: UWorld::CleanupWorld for World_8, bSessionEnded=true, bCleanupResources=true
[2025.11.16-11.48.46:415][779]LogSlate: InvalidateAllWidgets triggered.  All widgets were invalidated
[2025.11.16-11.48.46:973][780]LogRenderer: Reallocating scene render targets to support 956x576 Format 10 NumSamples 1 (Frame:1).
[2025.11.16-11.48.50:542][956]LogRenderer: Reallocating scene render targets to support 1144x696 Format 10 NumSamples 1 (Frame:179).
[2025.11.16-11.48.50:663][963]LogSlate: Window 'BOX_Asset' being destroyed
[2025.11.16-11.49.05:455][806]LogAssetEditorSubsystem: Opening Asset editor for MaterialInstanceConstant /Game/Assets/Box.Box
[2025.11.16-11.49.13:156][245]LogSlate: Window 'Color Picker' being destroyed
[2025.11.16-11.49.14:217][300]Cmd: OBJ SAVEPACKAGE PACKAGE="/Game/Assets/Box" FILE="../../../../../../Git/Saf/GameUniHack/PixelPerfect/Content/Assets/Box.uasset" SILENT=true
[2025.11.16-11.49.14:286][300]LogUObjectHash: Compacting FUObjectHashTables data took   2.82ms
[2025.11.16-11.49.14:291][300]LogMaterial: Display: Missing cached shader map for material DebugViewMode MaterialTexCoordScale, compiling. 
[2025.11.16-11.49.14:609][300]LogShaderCompilers: Display: Worker (1/9): shaders left to compile 2
[2025.11.16-11.49.14:609][300]LogShaderCompilers: Display: Worker (2/9): shaders left to compile 1
[2025.11.16-11.49.14:611][300]TextureStreamingBuild: Display: Compiling optional shaders took 0.324 seconds.
[2025.11.16-11.49.14:654][300]LogUObjectHash: Compacting FUObjectHashTables data took   2.33ms
[2025.11.16-11.49.14:661][300]LogSavePackage: Moving '../../../../../../Git/Saf/GameUniHack/PixelPerfect/Saved/Box539049AC43943C65A9EDCD806DB30645.tmp' to '../../../../../../Git/Saf/GameUniHack/PixelPerfect/Content/Assets/Box.uasset'
[2025.11.16-11.49.14:674][300]AssetCheck: New page: Asset Save: Box
[2025.11.16-11.49.14:674][300]LogContentValidation: Display: Validating MaterialInstanceConstant /Game/Assets/Box.Box
[2025.11.16-11.49.17:417][459]LogRenderer: Reallocating scene render targets to support 1336x868 Format 10 NumSamples 1 (Frame:9).
[2025.11.16-11.49.21:106][664]Cmd: OBJ SAVEPACKAGE PACKAGE="/Game/Assets/Warehouse/Models/BOX_Asset" FILE="../../../../../../Git/Saf/GameUniHack/PixelPerfect/Content/Assets/Warehouse/Models/BOX_Asset.uasset" SILENT=true
[2025.11.16-11.49.21:143][664]LogSavePackage: Moving '../../../../../../Git/Saf/GameUniHack/PixelPerfect/Saved/BOX_Asset5A9487B04087E81A8EBCA3A6384867A2.tmp' to '../../../../../../Git/Saf/GameUniHack/PixelPerfect/Content/Assets/Warehouse/Models/BOX_Asset.uasset'
[2025.11.16-11.49.21:178][664]AssetCheck: New page: Asset Save: BOX_Asset
[2025.11.16-11.49.21:178][664]LogContentValidation: Display: Validating StaticMesh /Game/Assets/Warehouse/Models/BOX_Asset.BOX_Asset
[2025.11.16-11.49.22:218][720]Cmd: OBJ SAVEPACKAGE PACKAGE="/Game/Levels/Main" FILE="../../../../../../Git/Saf/GameUniHack/PixelPerfect/Content/Levels/Main.umap" SILENT=true AUTOSAVING=false KEEPDIRTY=false
[2025.11.16-11.49.22:258][720]LogUObjectHash: Compacting FUObjectHashTables data took   0.67ms
[2025.11.16-11.49.22:300][720]LogSavePackage: Moving '../../../../../../Git/Saf/GameUniHack/PixelPerfect/Saved/Main77D1C3A74DB8840A01599482557EFB4A.tmp' to '../../../../../../Git/Saf/GameUniHack/PixelPerfect/Content/Levels/Main.umap'
[2025.11.16-11.49.22:344][720]AssetCheck: New page: Asset Save: Main
[2025.11.16-11.49.22:344][720]LogContentValidation: Display: Validating World /Game/Levels/Main.Main
[2025.11.16-11.49.28:186][ 59]LogActorFactory: Actor Factory created BOX_Asset
[2025.11.16-11.49.28:356][ 68]LogActorFactory: Actor Factory created BOX_Asset
[2025.11.16-11.49.31:336][227]Cmd: EDIT COPY
[2025.11.16-11.49.31:539][239]Cmd: EDIT PASTE
[2025.11.16-11.49.35:627][472]Cmd: EDIT COPY
[2025.11.16-11.49.36:144][502]Cmd: EDIT COPY
[2025.11.16-11.49.36:308][511]Cmd: EDIT PASTE
[2025.11.16-11.49.39:495][678]Cmd: EDIT COPY
[2025.11.16-11.49.39:640][686]Cmd: EDIT PASTE
[2025.11.16-11.49.42:983][883]Cmd: EDIT COPY
[2025.11.16-11.49.43:169][894]Cmd: EDIT PASTE
[2025.11.16-11.49.46:286][ 66]Cmd: OBJ SAVEPACKAGE PACKAGE="/Game/Levels/Main" FILE="../../../../../../Git/Saf/GameUniHack/PixelPerfect/Content/Levels/Main.umap" SILENT=true AUTOSAVING=false KEEPDIRTY=false
[2025.11.16-11.49.46:326][ 66]LogUObjectHash: Compacting FUObjectHashTables data took   1.57ms
[2025.11.16-11.49.46:394][ 66]LogSavePackage: Moving '../../../../../../Git/Saf/GameUniHack/PixelPerfect/Saved/MainEC9DB98340C249F94CF57CA3F826101A.tmp' to '../../../../../../Git/Saf/GameUniHack/PixelPerfect/Content/Levels/Main.umap'
[2025.11.16-11.49.46:436][ 66]AssetCheck: New page: Asset Save: Main
[2025.11.16-11.49.46:436][ 66]LogContentValidation: Display: Validating World /Game/Levels/Main.Main
[2025.11.16-11.49.47:748][144]LogEditorViewport: Clicking on Actor (LMB): BP_Sky_Sphere_C (BP_Sky_Sphere)
[2025.11.16-11.49.47:911][151]Cmd: OBJ SAVEPACKAGE PACKAGE="/Game/Levels/Main" FILE="../../../../../../Git/Saf/GameUniHack/PixelPerfect/Content/Levels/Main.umap" SILENT=true AUTOSAVING=false KEEPDIRTY=false
[2025.11.16-11.49.47:953][151]LogUObjectHash: Compacting FUObjectHashTables data took   0.56ms
[2025.11.16-11.49.47:993][151]LogSavePackage: Moving '../../../../../../Git/Saf/GameUniHack/PixelPerfect/Saved/MainD4D993774F98F8906E07E9A502E13E63.tmp' to '../../../../../../Git/Saf/GameUniHack/PixelPerfect/Content/Levels/Main.umap'
[2025.11.16-11.49.48:026][151]AssetCheck: New page: Asset Save: Main
[2025.11.16-11.49.48:027][151]LogContentValidation: Display: Validating World /Game/Levels/Main.Main
[2025.11.16-11.49.50:960][321]LogRenderer: Reallocating scene render targets to support 1428x868 Format 10 NumSamples 1 (Frame:3563).
[2025.11.16-11.49.51:516][352]BlueprintLog: New page: Compile BP_Player
[2025.11.16-11.49.51:590][352]LogUObjectHash: Compacting FUObjectHashTables data took   1.97ms
[2025.11.16-11.49.51:793][357]Cmd: OBJ SAVEPACKAGE PACKAGE="/Game/Player/BP_Player" FILE="../../../../../../Git/Saf/GameUniHack/PixelPerfect/Content/Player/BP_Player.uasset" SILENT=true
[2025.11.16-11.49.51:842][357]LogSavePackage: Moving '../../../../../../Git/Saf/GameUniHack/PixelPerfect/Saved/BP_Player58F69614455A49634EB5188F43F3020C.tmp' to '../../../../../../Git/Saf/GameUniHack/PixelPerfect/Content/Player/BP_Player.uasset'
[2025.11.16-11.49.51:865][357]AssetCheck: New page: Asset Save: BP_Player
[2025.11.16-11.49.51:865][357]LogContentValidation: Display: Validating Blueprint /Game/Player/BP_Player.BP_Player
[2025.11.16-11.49.56:237][602]Cmd: OBJ SAVEPACKAGE PACKAGE="/Game/Levels/Main" FILE="../../../../../../Git/Saf/GameUniHack/PixelPerfect/Content/Levels/Main.umap" SILENT=true AUTOSAVING=false KEEPDIRTY=false
[2025.11.16-11.49.56:278][602]LogUObjectHash: Compacting FUObjectHashTables data took   2.40ms
[2025.11.16-11.49.56:320][602]LogSavePackage: Moving '../../../../../../Git/Saf/GameUniHack/PixelPerfect/Saved/Main59ED1E034D4B8D56DF43DA986CA3D4B9.tmp' to '../../../../../../Git/Saf/GameUniHack/PixelPerfect/Content/Levels/Main.umap'
[2025.11.16-11.49.56:356][602]AssetCheck: New page: Asset Save: Main
[2025.11.16-11.49.56:356][602]LogContentValidation: Display: Validating World /Game/Levels/Main.Main
[2025.11.16-11.49.56:651][620]LogTemp: Repeating last play command: Selected Viewport
[2025.11.16-11.49.56:666][620]LogPlayLevel: PlayLevel: No blueprints needed recompiling
[2025.11.16-11.49.56:666][620]PIE: New page: PIE session: Main (Nov 16, 2025, 3:49:56 PM)
[2025.11.16-11.49.56:666][620]LogPlayLevel: Creating play world package: /Game/Levels/UEDPIE_0_Main
[2025.11.16-11.49.56:673][620]LogPlayLevel: PIE: StaticDuplicateObject took: (0.005735s)
[2025.11.16-11.49.56:673][620]LogAIModule: Creating AISystem for world Main
[2025.11.16-11.49.56:673][620]LogAISub: UAISubsystem::UAISubsystem EnvQueryManager (000001C1AB517E00), frame # 8620
[2025.11.16-11.49.56:673][620]LogAISub: UAISubsystem::UAISubsystem AIPerceptionSystem (000001C1DB051300), frame # 8620
[2025.11.16-11.49.56:673][620]LogPlayLevel: PIE: World Init took: (0.000925s)
[2025.11.16-11.49.56:674][620]LogPlayLevel: PIE: Created PIE world by copying editor world from /Game/Levels/Main.Main to /Game/Levels/UEDPIE_0_Main.Main (0.006904s)
[2025.11.16-11.49.56:708][620]LogUObjectHash: Compacting FUObjectHashTables data took   1.88ms
[2025.11.16-11.49.56:709][620]LogAudioMixer: Display: Audio Mixer Platform Settings:
[2025.11.16-11.49.56:709][620]LogAudioMixer: Display: 	Sample Rate:						  48000
[2025.11.16-11.49.56:709][620]LogAudioMixer: Display: 	Callback Buffer Frame Size Requested: 1024
[2025.11.16-11.49.56:709][620]LogAudioMixer: Display: 	Callback Buffer Frame Size To Use:	  1024
[2025.11.16-11.49.56:709][620]LogAudioMixer: Display: 	Number of buffers to queue:			  2
[2025.11.16-11.49.56:709][620]LogAudioMixer: Display: 	Max Channels (voices):				  32
[2025.11.16-11.49.56:709][620]LogAudioMixer: Display: 	Number of Async Source Workers:		  0
[2025.11.16-11.49.56:709][620]LogAudio: Display: AudioDevice MaxSources: 32
[2025.11.16-11.49.56:709][620]LogAudio: Display: Using built-in audio occlusion.
[2025.11.16-11.49.56:709][620]LogAudioMixer: Display: Initializing audio mixer.
[2025.11.16-11.49.56:714][620]LogAudioMixer: Display: 0: FrontLeft
[2025.11.16-11.49.56:714][620]LogAudioMixer: Display: 1: FrontRight
[2025.11.16-11.49.56:727][620]LogAudioMixer: Display: Using Audio Device FxSound Speakers (FxSound Audio Enhancer)
[2025.11.16-11.49.56:727][620]LogAudioMixer: Display: Initializing Sound Submixes...
[2025.11.16-11.49.56:727][620]LogAudioMixer: Display: Creating Master Submix 'MasterSubmixDefault'
[2025.11.16-11.49.56:727][620]LogAudioMixer: Display: Creating Master Submix 'MasterReverbSubmixDefault'
[2025.11.16-11.49.56:729][620]LogAudioMixer: Display: Creating Master Submix 'MasterEQSubmixDefault'
[2025.11.16-11.49.56:742][620]LogInit: FAudioDevice initialized.
[2025.11.16-11.49.56:750][620]LogLoad: Game class is 'PlayerGameModeBase_C'
[2025.11.16-11.49.56:751][620]LogWorld: Bringing World /Game/Levels/UEDPIE_0_Main.Main up for play (max tick rate 60) at 2025.11.16-13.49.56
[2025.11.16-11.49.56:753][620]LogWorld: Bringing up level for play took: 0.002472
[2025.11.16-11.49.56:754][620]LogOnline: OSS: Creating online subsystem instance for: :Context_16
[2025.11.16-11.49.56:756][620]PIE: Server logged in
[2025.11.16-11.49.56:758][620]PIE: Play in editor total start time 0.091 seconds.
[2025.11.16-11.50.01:369][894]LogSlate: Updating window title bar state: overlay mode, drag disabled, window buttons hidden, title bar hidden
[2025.11.16-11.50.01:369][894]LogWorld: BeginTearingDown for /Game/Levels/UEDPIE_0_Main
[2025.11.16-11.50.01:370][894]LogWorld: UWorld::CleanupWorld for Main, bSessionEnded=true, bCleanupResources=true
[2025.11.16-11.50.01:370][894]LogSlate: InvalidateAllWidgets triggered.  All widgets were invalidated
[2025.11.16-11.50.01:388][894]LogPlayLevel: Display: Shutting down PIE online subsystems
[2025.11.16-11.50.01:391][894]LogSlate: InvalidateAllWidgets triggered.  All widgets were invalidated
[2025.11.16-11.50.01:454][894]LogSlate: Updating window title bar state: overlay mode, drag disabled, window buttons hidden, title bar hidden
[2025.11.16-11.50.01:455][894]LogAISub: UAISubsystem::~UAISubsystem AIPerceptionSystem (000001C1DB051300), frame # 8894
[2025.11.16-11.50.01:455][894]LogAISub: UAISubsystem::~UAISubsystem EnvQueryManager (000001C1AB517E00), frame # 8894
[2025.11.16-11.50.01:457][894]LogUObjectHash: Compacting FUObjectHashTables data took   1.88ms
[2025.11.16-11.50.01:488][895]LogPlayLevel: Display: Destroying online subsystem :Context_16
[2025.11.16-11.50.12:823][435]LogSlate: Window 'Pick Parent Class' being destroyed
[2025.11.16-11.50.20:708][870]LogAssetEditorSubsystem: Opening Asset editor for WidgetBlueprint /Game/UI/Lost.Lost
[2025.11.16-11.50.42:971][113]BlueprintLog: New page: Compile Lost
[2025.11.16-11.50.43:060][113]LogUObjectHash: Compacting FUObjectHashTables data took   3.67ms
[2025.11.16-11.50.43:279][121]Cmd: OBJ SAVEPACKAGE PACKAGE="/Game/UI/Lost" FILE="../../../../../../Git/Saf/GameUniHack/PixelPerfect/Content/UI/Lost.uasset" SILENT=true
[2025.11.16-11.50.43:286][121]LogSavePackage: Moving '../../../../../../Git/Saf/GameUniHack/PixelPerfect/Saved/Lost0441D5C54B4E9753F7E832A0D3E2CF4B.tmp' to '../../../../../../Git/Saf/GameUniHack/PixelPerfect/Content/UI/Lost.uasset'
[2025.11.16-11.50.43:306][121]AssetCheck: New page: Asset Save: Lost
[2025.11.16-11.50.43:306][121]LogContentValidation: Display: Validating WidgetBlueprint /Game/UI/Lost.Lost
[2025.11.16-11.50.52:165][618]BlueprintLog: New page: Compile Lost
[2025.11.16-11.50.52:223][618]LogUObjectHash: Compacting FUObjectHashTables data took   3.29ms
[2025.11.16-11.50.54:206][718]LogAssetEditorSubsystem: Opening Asset editor for WidgetBlueprint /Game/UI/MainMenu.MainMenu
[2025.11.16-11.51.03:096][209]BlueprintLog: New page: Compile Lost
[2025.11.16-11.51.03:145][209]LogUObjectHash: Compacting FUObjectHashTables data took   3.49ms
[2025.11.16-11.51.03:506][227]Cmd: OBJ SAVEPACKAGE PACKAGE="/Game/UI/Lost" FILE="../../../../../../Git/Saf/GameUniHack/PixelPerfect/Content/UI/Lost.uasset" SILENT=true
[2025.11.16-11.51.03:531][227]LogSavePackage: Moving '../../../../../../Git/Saf/GameUniHack/PixelPerfect/Saved/Lost776E3B2F485F8E202CFA5E982EDCD729.tmp' to '../../../../../../Git/Saf/GameUniHack/PixelPerfect/Content/UI/Lost.uasset'
[2025.11.16-11.51.03:560][227]AssetCheck: New page: Asset Save: Lost
[2025.11.16-11.51.03:560][227]LogContentValidation: Display: Validating WidgetBlueprint /Game/UI/Lost.Lost
[2025.11.16-11.51.04:346][272]Cmd: OBJ SAVEPACKAGE PACKAGE="/Game/UI/Lost" FILE="../../../../../../Git/Saf/GameUniHack/PixelPerfect/Content/UI/Lost.uasset" SILENT=true
[2025.11.16-11.51.04:379][272]LogSavePackage: Moving '../../../../../../Git/Saf/GameUniHack/PixelPerfect/Saved/Lost39E55CDA4C77F6B74C2CB88787630585.tmp' to '../../../../../../Git/Saf/GameUniHack/PixelPerfect/Content/UI/Lost.uasset'
[2025.11.16-11.51.04:410][272]AssetCheck: New page: Asset Save: Lost
[2025.11.16-11.51.04:410][272]LogContentValidation: Display: Validating WidgetBlueprint /Game/UI/Lost.Lost
[2025.11.16-11.51.05:413][327]BlueprintLog: New page: Compile BP_Player
[2025.11.16-11.51.05:526][327]LogUObjectHash: Compacting FUObjectHashTables data took   3.60ms
[2025.11.16-11.51.05:788][335]Cmd: OBJ SAVEPACKAGE PACKAGE="/Game/Player/BP_Player" FILE="../../../../../../Git/Saf/GameUniHack/PixelPerfect/Content/Player/BP_Player.uasset" SILENT=true
[2025.11.16-11.51.05:841][335]LogSavePackage: Moving '../../../../../../Git/Saf/GameUniHack/PixelPerfect/Saved/BP_Player96548C2A48494F2BA535D7A35CB05391.tmp' to '../../../../../../Git/Saf/GameUniHack/PixelPerfect/Content/Player/BP_Player.uasset'
[2025.11.16-11.51.05:866][335]AssetCheck: New page: Asset Save: BP_Player
[2025.11.16-11.51.05:866][335]LogContentValidation: Display: Validating Blueprint /Game/Player/BP_Player.BP_Player
[2025.11.16-11.51.08:819][494]LogEditorViewport: Clicking on Actor (LMB): ComputerBoss_C (ComputerBoss)
[2025.11.16-11.51.09:935][554]LogAssetEditorSubsystem: Opening Asset editor for Blueprint /Game/Enemy/Anomaly/ComputerBoss.ComputerBoss
[2025.11.16-11.51.13:248][711]BlueprintLog: New page: Compile ComputerBoss
[2025.11.16-11.51.13:413][711]LogUObjectHash: Compacting FUObjectHashTables data took   4.00ms
[2025.11.16-11.51.13:651][720]Cmd: OBJ SAVEPACKAGE PACKAGE="/Game/Enemy/Anomaly/ComputerBoss" FILE="../../../../../../Git/Saf/GameUniHack/PixelPerfect/Content/Enemy/Anomaly/ComputerBoss.uasset" SILENT=true
[2025.11.16-11.51.13:704][720]LogSavePackage: Moving '../../../../../../Git/Saf/GameUniHack/PixelPerfect/Saved/ComputerBossAED057AD409B0642D0C0F59EE0512CB8.tmp' to '../../../../../../Git/Saf/GameUniHack/PixelPerfect/Content/Enemy/Anomaly/ComputerBoss.uasset'
[2025.11.16-11.51.13:756][720]AssetCheck: New page: Asset Save: ComputerBoss
[2025.11.16-11.51.13:756][720]LogContentValidation: Display: Validating Blueprint /Game/Enemy/Anomaly/ComputerBoss.ComputerBoss
[2025.11.16-11.51.23:893][279]BlueprintLog: New page: Compile BP_Player
[2025.11.16-11.51.23:980][279]LogUObjectHash: Compacting FUObjectHashTables data took   3.63ms
[2025.11.16-11.51.24:316][292]Cmd: OBJ SAVEPACKAGE PACKAGE="/Game/Player/BP_Player" FILE="../../../../../../Git/Saf/GameUniHack/PixelPerfect/Content/Player/BP_Player.uasset" SILENT=true
[2025.11.16-11.51.24:367][292]LogSavePackage: Moving '../../../../../../Git/Saf/GameUniHack/PixelPerfect/Saved/BP_PlayerC53517284F82453EC5FAA7841CCAA8EA.tmp' to '../../../../../../Git/Saf/GameUniHack/PixelPerfect/Content/Player/BP_Player.uasset'
[2025.11.16-11.51.24:387][292]AssetCheck: New page: Asset Save: BP_Player
[2025.11.16-11.51.24:387][292]LogContentValidation: Display: Validating Blueprint /Game/Player/BP_Player.BP_Player
[2025.11.16-11.51.42:651][336]LogSlate: Prevented a slow task dialog from being summoned while a context menu was open
[2025.11.16-11.51.44:951][408]BlueprintLog: New page: Compile BP_Player
[2025.11.16-11.51.45:046][408]LogUObjectHash: Compacting FUObjectHashTables data took   3.94ms
[2025.11.16-11.51.45:214][411]Cmd: OBJ SAVEPACKAGE PACKAGE="/Game/Player/BP_Player" FILE="../../../../../../Git/Saf/GameUniHack/PixelPerfect/Content/Player/BP_Player.uasset" SILENT=true
[2025.11.16-11.51.45:265][411]LogSavePackage: Moving '../../../../../../Git/Saf/GameUniHack/PixelPerfect/Saved/BP_PlayerA5467D8C40D332F92EF5BB867FAA1841.tmp' to '../../../../../../Git/Saf/GameUniHack/PixelPerfect/Content/Player/BP_Player.uasset'
[2025.11.16-11.51.45:287][411]AssetCheck: New page: Asset Save: BP_Player
[2025.11.16-11.51.45:287][411]LogContentValidation: Display: Validating Blueprint /Game/Player/BP_Player.BP_Player
[2025.11.16-11.51.51:402][756]BlueprintLog: New page: Compile BP_Player
[2025.11.16-11.51.51:510][756]LogUObjectHash: Compacting FUObjectHashTables data took   3.88ms
[2025.11.16-11.51.51:833][768]Cmd: OBJ SAVEPACKAGE PACKAGE="/Game/Player/BP_Player" FILE="../../../../../../Git/Saf/GameUniHack/PixelPerfect/Content/Player/BP_Player.uasset" SILENT=true
[2025.11.16-11.51.51:888][768]LogSavePackage: Moving '../../../../../../Git/Saf/GameUniHack/PixelPerfect/Saved/BP_Player4447EC054123E74F204F2EB246AFE2EE.tmp' to '../../../../../../Git/Saf/GameUniHack/PixelPerfect/Content/Player/BP_Player.uasset'
[2025.11.16-11.51.51:909][768]AssetCheck: New page: Asset Save: BP_Player
[2025.11.16-11.51.51:909][768]LogContentValidation: Display: Validating Blueprint /Game/Player/BP_Player.BP_Player
[2025.11.16-11.51.53:076][836]Cmd: OBJ SAVEPACKAGE PACKAGE="/Game/Player/BP_Player" FILE="../../../../../../Git/Saf/GameUniHack/PixelPerfect/Content/Player/BP_Player.uasset" SILENT=true
[2025.11.16-11.51.53:127][836]LogSavePackage: Moving '../../../../../../Git/Saf/GameUniHack/PixelPerfect/Saved/BP_PlayerE82DA9D84F2CA1E21272CC90560671B4.tmp' to '../../../../../../Git/Saf/GameUniHack/PixelPerfect/Content/Player/BP_Player.uasset'
[2025.11.16-11.51.53:145][836]AssetCheck: New page: Asset Save: BP_Player
[2025.11.16-11.51.53:145][836]LogContentValidation: Display: Validating Blueprint /Game/Player/BP_Player.BP_Player
[2025.11.16-11.51.59:081][174]BlueprintLog: New page: Compile ComputerBoss
[2025.11.16-11.51.59:229][174]LogUObjectHash: Compacting FUObjectHashTables data took   4.04ms
[2025.11.16-11.51.59:503][186]Cmd: OBJ SAVEPACKAGE PACKAGE="/Game/Enemy/Anomaly/ComputerBoss" FILE="../../../../../../Git/Saf/GameUniHack/PixelPerfect/Content/Enemy/Anomaly/ComputerBoss.uasset" SILENT=true
[2025.11.16-11.51.59:546][186]LogSavePackage: Moving '../../../../../../Git/Saf/GameUniHack/PixelPerfect/Saved/ComputerBossE6CC429E4983B7B4197BC3A05164AA48.tmp' to '../../../../../../Git/Saf/GameUniHack/PixelPerfect/Content/Enemy/Anomaly/ComputerBoss.uasset'
[2025.11.16-11.51.59:572][186]AssetCheck: New page: Asset Save: ComputerBoss
[2025.11.16-11.51.59:572][186]LogContentValidation: Display: Validating Blueprint /Game/Enemy/Anomaly/ComputerBoss.ComputerBoss
[2025.11.16-11.52.30:010][876]BlueprintLog: New page: Compile BP_Player
[2025.11.16-11.52.30:111][876]LogUObjectHash: Compacting FUObjectHashTables data took   4.11ms
[2025.11.16-11.52.30:369][884]Cmd: OBJ SAVEPACKAGE PACKAGE="/Game/Player/BP_Player" FILE="../../../../../../Git/Saf/GameUniHack/PixelPerfect/Content/Player/BP_Player.uasset" SILENT=true
[2025.11.16-11.52.30:419][884]LogSavePackage: Moving '../../../../../../Git/Saf/GameUniHack/PixelPerfect/Saved/BP_Player7713872A42BAEBE585683EA7CC165EA3.tmp' to '../../../../../../Git/Saf/GameUniHack/PixelPerfect/Content/Player/BP_Player.uasset'
[2025.11.16-11.52.30:440][884]AssetCheck: New page: Asset Save: BP_Player
[2025.11.16-11.52.30:441][884]LogContentValidation: Display: Validating Blueprint /Game/Player/BP_Player.BP_Player
[2025.11.16-11.52.31:164][924]Cmd: OBJ SAVEPACKAGE PACKAGE="/Game/Player/BP_Player" FILE="../../../../../../Git/Saf/GameUniHack/PixelPerfect/Content/Player/BP_Player.uasset" SILENT=true
[2025.11.16-11.52.31:224][924]LogSavePackage: Moving '../../../../../../Git/Saf/GameUniHack/PixelPerfect/Saved/BP_Player2ABBECD54FBC5911A1BA8BACC20CE070.tmp' to '../../../../../../Git/Saf/GameUniHack/PixelPerfect/Content/Player/BP_Player.uasset'
[2025.11.16-11.52.31:239][924]AssetCheck: New page: Asset Save: BP_Player
[2025.11.16-11.52.31:239][924]LogContentValidation: Display: Validating Blueprint /Game/Player/BP_Player.BP_Player
[2025.11.16-11.52.35:435][166]LogWorld: UWorld::CleanupWorld for World_9, bSessionEnded=true, bCleanupResources=true
[2025.11.16-11.52.35:435][166]LogSlate: InvalidateAllWidgets triggered.  All widgets were invalidated
[2025.11.16-11.52.36:443][217]BlueprintLog: New page: Compile BP_Player
[2025.11.16-11.52.36:534][217]LogUObjectHash: Compacting FUObjectHashTables data took   3.69ms
[2025.11.16-11.52.36:799][226]Cmd: OBJ SAVEPACKAGE PACKAGE="/Game/Player/BP_Player" FILE="../../../../../../Git/Saf/GameUniHack/PixelPerfect/Content/Player/BP_Player.uasset" SILENT=true
[2025.11.16-11.52.36:856][226]LogSavePackage: Moving '../../../../../../Git/Saf/GameUniHack/PixelPerfect/Saved/BP_Player2A6EF885477CC1586B8D3398EC63CB8E.tmp' to '../../../../../../Git/Saf/GameUniHack/PixelPerfect/Content/Player/BP_Player.uasset'
[2025.11.16-11.52.36:880][226]AssetCheck: New page: Asset Save: BP_Player
[2025.11.16-11.52.36:880][226]LogContentValidation: Display: Validating Blueprint /Game/Player/BP_Player.BP_Player
[2025.11.16-11.52.52:351][108]LogAssetEditorSubsystem: Opening Asset editor for Blueprint /Game/Enemy/Phone/Phone.Phone
[2025.11.16-11.53.01:220][579]BlueprintLog: New page: Compile Phone
[2025.11.16-11.53.01:233][579]LogSkeletalMesh: USkeletalMeshComponent::InitArticulated : Could not find root physics body: '/Game/Levels/Main.Main:PersistentLevel.Phone_2.CharacterMesh0'
[2025.11.16-11.53.01:233][579]LogSkeletalMesh: USkeletalMeshComponent::InitArticulated : Could not find root physics body: '/Game/Levels/Main.Main:PersistentLevel.Phone_2.CharacterMesh0'
[2025.11.16-11.53.01:235][579]LogSkeletalMesh: USkeletalMeshComponent::InitArticulated : Could not find root physics body: '/Game/Levels/Main.Main:PersistentLevel.Phone2_2.CharacterMesh0'
[2025.11.16-11.53.01:236][579]LogSkeletalMesh: USkeletalMeshComponent::InitArticulated : Could not find root physics body: '/Game/Levels/Main.Main:PersistentLevel.Phone2_2.CharacterMesh0'
[2025.11.16-11.53.01:303][579]LogUObjectHash: Compacting FUObjectHashTables data took   4.02ms
[2025.11.16-11.53.01:306][579]LogSkeletalMesh: USkeletalMeshComponent::InitArticulated : Could not find root physics body: '/Game/Levels/Main.Main:PersistentLevel.Phone_2.CharacterMesh0'
[2025.11.16-11.53.01:306][579]LogSkeletalMesh: USkeletalMeshComponent::InitArticulated : Could not find root physics body: '/Game/Levels/Main.Main:PersistentLevel.Phone2_2.CharacterMesh0'
[2025.11.16-11.53.01:316][579]LogSkeletalMesh: USkeletalMeshComponent::InitArticulated : Could not find root physics body: '/Game/Levels/Main.Main:PersistentLevel.Phone_2.CharacterMesh0'
[2025.11.16-11.53.01:316][579]LogSkeletalMesh: USkeletalMeshComponent::InitArticulated : Could not find root physics body: '/Game/Levels/Main.Main:PersistentLevel.Phone2_2.CharacterMesh0'
[2025.11.16-11.53.01:473][584]Cmd: OBJ SAVEPACKAGE PACKAGE="/Game/Enemy/Phone/Phone" FILE="../../../../../../Git/Saf/GameUniHack/PixelPerfect/Content/Enemy/Phone/Phone.uasset" SILENT=true
[2025.11.16-11.53.01:522][584]LogSavePackage: Moving '../../../../../../Git/Saf/GameUniHack/PixelPerfect/Saved/Phone9667BCDE460E87213960F68FDD4542E5.tmp' to '../../../../../../Git/Saf/GameUniHack/PixelPerfect/Content/Enemy/Phone/Phone.uasset'
[2025.11.16-11.53.01:546][584]AssetCheck: New page: Asset Save: Phone
[2025.11.16-11.53.01:546][584]LogContentValidation: Display: Validating Blueprint /Game/Enemy/Phone/Phone.Phone
[2025.11.16-11.53.10:399][ 68]BlueprintLog: New page: Compile ComputerBoss
[2025.11.16-11.53.10:538][ 68]LogUObjectHash: Compacting FUObjectHashTables data took   3.60ms
[2025.11.16-11.53.10:738][ 74]Cmd: OBJ SAVEPACKAGE PACKAGE="/Game/Enemy/Anomaly/ComputerBoss" FILE="../../../../../../Git/Saf/GameUniHack/PixelPerfect/Content/Enemy/Anomaly/ComputerBoss.uasset" SILENT=true
[2025.11.16-11.53.10:779][ 74]LogSavePackage: Moving '../../../../../../Git/Saf/GameUniHack/PixelPerfect/Saved/ComputerBoss6B672E0E4D26AB961338A78EDE15D0CF.tmp' to '../../../../../../Git/Saf/GameUniHack/PixelPerfect/Content/Enemy/Anomaly/ComputerBoss.uasset'
[2025.11.16-11.53.10:805][ 74]AssetCheck: New page: Asset Save: ComputerBoss
[2025.11.16-11.53.10:805][ 74]LogContentValidation: Display: Validating Blueprint /Game/Enemy/Anomaly/ComputerBoss.ComputerBoss
[2025.11.16-11.53.23:027][730]BlueprintLog: New page: Compile ComputerBoss
[2025.11.16-11.53.23:175][730]LogUObjectHash: Compacting FUObjectHashTables data took   3.81ms
[2025.11.16-11.53.23:431][738]Cmd: OBJ SAVEPACKAGE PACKAGE="/Game/Enemy/Anomaly/ComputerBoss" FILE="../../../../../../Git/Saf/GameUniHack/PixelPerfect/Content/Enemy/Anomaly/ComputerBoss.uasset" SILENT=true
[2025.11.16-11.53.23:478][738]LogSavePackage: Moving '../../../../../../Git/Saf/GameUniHack/PixelPerfect/Saved/ComputerBoss05D1E21040ECA89C65BB11BF7B6C9443.tmp' to '../../../../../../Git/Saf/GameUniHack/PixelPerfect/Content/Enemy/Anomaly/ComputerBoss.uasset'
[2025.11.16-11.53.23:501][738]AssetCheck: New page: Asset Save: ComputerBoss
[2025.11.16-11.53.23:501][738]LogContentValidation: Display: Validating Blueprint /Game/Enemy/Anomaly/ComputerBoss.ComputerBoss
[2025.11.16-11.53.23:881][758]Cmd: OBJ SAVEPACKAGE PACKAGE="/Game/Enemy/Anomaly/ComputerBoss" FILE="../../../../../../Git/Saf/GameUniHack/PixelPerfect/Content/Enemy/Anomaly/ComputerBoss.uasset" SILENT=true
[2025.11.16-11.53.23:935][758]LogSavePackage: Moving '../../../../../../Git/Saf/GameUniHack/PixelPerfect/Saved/ComputerBossDB17F6574A0F53DE6EA78389B392FB2E.tmp' to '../../../../../../Git/Saf/GameUniHack/PixelPerfect/Content/Enemy/Anomaly/ComputerBoss.uasset'
[2025.11.16-11.53.23:965][758]AssetCheck: New page: Asset Save: ComputerBoss
[2025.11.16-11.53.23:965][758]LogContentValidation: Display: Validating Blueprint /Game/Enemy/Anomaly/ComputerBoss.ComputerBoss
[2025.11.16-11.53.27:146][933]LogSkeletalMesh: USkeletalMeshComponent::InitArticulated : Could not find root physics body: '/Game/Levels/Main.Main:PersistentLevel.Phone_2.CharacterMesh0'
[2025.11.16-11.53.27:150][933]LogSkeletalMesh: USkeletalMeshComponent::InitArticulated : Could not find root physics body: '/Game/Levels/Main.Main:PersistentLevel.Phone2_2.CharacterMesh0'
[2025.11.16-11.53.27:630][958]BlueprintLog: New page: Compile Phone
[2025.11.16-11.53.27:646][958]LogSkeletalMesh: USkeletalMeshComponent::InitArticulated : Could not find root physics body: '/Game/Levels/Main.Main:PersistentLevel.Phone_2.CharacterMesh0'
[2025.11.16-11.53.27:648][958]LogSkeletalMesh: USkeletalMeshComponent::InitArticulated : Could not find root physics body: '/Game/Levels/Main.Main:PersistentLevel.Phone_2.CharacterMesh0'
[2025.11.16-11.53.27:650][958]LogSkeletalMesh: USkeletalMeshComponent::InitArticulated : Could not find root physics body: '/Game/Levels/Main.Main:PersistentLevel.Phone2_2.CharacterMesh0'
[2025.11.16-11.53.27:651][958]LogSkeletalMesh: USkeletalMeshComponent::InitArticulated : Could not find root physics body: '/Game/Levels/Main.Main:PersistentLevel.Phone2_2.CharacterMesh0'
[2025.11.16-11.53.27:729][958]LogUObjectHash: Compacting FUObjectHashTables data took   3.67ms
[2025.11.16-11.53.27:730][958]LogSkeletalMesh: USkeletalMeshComponent::InitArticulated : Could not find root physics body: '/Game/Levels/Main.Main:PersistentLevel.Phone_2.CharacterMesh0'
[2025.11.16-11.53.27:731][958]LogSkeletalMesh: USkeletalMeshComponent::InitArticulated : Could not find root physics body: '/Game/Levels/Main.Main:PersistentLevel.Phone2_2.CharacterMesh0'
[2025.11.16-11.53.27:739][958]LogSkeletalMesh: USkeletalMeshComponent::InitArticulated : Could not find root physics body: '/Game/Levels/Main.Main:PersistentLevel.Phone_2.CharacterMesh0'
[2025.11.16-11.53.27:740][958]LogSkeletalMesh: USkeletalMeshComponent::InitArticulated : Could not find root physics body: '/Game/Levels/Main.Main:PersistentLevel.Phone2_2.CharacterMesh0'
[2025.11.16-11.53.30:762][129]LogSkeletalMesh: USkeletalMeshComponent::InitArticulated : Could not find root physics body: '/Game/Levels/Main.Main:PersistentLevel.Phone_2.CharacterMesh0'
[2025.11.16-11.53.30:763][129]LogSkeletalMesh: USkeletalMeshComponent::InitArticulated : Could not find root physics body: '/Game/Levels/Main.Main:PersistentLevel.Phone2_2.CharacterMesh0'
[2025.11.16-11.53.31:244][150]BlueprintLog: New page: Compile Phone
[2025.11.16-11.53.31:258][150]LogSkeletalMesh: USkeletalMeshComponent::InitArticulated : Could not find root physics body: '/Game/Levels/Main.Main:PersistentLevel.Phone_2.CharacterMesh0'
[2025.11.16-11.53.31:259][150]LogSkeletalMesh: USkeletalMeshComponent::InitArticulated : Could not find root physics body: '/Game/Levels/Main.Main:PersistentLevel.Phone_2.CharacterMesh0'
[2025.11.16-11.53.31:260][150]LogSkeletalMesh: USkeletalMeshComponent::InitArticulated : Could not find root physics body: '/Game/Levels/Main.Main:PersistentLevel.Phone2_2.CharacterMesh0'
[2025.11.16-11.53.31:261][150]LogSkeletalMesh: USkeletalMeshComponent::InitArticulated : Could not find root physics body: '/Game/Levels/Main.Main:PersistentLevel.Phone2_2.CharacterMesh0'
[2025.11.16-11.53.31:326][150]LogUObjectHash: Compacting FUObjectHashTables data took   4.37ms
[2025.11.16-11.53.31:329][150]LogSkeletalMesh: USkeletalMeshComponent::InitArticulated : Could not find root physics body: '/Game/Levels/Main.Main:PersistentLevel.Phone_2.CharacterMesh0'
[2025.11.16-11.53.31:329][150]LogSkeletalMesh: USkeletalMeshComponent::InitArticulated : Could not find root physics body: '/Game/Levels/Main.Main:PersistentLevel.Phone2_2.CharacterMesh0'
[2025.11.16-11.53.31:340][150]LogSkeletalMesh: USkeletalMeshComponent::InitArticulated : Could not find root physics body: '/Game/Levels/Main.Main:PersistentLevel.Phone_2.CharacterMesh0'
[2025.11.16-11.53.31:341][150]LogSkeletalMesh: USkeletalMeshComponent::InitArticulated : Could not find root physics body: '/Game/Levels/Main.Main:PersistentLevel.Phone2_2.CharacterMesh0'
[2025.11.16-11.53.31:779][169]Cmd: OBJ SAVEPACKAGE PACKAGE="/Game/Enemy/Phone/Phone" FILE="../../../../../../Git/Saf/GameUniHack/PixelPerfect/Content/Enemy/Phone/Phone.uasset" SILENT=true
[2025.11.16-11.53.31:830][169]LogSavePackage: Moving '../../../../../../Git/Saf/GameUniHack/PixelPerfect/Saved/PhoneEE4BDFC74FCEE8E6576F93B772F652E9.tmp' to '../../../../../../Git/Saf/GameUniHack/PixelPerfect/Content/Enemy/Phone/Phone.uasset'
[2025.11.16-11.53.31:856][169]AssetCheck: New page: Asset Save: Phone
[2025.11.16-11.53.31:856][169]LogContentValidation: Display: Validating Blueprint /Game/Enemy/Phone/Phone.Phone
[2025.11.16-11.53.36:823][428]LogSkeletalMesh: USkeletalMeshComponent::InitArticulated : Could not find root physics body: '/Game/Levels/Main.Main:PersistentLevel.Phone_2.CharacterMesh0'
[2025.11.16-11.53.36:825][428]LogSkeletalMesh: USkeletalMeshComponent::InitArticulated : Could not find root physics body: '/Game/Levels/Main.Main:PersistentLevel.Phone2_2.CharacterMesh0'
[2025.11.16-11.53.57:006][613]BlueprintLog: New page: Compile Phone
[2025.11.16-11.53.57:021][613]LogSkeletalMesh: USkeletalMeshComponent::InitArticulated : Could not find root physics body: '/Game/Levels/Main.Main:PersistentLevel.Phone_2.CharacterMesh0'
[2025.11.16-11.53.57:023][613]LogSkeletalMesh: USkeletalMeshComponent::InitArticulated : Could not find root physics body: '/Game/Levels/Main.Main:PersistentLevel.Phone_2.CharacterMesh0'
[2025.11.16-11.53.57:023][613]LogSkeletalMesh: USkeletalMeshComponent::InitArticulated : Could not find root physics body: '/Game/Levels/Main.Main:PersistentLevel.Phone2_2.CharacterMesh0'
[2025.11.16-11.53.57:024][613]LogSkeletalMesh: USkeletalMeshComponent::InitArticulated : Could not find root physics body: '/Game/Levels/Main.Main:PersistentLevel.Phone2_2.CharacterMesh0'
[2025.11.16-11.53.57:094][613]LogUObjectHash: Compacting FUObjectHashTables data took   4.36ms
[2025.11.16-11.53.57:099][613]LogSkeletalMesh: USkeletalMeshComponent::InitArticulated : Could not find root physics body: '/Game/Levels/Main.Main:PersistentLevel.Phone_2.CharacterMesh0'
[2025.11.16-11.53.57:100][613]LogSkeletalMesh: USkeletalMeshComponent::InitArticulated : Could not find root physics body: '/Game/Levels/Main.Main:PersistentLevel.Phone2_2.CharacterMesh0'
[2025.11.16-11.53.57:111][613]LogSkeletalMesh: USkeletalMeshComponent::InitArticulated : Could not find root physics body: '/Game/Levels/Main.Main:PersistentLevel.Phone_2.CharacterMesh0'
[2025.11.16-11.53.57:112][613]LogSkeletalMesh: USkeletalMeshComponent::InitArticulated : Could not find root physics body: '/Game/Levels/Main.Main:PersistentLevel.Phone2_2.CharacterMesh0'
[2025.11.16-11.53.57:413][625]Cmd: OBJ SAVEPACKAGE PACKAGE="/Game/Enemy/Phone/Phone" FILE="../../../../../../Git/Saf/GameUniHack/PixelPerfect/Content/Enemy/Phone/Phone.uasset" SILENT=true
[2025.11.16-11.53.57:469][625]LogSavePackage: Moving '../../../../../../Git/Saf/GameUniHack/PixelPerfect/Saved/Phone4C01DF4E48DA12A48031029403FFAC69.tmp' to '../../../../../../Git/Saf/GameUniHack/PixelPerfect/Content/Enemy/Phone/Phone.uasset'
[2025.11.16-11.53.57:503][625]AssetCheck: New page: Asset Save: Phone
[2025.11.16-11.53.57:503][625]LogContentValidation: Display: Validating Blueprint /Game/Enemy/Phone/Phone.Phone
[2025.11.16-11.54.08:932][259]BlueprintLog: New page: Compile Phone
[2025.11.16-11.54.08:946][259]LogSkeletalMesh: USkeletalMeshComponent::InitArticulated : Could not find root physics body: '/Game/Levels/Main.Main:PersistentLevel.Phone_2.CharacterMesh0'
[2025.11.16-11.54.08:947][259]LogSkeletalMesh: USkeletalMeshComponent::InitArticulated : Could not find root physics body: '/Game/Levels/Main.Main:PersistentLevel.Phone_2.CharacterMesh0'
[2025.11.16-11.54.08:948][259]LogSkeletalMesh: USkeletalMeshComponent::InitArticulated : Could not find root physics body: '/Game/Levels/Main.Main:PersistentLevel.Phone2_2.CharacterMesh0'
[2025.11.16-11.54.08:948][259]LogSkeletalMesh: USkeletalMeshComponent::InitArticulated : Could not find root physics body: '/Game/Levels/Main.Main:PersistentLevel.Phone2_2.CharacterMesh0'
[2025.11.16-11.54.09:020][259]LogUObjectHash: Compacting FUObjectHashTables data took   3.67ms
[2025.11.16-11.54.09:021][259]LogSkeletalMesh: USkeletalMeshComponent::InitArticulated : Could not find root physics body: '/Game/Levels/Main.Main:PersistentLevel.Phone_2.CharacterMesh0'
[2025.11.16-11.54.09:023][259]LogSkeletalMesh: USkeletalMeshComponent::InitArticulated : Could not find root physics body: '/Game/Levels/Main.Main:PersistentLevel.Phone2_2.CharacterMesh0'
[2025.11.16-11.54.09:033][259]LogSkeletalMesh: USkeletalMeshComponent::InitArticulated : Could not find root physics body: '/Game/Levels/Main.Main:PersistentLevel.Phone_2.CharacterMesh0'
[2025.11.16-11.54.09:033][259]LogSkeletalMesh: USkeletalMeshComponent::InitArticulated : Could not find root physics body: '/Game/Levels/Main.Main:PersistentLevel.Phone2_2.CharacterMesh0'
[2025.11.16-11.54.09:266][267]Cmd: OBJ SAVEPACKAGE PACKAGE="/Game/Enemy/Phone/Phone" FILE="../../../../../../Git/Saf/GameUniHack/PixelPerfect/Content/Enemy/Phone/Phone.uasset" SILENT=true
[2025.11.16-11.54.09:316][267]LogSavePackage: Moving '../../../../../../Git/Saf/GameUniHack/PixelPerfect/Saved/PhoneBF1CC9964E7484B4F57055B8BCE9BE26.tmp' to '../../../../../../Git/Saf/GameUniHack/PixelPerfect/Content/Enemy/Phone/Phone.uasset'
[2025.11.16-11.54.09:341][267]AssetCheck: New page: Asset Save: Phone
[2025.11.16-11.54.09:342][267]LogContentValidation: Display: Validating Blueprint /Game/Enemy/Phone/Phone.Phone
[2025.11.16-11.54.09:971][303]Cmd: OBJ SAVEPACKAGE PACKAGE="/Game/Enemy/Phone/Phone" FILE="../../../../../../Git/Saf/GameUniHack/PixelPerfect/Content/Enemy/Phone/Phone.uasset" SILENT=true
[2025.11.16-11.54.10:019][303]LogSavePackage: Moving '../../../../../../Git/Saf/GameUniHack/PixelPerfect/Saved/Phone3D68087D4FF7D63D1DA242A07FB5C74D.tmp' to '../../../../../../Git/Saf/GameUniHack/PixelPerfect/Content/Enemy/Phone/Phone.uasset'
[2025.11.16-11.54.10:036][303]AssetCheck: New page: Asset Save: Phone
[2025.11.16-11.54.10:036][303]LogContentValidation: Display: Validating Blueprint /Game/Enemy/Phone/Phone.Phone
[2025.11.16-11.54.13:272][491]Cmd: OBJ SAVEPACKAGE PACKAGE="/Game/Levels/Main" FILE="../../../../../../Git/Saf/GameUniHack/PixelPerfect/Content/Levels/Main.umap" SILENT=true AUTOSAVING=false KEEPDIRTY=false
[2025.11.16-11.54.13:335][491]LogUObjectHash: Compacting FUObjectHashTables data took   4.22ms
[2025.11.16-11.54.13:376][491]LogSavePackage: Moving '../../../../../../Git/Saf/GameUniHack/PixelPerfect/Saved/Main31944DED437A02A6440A9885686B674C.tmp' to '../../../../../../Git/Saf/GameUniHack/PixelPerfect/Content/Levels/Main.umap'
[2025.11.16-11.54.13:416][491]AssetCheck: New page: Asset Save: Main
[2025.11.16-11.54.13:416][491]LogContentValidation: Display: Validating World /Game/Levels/Main.Main
[2025.11.16-11.54.14:106][532]LogTemp: Repeating last play command: Selected Viewport
[2025.11.16-11.54.14:121][532]LogPlayLevel: PlayLevel: No blueprints needed recompiling
[2025.11.16-11.54.14:123][532]PIE: New page: PIE session: Main (Nov 16, 2025, 3:54:14 PM)
[2025.11.16-11.54.14:123][532]LogPlayLevel: Creating play world package: /Game/Levels/UEDPIE_0_Main
[2025.11.16-11.54.14:127][532]LogPlayLevel: PIE: StaticDuplicateObject took: (0.005428s)
[2025.11.16-11.54.14:129][532]LogAIModule: Creating AISystem for world Main
[2025.11.16-11.54.14:129][532]LogAISub: UAISubsystem::UAISubsystem EnvQueryManager (000001C236E99400), frame # 22532
[2025.11.16-11.54.14:129][532]LogAISub: UAISubsystem::UAISubsystem AIPerceptionSystem (000001C1D247D440), frame # 22532
[2025.11.16-11.54.14:129][532]LogPlayLevel: PIE: World Init took: (0.001592s)
[2025.11.16-11.54.14:129][532]LogPlayLevel: PIE: Created PIE world by copying editor world from /Game/Levels/Main.Main to /Game/Levels/UEDPIE_0_Main.Main (0.007142s)
[2025.11.16-11.54.14:174][532]LogUObjectHash: Compacting FUObjectHashTables data took   2.86ms
[2025.11.16-11.54.14:175][532]LogAudioMixer: Display: Audio Mixer Platform Settings:
[2025.11.16-11.54.14:175][532]LogAudioMixer: Display: 	Sample Rate:						  48000
[2025.11.16-11.54.14:175][532]LogAudioMixer: Display: 	Callback Buffer Frame Size Requested: 1024
[2025.11.16-11.54.14:175][532]LogAudioMixer: Display: 	Callback Buffer Frame Size To Use:	  1024
[2025.11.16-11.54.14:175][532]LogAudioMixer: Display: 	Number of buffers to queue:			  2
[2025.11.16-11.54.14:175][532]LogAudioMixer: Display: 	Max Channels (voices):				  32
[2025.11.16-11.54.14:175][532]LogAudioMixer: Display: 	Number of Async Source Workers:		  0
[2025.11.16-11.54.14:175][532]LogAudio: Display: AudioDevice MaxSources: 32
[2025.11.16-11.54.14:176][532]LogAudio: Display: Using built-in audio occlusion.
[2025.11.16-11.54.14:176][532]LogAudioMixer: Display: Initializing audio mixer.
[2025.11.16-11.54.14:179][532]LogAudioMixer: Display: 0: FrontLeft
[2025.11.16-11.54.14:179][532]LogAudioMixer: Display: 1: FrontRight
[2025.11.16-11.54.14:195][532]LogAudioMixer: Display: Using Audio Device FxSound Speakers (FxSound Audio Enhancer)
[2025.11.16-11.54.14:195][532]LogAudioMixer: Display: Initializing Sound Submixes...
[2025.11.16-11.54.14:195][532]LogAudioMixer: Display: Creating Master Submix 'MasterSubmixDefault'
[2025.11.16-11.54.14:195][532]LogAudioMixer: Display: Creating Master Submix 'MasterReverbSubmixDefault'
[2025.11.16-11.54.14:195][532]LogAudioMixer: Display: Creating Master Submix 'MasterEQSubmixDefault'
[2025.11.16-11.54.14:209][532]LogInit: FAudioDevice initialized.
[2025.11.16-11.54.14:218][532]LogLoad: Game class is 'PlayerGameModeBase_C'
[2025.11.16-11.54.14:220][532]LogWorld: Bringing World /Game/Levels/UEDPIE_0_Main.Main up for play (max tick rate 60) at 2025.11.16-13.54.14
[2025.11.16-11.54.14:221][532]LogWorld: Bringing up level for play took: 0.002595
[2025.11.16-11.54.14:221][532]LogOnline: OSS: Creating online subsystem instance for: :Context_23
[2025.11.16-11.54.14:226][532]PIE: Server logged in
[2025.11.16-11.54.14:226][532]PIE: Play in editor total start time 0.104 seconds.
[2025.11.16-11.54.17:410][717]LogSlate: Updating window title bar state: overlay mode, drag disabled, window buttons hidden, title bar hidden
[2025.11.16-11.54.17:411][717]LogWorld: BeginTearingDown for /Game/Levels/UEDPIE_0_Main
[2025.11.16-11.54.17:411][717]LogWorld: UWorld::CleanupWorld for Main, bSessionEnded=true, bCleanupResources=true
[2025.11.16-11.54.17:411][717]LogSlate: InvalidateAllWidgets triggered.  All widgets were invalidated
[2025.11.16-11.54.17:430][717]LogPlayLevel: Display: Shutting down PIE online subsystems
[2025.11.16-11.54.17:436][717]LogSlate: InvalidateAllWidgets triggered.  All widgets were invalidated
[2025.11.16-11.54.17:507][717]LogSlate: Updating window title bar state: overlay mode, drag disabled, window buttons hidden, title bar hidden
[2025.11.16-11.54.17:507][717]LogAISub: UAISubsystem::~UAISubsystem AIPerceptionSystem (000001C1D247D440), frame # 22717
[2025.11.16-11.54.17:508][717]LogAISub: UAISubsystem::~UAISubsystem EnvQueryManager (000001C236E99400), frame # 22717
[2025.11.16-11.54.17:511][717]LogUObjectHash: Compacting FUObjectHashTables data took   2.55ms
[2025.11.16-11.54.17:551][718]LogPlayLevel: Display: Destroying online subsystem :Context_23
[2025.11.16-11.54.20:049][863]LogTemp: Repeating last play command: Selected Viewport
[2025.11.16-11.54.20:066][863]LogPlayLevel: PlayLevel: No blueprints needed recompiling
[2025.11.16-11.54.20:067][863]PIE: New page: PIE session: Main (Nov 16, 2025, 3:54:20 PM)
[2025.11.16-11.54.20:067][863]LogPlayLevel: Creating play world package: /Game/Levels/UEDPIE_0_Main
[2025.11.16-11.54.20:074][863]LogPlayLevel: PIE: StaticDuplicateObject took: (0.006414s)
[2025.11.16-11.54.20:074][863]LogAIModule: Creating AISystem for world Main
[2025.11.16-11.54.20:074][863]LogAISub: UAISubsystem::UAISubsystem EnvQueryManager (000001C22B293A00), frame # 22863
[2025.11.16-11.54.20:074][863]LogAISub: UAISubsystem::UAISubsystem AIPerceptionSystem (000001C233977D80), frame # 22863
[2025.11.16-11.54.20:075][863]LogPlayLevel: PIE: World Init took: (0.000927s)
[2025.11.16-11.54.20:075][863]LogPlayLevel: PIE: Created PIE world by copying editor world from /Game/Levels/Main.Main to /Game/Levels/UEDPIE_0_Main.Main (0.007452s)
[2025.11.16-11.54.20:118][863]LogUObjectHash: Compacting FUObjectHashTables data took   2.77ms
[2025.11.16-11.54.20:119][863]LogAudioMixer: Display: Audio Mixer Platform Settings:
[2025.11.16-11.54.20:119][863]LogAudioMixer: Display: 	Sample Rate:						  48000
[2025.11.16-11.54.20:119][863]LogAudioMixer: Display: 	Callback Buffer Frame Size Requested: 1024
[2025.11.16-11.54.20:119][863]LogAudioMixer: Display: 	Callback Buffer Frame Size To Use:	  1024
[2025.11.16-11.54.20:119][863]LogAudioMixer: Display: 	Number of buffers to queue:			  2
[2025.11.16-11.54.20:119][863]LogAudioMixer: Display: 	Max Channels (voices):				  32
[2025.11.16-11.54.20:119][863]LogAudioMixer: Display: 	Number of Async Source Workers:		  0
[2025.11.16-11.54.20:119][863]LogAudio: Display: AudioDevice MaxSources: 32
[2025.11.16-11.54.20:119][863]LogAudio: Display: Using built-in audio occlusion.
[2025.11.16-11.54.20:119][863]LogAudioMixer: Display: Initializing audio mixer.
[2025.11.16-11.54.20:122][863]LogAudioMixer: Display: 0: FrontLeft
[2025.11.16-11.54.20:122][863]LogAudioMixer: Display: 1: FrontRight
[2025.11.16-11.54.20:134][863]LogAudioMixer: Display: Using Audio Device FxSound Speakers (FxSound Audio Enhancer)
[2025.11.16-11.54.20:134][863]LogAudioMixer: Display: Initializing Sound Submixes...
[2025.11.16-11.54.20:134][863]LogAudioMixer: Display: Creating Master Submix 'MasterSubmixDefault'
[2025.11.16-11.54.20:134][863]LogAudioMixer: Display: Creating Master Submix 'MasterReverbSubmixDefault'
[2025.11.16-11.54.20:135][863]LogAudioMixer: Display: Creating Master Submix 'MasterEQSubmixDefault'
[2025.11.16-11.54.20:150][863]LogInit: FAudioDevice initialized.
[2025.11.16-11.54.20:156][863]LogLoad: Game class is 'PlayerGameModeBase_C'
[2025.11.16-11.54.20:159][863]LogWorld: Bringing World /Game/Levels/UEDPIE_0_Main.Main up for play (max tick rate 60) at 2025.11.16-13.54.20
[2025.11.16-11.54.20:160][863]LogWorld: Bringing up level for play took: 0.002294
[2025.11.16-11.54.20:161][863]LogOnline: OSS: Creating online subsystem instance for: :Context_24
[2025.11.16-11.54.20:165][863]PIE: Server logged in
[2025.11.16-11.54.20:165][863]PIE: Play in editor total start time 0.099 seconds.
[2025.11.16-11.54.21:796][961]LogSlate: Updating window title bar state: overlay mode, drag disabled, window buttons hidden, title bar hidden
[2025.11.16-11.54.21:813][962]LogNet: Browse: /Game/Levels/Main
[2025.11.16-11.54.21:814][962]LogLoad: LoadMap: /Game/Levels/Main
[2025.11.16-11.54.21:814][962]LogWorld: BeginTearingDown for /Game/Levels/UEDPIE_0_Main
[2025.11.16-11.54.21:815][962]LogWorld: UWorld::CleanupWorld for Main, bSessionEnded=true, bCleanupResources=true
[2025.11.16-11.54.21:815][962]LogSlate: InvalidateAllWidgets triggered.  All widgets were invalidated
[2025.11.16-11.54.21:900][962]LogAISub: UAISubsystem::~UAISubsystem AIPerceptionSystem (000001C233977D80), frame # 22962
[2025.11.16-11.54.21:900][962]LogAISub: UAISubsystem::~UAISubsystem EnvQueryManager (000001C22B293A00), frame # 22962
[2025.11.16-11.54.21:903][962]LogUObjectHash: Compacting FUObjectHashTables data took   2.86ms
[2025.11.16-11.54.21:906][962]LogPlayLevel: Creating play world package: /Game/Levels/UEDPIE_0_Main
[2025.11.16-11.54.21:913][962]LogPlayLevel: PIE: StaticDuplicateObject took: (0.005509s)
[2025.11.16-11.54.21:913][962]LogAIModule: Creating AISystem for world Main
[2025.11.16-11.54.21:913][962]LogAISub: UAISubsystem::UAISubsystem EnvQueryManager (000001C1CD787600), frame # 22962
[2025.11.16-11.54.21:913][962]LogAISub: UAISubsystem::UAISubsystem AIPerceptionSystem (000001C116813880), frame # 22962
[2025.11.16-11.54.21:913][962]LogPlayLevel: PIE: World Init took: (0.000932s)
[2025.11.16-11.54.21:913][962]LogPlayLevel: PIE: Created PIE world by copying editor world from /Game/Levels/Main.Main to /Game/Levels/UEDPIE_0_Main.Main (0.006594s)
[2025.11.16-11.54.21:913][962]LogLoad: Game class is 'PlayerGameModeBase_C'
[2025.11.16-11.54.21:916][962]LogWorld: Bringing World /Game/Levels/UEDPIE_0_Main.Main up for play (max tick rate 60) at 2025.11.16-13.54.21
[2025.11.16-11.54.21:919][962]LogWorld: Bringing up level for play took: 0.002917
[2025.11.16-11.54.21:920][962]LogGameMode: FindPlayerStart: PATHS NOT DEFINED or NO PLAYERSTART with positive rating
[2025.11.16-11.54.21:922][962]LogLoad: Took 0.108124 seconds to LoadMap(/Game/Levels/UEDPIE_0_Main)
[2025.11.16-11.54.22:650][  3]LogSlate: Updating window title bar state: overlay mode, drag disabled, window buttons hidden, title bar hidden
[2025.11.16-11.54.22:650][  3]LogWorld: BeginTearingDown for /Game/Levels/UEDPIE_0_Main
[2025.11.16-11.54.22:651][  3]LogWorld: UWorld::CleanupWorld for Main, bSessionEnded=true, bCleanupResources=true
[2025.11.16-11.54.22:651][  3]LogSlate: InvalidateAllWidgets triggered.  All widgets were invalidated
[2025.11.16-11.54.22:659][  3]LogPlayLevel: Display: Shutting down PIE online subsystems
[2025.11.16-11.54.22:666][  3]LogSlate: InvalidateAllWidgets triggered.  All widgets were invalidated
[2025.11.16-11.54.22:750][  3]LogSlate: Updating window title bar state: overlay mode, drag disabled, window buttons hidden, title bar hidden
[2025.11.16-11.54.22:753][  3]LogAISub: UAISubsystem::~UAISubsystem AIPerceptionSystem (000001C116813880), frame # 23003
[2025.11.16-11.54.22:753][  3]LogAISub: UAISubsystem::~UAISubsystem EnvQueryManager (000001C1CD787600), frame # 23003
[2025.11.16-11.54.22:756][  3]LogUObjectHash: Compacting FUObjectHashTables data took   2.88ms
[2025.11.16-11.54.22:793][  4]LogPlayLevel: Display: Destroying online subsystem :Context_24
[2025.11.16-11.54.25:232][147]Cmd: OBJ SAVEPACKAGE PACKAGE="/Game/Levels/Main" FILE="../../../../../../Git/Saf/GameUniHack/PixelPerfect/Content/Levels/Main.umap" SILENT=true AUTOSAVING=false KEEPDIRTY=false
[2025.11.16-11.54.25:283][147]LogUObjectHash: Compacting FUObjectHashTables data took   2.60ms
[2025.11.16-11.54.25:323][147]LogSavePackage: Moving '../../../../../../Git/Saf/GameUniHack/PixelPerfect/Saved/Main7CCB68F447CFA7DD17A3A8896D82C14A.tmp' to '../../../../../../Git/Saf/GameUniHack/PixelPerfect/Content/Levels/Main.umap'
[2025.11.16-11.54.25:369][147]AssetCheck: New page: Asset Save: Main
[2025.11.16-11.54.25:369][147]LogContentValidation: Display: Validating World /Game/Levels/Main.Main
[2025.11.16-11.54.26:271][201]LogTemp: Repeating last play command: Selected Viewport
[2025.11.16-11.54.26:288][201]LogPlayLevel: PlayLevel: No blueprints needed recompiling
[2025.11.16-11.54.26:288][201]PIE: New page: PIE session: Main (Nov 16, 2025, 3:54:26 PM)
[2025.11.16-11.54.26:318][201]LogPlayLevel: Creating play world package: /Game/Levels/UEDPIE_0_Main
[2025.11.16-11.54.26:328][201]LogPlayLevel: PIE: StaticDuplicateObject took: (0.010036s)
[2025.11.16-11.54.26:329][201]LogAIModule: Creating AISystem for world Main
[2025.11.16-11.54.26:329][201]LogAISub: UAISubsystem::UAISubsystem EnvQueryManager (000001C1B1EB9800), frame # 23201
[2025.11.16-11.54.26:329][201]LogAISub: UAISubsystem::UAISubsystem AIPerceptionSystem (000001C233977EC0), frame # 23201
[2025.11.16-11.54.26:329][201]LogPlayLevel: PIE: World Init took: (0.001277s)
[2025.11.16-11.54.26:330][201]LogPlayLevel: PIE: Created PIE world by copying editor world from /Game/Levels/Main.Main to /Game/Levels/UEDPIE_0_Main.Main (0.011677s)
[2025.11.16-11.54.26:389][201]LogUObjectHash: Compacting FUObjectHashTables data took   2.63ms
[2025.11.16-11.54.26:390][201]LogAudioMixer: Display: Audio Mixer Platform Settings:
[2025.11.16-11.54.26:390][201]LogAudioMixer: Display: 	Sample Rate:						  48000
[2025.11.16-11.54.26:390][201]LogAudioMixer: Display: 	Callback Buffer Frame Size Requested: 1024
[2025.11.16-11.54.26:390][201]LogAudioMixer: Display: 	Callback Buffer Frame Size To Use:	  1024
[2025.11.16-11.54.26:390][201]LogAudioMixer: Display: 	Number of buffers to queue:			  2
[2025.11.16-11.54.26:390][201]LogAudioMixer: Display: 	Max Channels (voices):				  32
[2025.11.16-11.54.26:390][201]LogAudioMixer: Display: 	Number of Async Source Workers:		  0
[2025.11.16-11.54.26:390][201]LogAudio: Display: AudioDevice MaxSources: 32
[2025.11.16-11.54.26:390][201]LogAudio: Display: Using built-in audio occlusion.
[2025.11.16-11.54.26:390][201]LogAudioMixer: Display: Initializing audio mixer.
[2025.11.16-11.54.26:394][201]LogAudioMixer: Display: 0: FrontLeft
[2025.11.16-11.54.26:394][201]LogAudioMixer: Display: 1: FrontRight
[2025.11.16-11.54.26:406][201]LogAudioMixer: Display: Using Audio Device FxSound Speakers (FxSound Audio Enhancer)
[2025.11.16-11.54.26:406][201]LogAudioMixer: Display: Initializing Sound Submixes...
[2025.11.16-11.54.26:406][201]LogAudioMixer: Display: Creating Master Submix 'MasterSubmixDefault'
[2025.11.16-11.54.26:406][201]LogAudioMixer: Display: Creating Master Submix 'MasterReverbSubmixDefault'
[2025.11.16-11.54.26:407][201]LogAudioMixer: Display: Creating Master Submix 'MasterEQSubmixDefault'
[2025.11.16-11.54.26:420][201]LogInit: FAudioDevice initialized.
[2025.11.16-11.54.26:428][201]LogLoad: Game class is 'PlayerGameModeBase_C'
[2025.11.16-11.54.26:431][201]LogWorld: Bringing World /Game/Levels/UEDPIE_0_Main.Main up for play (max tick rate 60) at 2025.11.16-13.54.26
[2025.11.16-11.54.26:431][201]LogWorld: Bringing up level for play took: 0.002392
[2025.11.16-11.54.26:432][201]LogOnline: OSS: Creating online subsystem instance for: :Context_25
[2025.11.16-11.54.26:436][201]PIE: Server logged in
[2025.11.16-11.54.26:436][201]PIE: Play in editor total start time 0.149 seconds.
[2025.11.16-11.54.28:049][295]LogSlate: Updating window title bar state: overlay mode, drag disabled, window buttons hidden, title bar hidden
[2025.11.16-11.54.28:049][295]LogWorld: BeginTearingDown for /Game/Levels/UEDPIE_0_Main
[2025.11.16-11.54.28:049][295]LogWorld: UWorld::CleanupWorld for Main, bSessionEnded=true, bCleanupResources=true
[2025.11.16-11.54.28:049][295]LogSlate: InvalidateAllWidgets triggered.  All widgets were invalidated
[2025.11.16-11.54.28:063][295]LogPlayLevel: Display: Shutting down PIE online subsystems
[2025.11.16-11.54.28:068][295]LogSlate: InvalidateAllWidgets triggered.  All widgets were invalidated
[2025.11.16-11.54.28:149][295]LogSlate: Updating window title bar state: overlay mode, drag disabled, window buttons hidden, title bar hidden
[2025.11.16-11.54.28:150][295]LogAISub: UAISubsystem::~UAISubsystem AIPerceptionSystem (000001C233977EC0), frame # 23295
[2025.11.16-11.54.28:150][295]LogAISub: UAISubsystem::~UAISubsystem EnvQueryManager (000001C1B1EB9800), frame # 23295
[2025.11.16-11.54.28:154][295]LogUObjectHash: Compacting FUObjectHashTables data took   3.58ms
[2025.11.16-11.54.28:186][296]LogPlayLevel: Display: Destroying online subsystem :Context_25
[2025.11.16-11.54.38:807][886]BlueprintLog: New page: Compile Phone
[2025.11.16-11.54.38:821][886]LogSkeletalMesh: USkeletalMeshComponent::InitArticulated : Could not find root physics body: '/Game/Levels/Main.Main:PersistentLevel.Phone_2.CharacterMesh0'
[2025.11.16-11.54.38:821][886]LogSkeletalMesh: USkeletalMeshComponent::InitArticulated : Could not find root physics body: '/Game/Levels/Main.Main:PersistentLevel.Phone_2.CharacterMesh0'
[2025.11.16-11.54.38:822][886]LogSkeletalMesh: USkeletalMeshComponent::InitArticulated : Could not find root physics body: '/Game/Levels/Main.Main:PersistentLevel.Phone2_2.CharacterMesh0'
[2025.11.16-11.54.38:823][886]LogSkeletalMesh: USkeletalMeshComponent::InitArticulated : Could not find root physics body: '/Game/Levels/Main.Main:PersistentLevel.Phone2_2.CharacterMesh0'
[2025.11.16-11.54.38:911][886]LogUObjectHash: Compacting FUObjectHashTables data took   3.11ms
[2025.11.16-11.54.38:915][886]LogSkeletalMesh: USkeletalMeshComponent::InitArticulated : Could not find root physics body: '/Game/Levels/Main.Main:PersistentLevel.Phone_2.CharacterMesh0'
[2025.11.16-11.54.38:915][886]LogSkeletalMesh: USkeletalMeshComponent::InitArticulated : Could not find root physics body: '/Game/Levels/Main.Main:PersistentLevel.Phone2_2.CharacterMesh0'
[2025.11.16-11.54.38:926][886]LogSkeletalMesh: USkeletalMeshComponent::InitArticulated : Could not find root physics body: '/Game/Levels/Main.Main:PersistentLevel.Phone_2.CharacterMesh0'
[2025.11.16-11.54.38:926][886]LogSkeletalMesh: USkeletalMeshComponent::InitArticulated : Could not find root physics body: '/Game/Levels/Main.Main:PersistentLevel.Phone2_2.CharacterMesh0'
[2025.11.16-11.54.39:148][895]Cmd: OBJ SAVEPACKAGE PACKAGE="/Game/Enemy/Phone/Phone" FILE="../../../../../../Git/Saf/GameUniHack/PixelPerfect/Content/Enemy/Phone/Phone.uasset" SILENT=true
[2025.11.16-11.54.39:195][895]LogSavePackage: Moving '../../../../../../Git/Saf/GameUniHack/PixelPerfect/Saved/Phone408C327740349A22685FF68AFF095FC5.tmp' to '../../../../../../Git/Saf/GameUniHack/PixelPerfect/Content/Enemy/Phone/Phone.uasset'
[2025.11.16-11.54.39:211][895]AssetCheck: New page: Asset Save: Phone
[2025.11.16-11.54.39:211][895]LogContentValidation: Display: Validating Blueprint /Game/Enemy/Phone/Phone.Phone
[2025.11.16-11.54.39:566][915]Cmd: OBJ SAVEPACKAGE PACKAGE="/Game/Enemy/Phone/Phone" FILE="../../../../../../Git/Saf/GameUniHack/PixelPerfect/Content/Enemy/Phone/Phone.uasset" SILENT=true
[2025.11.16-11.54.39:607][915]LogSavePackage: Moving '../../../../../../Git/Saf/GameUniHack/PixelPerfect/Saved/Phone2F42BB3A4AC1DAFB0E774BB59C0AAD2F.tmp' to '../../../../../../Git/Saf/GameUniHack/PixelPerfect/Content/Enemy/Phone/Phone.uasset'
[2025.11.16-11.54.39:628][915]AssetCheck: New page: Asset Save: Phone
[2025.11.16-11.54.39:628][915]LogContentValidation: Display: Validating Blueprint /Game/Enemy/Phone/Phone.Phone
[2025.11.16-11.54.41:299][ 10]Cmd: OBJ SAVEPACKAGE PACKAGE="/Game/Levels/Main" FILE="../../../../../../Git/Saf/GameUniHack/PixelPerfect/Content/Levels/Main.umap" SILENT=true AUTOSAVING=false KEEPDIRTY=false
[2025.11.16-11.54.41:360][ 10]LogUObjectHash: Compacting FUObjectHashTables data took   4.57ms
[2025.11.16-11.54.41:404][ 10]LogSavePackage: Moving '../../../../../../Git/Saf/GameUniHack/PixelPerfect/Saved/MainED6315C94B0FD97D147B108126B78B54.tmp' to '../../../../../../Git/Saf/GameUniHack/PixelPerfect/Content/Levels/Main.umap'
[2025.11.16-11.54.41:468][ 10]AssetCheck: New page: Asset Save: Main
[2025.11.16-11.54.41:468][ 10]LogContentValidation: Display: Validating World /Game/Levels/Main.Main
[2025.11.16-11.54.42:995][101]LogTemp: Repeating last play command: Selected Viewport
[2025.11.16-11.54.43:011][101]LogPlayLevel: PlayLevel: No blueprints needed recompiling
[2025.11.16-11.54.43:011][101]PIE: New page: PIE session: Main (Nov 16, 2025, 3:54:43 PM)
[2025.11.16-11.54.43:048][101]LogPlayLevel: Creating play world package: /Game/Levels/UEDPIE_0_Main
[2025.11.16-11.54.43:054][101]LogPlayLevel: PIE: StaticDuplicateObject took: (0.006057s)
[2025.11.16-11.54.43:055][101]LogAIModule: Creating AISystem for world Main
[2025.11.16-11.54.43:055][101]LogAISub: UAISubsystem::UAISubsystem EnvQueryManager (000001C22D335E00), frame # 24101
[2025.11.16-11.54.43:055][101]LogAISub: UAISubsystem::UAISubsystem AIPerceptionSystem (000001C1B08796C0), frame # 24101
[2025.11.16-11.54.43:056][101]LogPlayLevel: PIE: World Init took: (0.001056s)
[2025.11.16-11.54.43:056][101]LogPlayLevel: PIE: Created PIE world by copying editor world from /Game/Levels/Main.Main to /Game/Levels/UEDPIE_0_Main.Main (0.007282s)
[2025.11.16-11.54.43:115][101]LogUObjectHash: Compacting FUObjectHashTables data took   2.82ms
[2025.11.16-11.54.43:116][101]LogAudioMixer: Display: Audio Mixer Platform Settings:
[2025.11.16-11.54.43:116][101]LogAudioMixer: Display: 	Sample Rate:						  48000
[2025.11.16-11.54.43:116][101]LogAudioMixer: Display: 	Callback Buffer Frame Size Requested: 1024
[2025.11.16-11.54.43:116][101]LogAudioMixer: Display: 	Callback Buffer Frame Size To Use:	  1024
[2025.11.16-11.54.43:116][101]LogAudioMixer: Display: 	Number of buffers to queue:			  2
[2025.11.16-11.54.43:116][101]LogAudioMixer: Display: 	Max Channels (voices):				  32
[2025.11.16-11.54.43:116][101]LogAudioMixer: Display: 	Number of Async Source Workers:		  0
[2025.11.16-11.54.43:116][101]LogAudio: Display: AudioDevice MaxSources: 32
[2025.11.16-11.54.43:116][101]LogAudio: Display: Using built-in audio occlusion.
[2025.11.16-11.54.43:116][101]LogAudioMixer: Display: Initializing audio mixer.
[2025.11.16-11.54.43:120][101]LogAudioMixer: Display: 0: FrontLeft
[2025.11.16-11.54.43:120][101]LogAudioMixer: Display: 1: FrontRight
[2025.11.16-11.54.43:131][101]LogAudioMixer: Display: Using Audio Device FxSound Speakers (FxSound Audio Enhancer)
[2025.11.16-11.54.43:131][101]LogAudioMixer: Display: Initializing Sound Submixes...
[2025.11.16-11.54.43:131][101]LogAudioMixer: Display: Creating Master Submix 'MasterSubmixDefault'
[2025.11.16-11.54.43:131][101]LogAudioMixer: Display: Creating Master Submix 'MasterReverbSubmixDefault'
[2025.11.16-11.54.43:133][101]LogAudioMixer: Display: Creating Master Submix 'MasterEQSubmixDefault'
[2025.11.16-11.54.43:147][101]LogInit: FAudioDevice initialized.
[2025.11.16-11.54.43:153][101]LogLoad: Game class is 'PlayerGameModeBase_C'
[2025.11.16-11.54.43:156][101]LogWorld: Bringing World /Game/Levels/UEDPIE_0_Main.Main up for play (max tick rate 60) at 2025.11.16-13.54.43
[2025.11.16-11.54.43:156][101]LogWorld: Bringing up level for play took: 0.002677
[2025.11.16-11.54.43:156][101]LogOnline: OSS: Creating online subsystem instance for: :Context_26
[2025.11.16-11.54.43:160][101]PIE: Server logged in
[2025.11.16-11.54.43:160][101]PIE: Play in editor total start time 0.151 seconds.
[2025.11.16-11.54.48:341][408]LogSlate: Updating window title bar state: overlay mode, drag disabled, window buttons hidden, title bar hidden
[2025.11.16-11.54.48:357][409]LogNet: Browse: /Game/Levels/Main
[2025.11.16-11.54.48:357][409]LogLoad: LoadMap: /Game/Levels/Main
[2025.11.16-11.54.48:357][409]LogWorld: BeginTearingDown for /Game/Levels/UEDPIE_0_Main
[2025.11.16-11.54.48:357][409]LogWorld: UWorld::CleanupWorld for Main, bSessionEnded=true, bCleanupResources=true
[2025.11.16-11.54.48:358][409]LogSlate: InvalidateAllWidgets triggered.  All widgets were invalidated
[2025.11.16-11.54.48:408][409]LogAISub: UAISubsystem::~UAISubsystem AIPerceptionSystem (000001C1B08796C0), frame # 24409
[2025.11.16-11.54.48:409][409]LogAISub: UAISubsystem::~UAISubsystem EnvQueryManager (000001C22D335E00), frame # 24409
[2025.11.16-11.54.48:411][409]LogUObjectHash: Compacting FUObjectHashTables data took   2.46ms
[2025.11.16-11.54.48:414][409]LogPlayLevel: Creating play world package: /Game/Levels/UEDPIE_0_Main
[2025.11.16-11.54.48:418][409]LogPlayLevel: PIE: StaticDuplicateObject took: (0.005263s)
[2025.11.16-11.54.48:419][409]LogAIModule: Creating AISystem for world Main
[2025.11.16-11.54.48:419][409]LogAISub: UAISubsystem::UAISubsystem EnvQueryManager (000001C1CA6D3A00), frame # 24409
[2025.11.16-11.54.48:419][409]LogAISub: UAISubsystem::UAISubsystem AIPerceptionSystem (000001C1D2445800), frame # 24409
[2025.11.16-11.54.48:419][409]LogPlayLevel: PIE: World Init took: (0.000891s)
[2025.11.16-11.54.48:419][409]LogPlayLevel: PIE: Created PIE world by copying editor world from /Game/Levels/Main.Main to /Game/Levels/UEDPIE_0_Main.Main (0.006318s)
[2025.11.16-11.54.48:419][409]LogLoad: Game class is 'PlayerGameModeBase_C'
[2025.11.16-11.54.48:421][409]LogWorld: Bringing World /Game/Levels/UEDPIE_0_Main.Main up for play (max tick rate 60) at 2025.11.16-13.54.48
[2025.11.16-11.54.48:423][409]LogWorld: Bringing up level for play took: 0.001947
[2025.11.16-11.54.48:424][409]LogGameMode: FindPlayerStart: PATHS NOT DEFINED or NO PLAYERSTART with positive rating
[2025.11.16-11.54.48:425][409]LogLoad: Took 0.068438 seconds to LoadMap(/Game/Levels/UEDPIE_0_Main)
[2025.11.16-11.54.49:349][463]LogSlate: Updating window title bar state: overlay mode, drag disabled, window buttons hidden, title bar hidden
[2025.11.16-11.54.49:349][463]LogWorld: BeginTearingDown for /Game/Levels/UEDPIE_0_Main
[2025.11.16-11.54.49:350][463]LogWorld: UWorld::CleanupWorld for Main, bSessionEnded=true, bCleanupResources=true
[2025.11.16-11.54.49:350][463]LogSlate: InvalidateAllWidgets triggered.  All widgets were invalidated
[2025.11.16-11.54.49:364][463]LogPlayLevel: Display: Shutting down PIE online subsystems
[2025.11.16-11.54.49:371][463]LogSlate: InvalidateAllWidgets triggered.  All widgets were invalidated
[2025.11.16-11.54.49:447][463]LogSlate: Updating window title bar state: overlay mode, drag disabled, window buttons hidden, title bar hidden
[2025.11.16-11.54.49:448][463]LogAISub: UAISubsystem::~UAISubsystem AIPerceptionSystem (000001C1D2445800), frame # 24463
[2025.11.16-11.54.49:448][463]LogAISub: UAISubsystem::~UAISubsystem EnvQueryManager (000001C1CA6D3A00), frame # 24463
[2025.11.16-11.54.49:451][463]LogUObjectHash: Compacting FUObjectHashTables data took   2.83ms
[2025.11.16-11.54.49:484][464]LogPlayLevel: Display: Destroying online subsystem :Context_26
[2025.11.16-11.55.08:520][567]BlueprintLog: New page: Compile Lost
[2025.11.16-11.55.08:590][567]LogUObjectHash: Compacting FUObjectHashTables data took   3.80ms
[2025.11.16-11.55.08:828][575]Cmd: OBJ SAVEPACKAGE PACKAGE="/Game/UI/Lost" FILE="../../../../../../Git/Saf/GameUniHack/PixelPerfect/Content/UI/Lost.uasset" SILENT=true
[2025.11.16-11.55.08:861][575]LogSavePackage: Moving '../../../../../../Git/Saf/GameUniHack/PixelPerfect/Saved/Lost7548E30E4AD37347941FDBB63914D4EE.tmp' to '../../../../../../Git/Saf/GameUniHack/PixelPerfect/Content/UI/Lost.uasset'
[2025.11.16-11.55.08:895][575]AssetCheck: New page: Asset Save: Lost
[2025.11.16-11.55.08:895][575]LogContentValidation: Display: Validating WidgetBlueprint /Game/UI/Lost.Lost
[2025.11.16-11.55.23:344][404]LogEditorTransaction: Undo Move Widget
[2025.11.16-11.55.23:744][412]LogEditorTransaction: Undo Edit Blur Strength
[2025.11.16-11.55.27:529][624]LogEditorTransaction: Undo Move Widget
[2025.11.16-11.55.28:147][639]LogEditorTransaction: Undo Changed Anchors
[2025.11.16-11.55.35:216][ 37]BlueprintLog: New page: Compile Lost
[2025.11.16-11.55.35:273][ 37]LogUObjectHash: Compacting FUObjectHashTables data took   3.61ms
[2025.11.16-11.55.35:669][ 55]Cmd: OBJ SAVEPACKAGE PACKAGE="/Game/UI/Lost" FILE="../../../../../../Git/Saf/GameUniHack/PixelPerfect/Content/UI/Lost.uasset" SILENT=true
[2025.11.16-11.55.35:696][ 55]LogSavePackage: Moving '../../../../../../Git/Saf/GameUniHack/PixelPerfect/Saved/LostC2FCD8C04899303AE12D98914C4B0149.tmp' to '../../../../../../Git/Saf/GameUniHack/PixelPerfect/Content/UI/Lost.uasset'
[2025.11.16-11.55.35:720][ 55]AssetCheck: New page: Asset Save: Lost
[2025.11.16-11.55.35:720][ 55]LogContentValidation: Display: Validating WidgetBlueprint /Game/UI/Lost.Lost
[2025.11.16-11.55.35:958][ 68]Cmd: OBJ SAVEPACKAGE PACKAGE="/Game/UI/Lost" FILE="../../../../../../Git/Saf/GameUniHack/PixelPerfect/Content/UI/Lost.uasset" SILENT=true
[2025.11.16-11.55.35:989][ 68]LogSavePackage: Moving '../../../../../../Git/Saf/GameUniHack/PixelPerfect/Saved/LostEF221A2D4D60D9A1C27A0193903EEBD5.tmp' to '../../../../../../Git/Saf/GameUniHack/PixelPerfect/Content/UI/Lost.uasset'
[2025.11.16-11.55.36:007][ 68]AssetCheck: New page: Asset Save: Lost
[2025.11.16-11.55.36:007][ 68]LogContentValidation: Display: Validating WidgetBlueprint /Game/UI/Lost.Lost
[2025.11.16-11.55.37:352][143]Cmd: OBJ SAVEPACKAGE PACKAGE="/Game/Levels/Main" FILE="../../../../../../Git/Saf/GameUniHack/PixelPerfect/Content/Levels/Main.umap" SILENT=true AUTOSAVING=false KEEPDIRTY=false
[2025.11.16-11.55.37:403][143]LogUObjectHash: Compacting FUObjectHashTables data took   3.37ms
[2025.11.16-11.55.37:450][143]LogSavePackage: Moving '../../../../../../Git/Saf/GameUniHack/PixelPerfect/Saved/MainAA65D5D941BD0977ABADD089B9CBCFB9.tmp' to '../../../../../../Git/Saf/GameUniHack/PixelPerfect/Content/Levels/Main.umap'
[2025.11.16-11.55.37:528][143]AssetCheck: New page: Asset Save: Main
[2025.11.16-11.55.37:528][143]LogContentValidation: Display: Validating World /Game/Levels/Main.Main
[2025.11.16-11.55.50:424][847]BlueprintLog: New page: Compile Lost
[2025.11.16-11.55.50:501][847]LogUObjectHash: Compacting FUObjectHashTables data took   2.88ms
[2025.11.16-11.55.50:767][860]Cmd: OBJ SAVEPACKAGE PACKAGE="/Game/UI/Lost" FILE="../../../../../../Git/Saf/GameUniHack/PixelPerfect/Content/UI/Lost.uasset" SILENT=true
[2025.11.16-11.55.50:796][860]LogSavePackage: Moving '../../../../../../Git/Saf/GameUniHack/PixelPerfect/Saved/Lost81CD6B32459227C8D3E4B392560780E0.tmp' to '../../../../../../Git/Saf/GameUniHack/PixelPerfect/Content/UI/Lost.uasset'
[2025.11.16-11.55.50:822][860]AssetCheck: New page: Asset Save: Lost
[2025.11.16-11.55.50:822][860]LogContentValidation: Display: Validating WidgetBlueprint /Game/UI/Lost.Lost
[2025.11.16-11.56.01:701][454]LogAssetEditorSubsystem: Opening Asset editor for WidgetBlueprint /Game/UI/Win.Win
[2025.11.16-11.56.14:152][107]BlueprintLog: New page: Compile Win
[2025.11.16-11.56.14:229][107]LogUObjectHash: Compacting FUObjectHashTables data took   4.91ms
[2025.11.16-11.56.14:532][115]Cmd: OBJ SAVEPACKAGE PACKAGE="/Game/UI/Win" FILE="../../../../../../Git/Saf/GameUniHack/PixelPerfect/Content/UI/Win.uasset" SILENT=true
[2025.11.16-11.56.14:542][115]LogSavePackage: Moving '../../../../../../Git/Saf/GameUniHack/PixelPerfect/Saved/WinE22BFD604281C60BFE612F90D124F2C8.tmp' to '../../../../../../Git/Saf/GameUniHack/PixelPerfect/Content/UI/Win.uasset'
[2025.11.16-11.56.14:577][115]AssetCheck: New page: Asset Save: Win
[2025.11.16-11.56.14:577][115]LogContentValidation: Display: Validating WidgetBlueprint /Game/UI/Win.Win
[2025.11.16-11.56.26:334][805]BlueprintLog: New page: Compile Win
[2025.11.16-11.56.26:399][805]LogUObjectHash: Compacting FUObjectHashTables data took   4.41ms
[2025.11.16-11.56.26:676][816]Cmd: OBJ SAVEPACKAGE PACKAGE="/Game/UI/Win" FILE="../../../../../../Git/Saf/GameUniHack/PixelPerfect/Content/UI/Win.uasset" SILENT=true
[2025.11.16-11.56.26:704][816]LogSavePackage: Moving '../../../../../../Git/Saf/GameUniHack/PixelPerfect/Saved/WinF0C5199C450FFD3F3784B1B07A59888A.tmp' to '../../../../../../Git/Saf/GameUniHack/PixelPerfect/Content/UI/Win.uasset'
[2025.11.16-11.56.26:731][816]AssetCheck: New page: Asset Save: Win
[2025.11.16-11.56.26:731][816]LogContentValidation: Display: Validating WidgetBlueprint /Game/UI/Win.Win
[2025.11.16-11.56.33:196][194]BlueprintLog: New page: Compile Win
[2025.11.16-11.56.33:253][194]LogUObjectHash: Compacting FUObjectHashTables data took   3.70ms
[2025.11.16-11.56.33:591][204]Cmd: OBJ SAVEPACKAGE PACKAGE="/Game/UI/Win" FILE="../../../../../../Git/Saf/GameUniHack/PixelPerfect/Content/UI/Win.uasset" SILENT=true
[2025.11.16-11.56.33:617][204]LogSavePackage: Moving '../../../../../../Git/Saf/GameUniHack/PixelPerfect/Saved/Win8DC1BC584E021DD100843A9D14BBAC52.tmp' to '../../../../../../Git/Saf/GameUniHack/PixelPerfect/Content/UI/Win.uasset'
[2025.11.16-11.56.33:646][204]AssetCheck: New page: Asset Save: Win
[2025.11.16-11.56.33:646][204]LogContentValidation: Display: Validating WidgetBlueprint /Game/UI/Win.Win
[2025.11.16-11.56.34:612][260]Cmd: OBJ SAVEPACKAGE PACKAGE="/Game/UI/Win" FILE="../../../../../../Git/Saf/GameUniHack/PixelPerfect/Content/UI/Win.uasset" SILENT=true
[2025.11.16-11.56.34:639][260]LogSavePackage: Moving '../../../../../../Git/Saf/GameUniHack/PixelPerfect/Saved/Win8876E2D540328F37066641AC414F147C.tmp' to '../../../../../../Git/Saf/GameUniHack/PixelPerfect/Content/UI/Win.uasset'
[2025.11.16-11.56.34:660][260]AssetCheck: New page: Asset Save: Win
[2025.11.16-11.56.34:661][260]LogContentValidation: Display: Validating WidgetBlueprint /Game/UI/Win.Win
[2025.11.16-11.56.47:558][991]LogSlate: Prevented a slow task dialog from being summoned while a context menu was open
[2025.11.16-11.57.05:923][989]BlueprintLog: New page: Compile ComputerBoss
[2025.11.16-11.57.06:013][989]LogUObjectHash: Compacting FUObjectHashTables data took   3.53ms
[2025.11.16-11.57.06:306][  1]Cmd: OBJ SAVEPACKAGE PACKAGE="/Game/Enemy/Anomaly/ComputerBoss" FILE="../../../../../../Git/Saf/GameUniHack/PixelPerfect/Content/Enemy/Anomaly/ComputerBoss.uasset" SILENT=true
[2025.11.16-11.57.06:349][  1]LogSavePackage: Moving '../../../../../../Git/Saf/GameUniHack/PixelPerfect/Saved/ComputerBossC88299964DB6E55FCB1113995B3DB5FF.tmp' to '../../../../../../Git/Saf/GameUniHack/PixelPerfect/Content/Enemy/Anomaly/ComputerBoss.uasset'
[2025.11.16-11.57.06:373][  1]AssetCheck: New page: Asset Save: ComputerBoss
[2025.11.16-11.57.06:373][  1]LogContentValidation: Display: Validating Blueprint /Game/Enemy/Anomaly/ComputerBoss.ComputerBoss
[2025.11.16-11.57.15:836][552]BlueprintLog: New page: Compile MainMenu
[2025.11.16-11.57.15:908][552]LogUObjectHash: Compacting FUObjectHashTables data took   3.89ms
[2025.11.16-11.57.16:233][565]Cmd: OBJ SAVEPACKAGE PACKAGE="/Game/UI/MainMenu" FILE="../../../../../../Git/Saf/GameUniHack/PixelPerfect/Content/UI/MainMenu.uasset" SILENT=true
[2025.11.16-11.57.16:265][565]LogSavePackage: Moving '../../../../../../Git/Saf/GameUniHack/PixelPerfect/Saved/MainMenu5DA6443049994E3894C163B557BFCA1B.tmp' to '../../../../../../Git/Saf/GameUniHack/PixelPerfect/Content/UI/MainMenu.uasset'
[2025.11.16-11.57.16:282][565]AssetCheck: New page: Asset Save: MainMenu
[2025.11.16-11.57.16:282][565]LogContentValidation: Display: Validating WidgetBlueprint /Game/UI/MainMenu.MainMenu
[2025.11.16-11.57.17:301][623]Cmd: OBJ SAVEPACKAGE PACKAGE="/Game/Levels/Main" FILE="../../../../../../Git/Saf/GameUniHack/PixelPerfect/Content/Levels/Main.umap" SILENT=true AUTOSAVING=false KEEPDIRTY=false
[2025.11.16-11.57.17:347][623]LogUObjectHash: Compacting FUObjectHashTables data took   3.21ms
[2025.11.16-11.57.17:388][623]LogSavePackage: Moving '../../../../../../Git/Saf/GameUniHack/PixelPerfect/Saved/MainFA896FD540B3EEDE0D15F09F4976658C.tmp' to '../../../../../../Git/Saf/GameUniHack/PixelPerfect/Content/Levels/Main.umap'
[2025.11.16-11.57.17:429][623]AssetCheck: New page: Asset Save: Main
[2025.11.16-11.57.17:429][623]LogContentValidation: Display: Validating World /Game/Levels/Main.Main
[2025.11.16-11.57.21:077][839]Cmd: OBJ SAVEPACKAGE PACKAGE="/Game/Levels/Main" FILE="../../../../../../Git/Saf/GameUniHack/PixelPerfect/Content/Levels/Main.umap" SILENT=true AUTOSAVING=false KEEPDIRTY=false
[2025.11.16-11.57.21:131][839]LogUObjectHash: Compacting FUObjectHashTables data took   2.66ms
[2025.11.16-11.57.21:174][839]LogSavePackage: Moving '../../../../../../Git/Saf/GameUniHack/PixelPerfect/Saved/Main6F6D094B4ED888980926BC8200CF7DF7.tmp' to '../../../../../../Git/Saf/GameUniHack/PixelPerfect/Content/Levels/Main.umap'
[2025.11.16-11.57.21:224][839]AssetCheck: New page: Asset Save: Main
[2025.11.16-11.57.21:224][839]LogContentValidation: Display: Validating World /Game/Levels/Main.Main
[2025.11.16-11.57.22:855][936]LogEditorViewport: Clicking on Actor (LMB): StaticMeshActor (BOX_Asset)
[2025.11.16-11.57.29:246][313]LogEditorViewport: Clicking on Actor (LMB): Puzzle_C (Puzzle2)
[2025.11.16-11.57.30:202][369]LogEditorViewport: Clicking on Actor (LMB): Puzzle_C (Puzzle2)
[2025.11.16-11.57.32:736][514]LogAssetEditorSubsystem: Opening Asset editor for Blueprint /Game/Puzzle/Puzzle.Puzzle
[2025.11.16-11.57.38:598][814]BlueprintLog: New page: Compile Puzzle
[2025.11.16-11.57.38:711][814]LogUObjectHash: Compacting FUObjectHashTables data took   3.93ms
[2025.11.16-11.57.39:509][854]Cmd: OBJ SAVEPACKAGE PACKAGE="/Game/Puzzle/Puzzle" FILE="../../../../../../Git/Saf/GameUniHack/PixelPerfect/Content/Puzzle/Puzzle.uasset" SILENT=true
[2025.11.16-11.57.39:585][854]LogSavePackage: Moving '../../../../../../Git/Saf/GameUniHack/PixelPerfect/Saved/PuzzleF4E8223A417316FFDF6E1BA017F4DD48.tmp' to '../../../../../../Git/Saf/GameUniHack/PixelPerfect/Content/Puzzle/Puzzle.uasset'
[2025.11.16-11.57.39:610][854]AssetCheck: New page: Asset Save: Puzzle
[2025.11.16-11.57.39:610][854]LogContentValidation: Display: Validating Blueprint /Game/Puzzle/Puzzle.Puzzle
[2025.11.16-11.58.07:195][458]BlueprintLog: New page: Compile Puzzle
[2025.11.16-11.58.07:411][458]LogUObjectHash: Compacting FUObjectHashTables data took   4.34ms
[2025.11.16-11.58.07:595][461]Cmd: OBJ SAVEPACKAGE PACKAGE="/Game/Puzzle/Puzzle" FILE="../../../../../../Git/Saf/GameUniHack/PixelPerfect/Content/Puzzle/Puzzle.uasset" SILENT=true
[2025.11.16-11.58.07:663][461]LogSavePackage: Moving '../../../../../../Git/Saf/GameUniHack/PixelPerfect/Saved/PuzzleEDC42C934A5679306D23549415612172.tmp' to '../../../../../../Git/Saf/GameUniHack/PixelPerfect/Content/Puzzle/Puzzle.uasset'
[2025.11.16-11.58.07:680][461]AssetCheck: New page: Asset Save: Puzzle
[2025.11.16-11.58.07:681][461]LogContentValidation: Display: Validating Blueprint /Game/Puzzle/Puzzle.Puzzle
[2025.11.16-11.58.24:686][464]BlueprintLog: New page: Compile Puzzle
[2025.11.16-11.58.24:836][464]LogUObjectHash: Compacting FUObjectHashTables data took   3.73ms
[2025.11.16-11.58.37:217][163]BlueprintLog: New page: Compile Puzzle
[2025.11.16-11.58.37:341][163]LogUObjectHash: Compacting FUObjectHashTables data took   3.87ms
[2025.11.16-11.58.37:658][174]Cmd: OBJ SAVEPACKAGE PACKAGE="/Game/Puzzle/Puzzle" FILE="../../../../../../Git/Saf/GameUniHack/PixelPerfect/Content/Puzzle/Puzzle.uasset" SILENT=true
[2025.11.16-11.58.37:727][174]LogSavePackage: Moving '../../../../../../Git/Saf/GameUniHack/PixelPerfect/Saved/Puzzle06722492407252203274E8AE236774A1.tmp' to '../../../../../../Git/Saf/GameUniHack/PixelPerfect/Content/Puzzle/Puzzle.uasset'
[2025.11.16-11.58.37:753][174]AssetCheck: New page: Asset Save: Puzzle
[2025.11.16-11.58.37:753][174]LogContentValidation: Display: Validating Blueprint /Game/Puzzle/Puzzle.Puzzle
[2025.11.16-11.58.51:627][984]BlueprintLog: New page: Compile Puzzle
[2025.11.16-11.58.51:759][984]LogUObjectHash: Compacting FUObjectHashTables data took   4.01ms
[2025.11.16-11.58.51:929][988]Cmd: OBJ SAVEPACKAGE PACKAGE="/Game/Puzzle/Puzzle" FILE="../../../../../../Git/Saf/GameUniHack/PixelPerfect/Content/Puzzle/Puzzle.uasset" SILENT=true
[2025.11.16-11.58.52:001][988]LogSavePackage: Moving '../../../../../../Git/Saf/GameUniHack/PixelPerfect/Saved/PuzzleBFB680A94E48CB740AF1D8B519E063E4.tmp' to '../../../../../../Git/Saf/GameUniHack/PixelPerfect/Content/Puzzle/Puzzle.uasset'
[2025.11.16-11.58.52:025][988]AssetCheck: New page: Asset Save: Puzzle
[2025.11.16-11.58.52:025][988]LogContentValidation: Display: Validating Blueprint /Game/Puzzle/Puzzle.Puzzle
[2025.11.16-11.58.52:245][997]Cmd: OBJ SAVEPACKAGE PACKAGE="/Game/Puzzle/Puzzle" FILE="../../../../../../Git/Saf/GameUniHack/PixelPerfect/Content/Puzzle/Puzzle.uasset" SILENT=true
[2025.11.16-11.58.52:311][997]LogSavePackage: Moving '../../../../../../Git/Saf/GameUniHack/PixelPerfect/Saved/Puzzle0422F64A4AE7F8E6FB06DAAD3C8EB2EA.tmp' to '../../../../../../Git/Saf/GameUniHack/PixelPerfect/Content/Puzzle/Puzzle.uasset'
[2025.11.16-11.58.52:333][997]AssetCheck: New page: Asset Save: Puzzle
[2025.11.16-11.58.52:333][997]LogContentValidation: Display: Validating Blueprint /Game/Puzzle/Puzzle.Puzzle
[2025.11.16-11.59.04:641][699]BlueprintLog: New page: Compile Puzzle
[2025.11.16-11.59.04:754][699]LogUObjectHash: Compacting FUObjectHashTables data took   3.92ms
[2025.11.16-11.59.05:027][706]Cmd: OBJ SAVEPACKAGE PACKAGE="/Game/Puzzle/Puzzle" FILE="../../../../../../Git/Saf/GameUniHack/PixelPerfect/Content/Puzzle/Puzzle.uasset" SILENT=true
[2025.11.16-11.59.05:104][706]LogSavePackage: Moving '../../../../../../Git/Saf/GameUniHack/PixelPerfect/Saved/Puzzle1538AEAB469FFF92F618A899350CF075.tmp' to '../../../../../../Git/Saf/GameUniHack/PixelPerfect/Content/Puzzle/Puzzle.uasset'
[2025.11.16-11.59.05:133][706]AssetCheck: New page: Asset Save: Puzzle
[2025.11.16-11.59.05:133][706]LogContentValidation: Display: Validating Blueprint /Game/Puzzle/Puzzle.Puzzle
[2025.11.16-11.59.16:224][358]BlueprintLog: New page: Compile Puzzle
[2025.11.16-11.59.16:355][358]LogUObjectHash: Compacting FUObjectHashTables data took   3.97ms
[2025.11.16-11.59.16:715][370]Cmd: OBJ SAVEPACKAGE PACKAGE="/Game/Puzzle/Puzzle" FILE="../../../../../../Git/Saf/GameUniHack/PixelPerfect/Content/Puzzle/Puzzle.uasset" SILENT=true
[2025.11.16-11.59.16:784][370]LogSavePackage: Moving '../../../../../../Git/Saf/GameUniHack/PixelPerfect/Saved/Puzzle9C9B32DF416657041AEBAE99C4963F31.tmp' to '../../../../../../Git/Saf/GameUniHack/PixelPerfect/Content/Puzzle/Puzzle.uasset'
[2025.11.16-11.59.16:800][370]AssetCheck: New page: Asset Save: Puzzle
[2025.11.16-11.59.16:800][370]LogContentValidation: Display: Validating Blueprint /Game/Puzzle/Puzzle.Puzzle
[2025.11.16-11.59.16:966][379]Cmd: OBJ SAVEPACKAGE PACKAGE="/Game/Puzzle/Puzzle" FILE="../../../../../../Git/Saf/GameUniHack/PixelPerfect/Content/Puzzle/Puzzle.uasset" SILENT=true
[2025.11.16-11.59.17:032][379]LogSavePackage: Moving '../../../../../../Git/Saf/GameUniHack/PixelPerfect/Saved/PuzzleF2865DCB4EF96B1262F83093D0F7140A.tmp' to '../../../../../../Git/Saf/GameUniHack/PixelPerfect/Content/Puzzle/Puzzle.uasset'
[2025.11.16-11.59.17:056][379]AssetCheck: New page: Asset Save: Puzzle
[2025.11.16-11.59.17:056][379]LogContentValidation: Display: Validating Blueprint /Game/Puzzle/Puzzle.Puzzle
[2025.11.16-11.59.33:670][294]LogEditorViewport: Clicking on Actor (LMB): StaticMeshActor (BOX_Asset)
[2025.11.16-11.59.35:123][379]Cmd: EDIT COPY
[2025.11.16-11.59.35:309][390]Cmd: EDIT PASTE
[2025.11.16-11.59.37:028][471]Cmd: EDIT COPY
[2025.11.16-11.59.37:185][480]Cmd: EDIT PASTE
[2025.11.16-11.59.38:563][560]Cmd: EDIT PASTE
[2025.11.16-11.59.41:274][718]Cmd: EDIT COPY
[2025.11.16-11.59.42:975][817]Cmd: EDIT COPY
[2025.11.16-11.59.43:176][829]Cmd: EDIT PASTE
[2025.11.16-11.59.44:152][885]Cmd: EDIT PASTE
[2025.11.16-11.59.46:898][ 47]Cmd: EDIT COPY
[2025.11.16-11.59.48:969][150]Cmd: EDIT COPY
[2025.11.16-11.59.49:118][158]Cmd: EDIT PASTE
[2025.11.16-11.59.51:246][283]Cmd: EDIT COPY
[2025.11.16-11.59.51:561][302]Cmd: EDIT PASTE
[2025.11.16-11.59.52:863][378]Cmd: EDIT COPY
[2025.11.16-11.59.53:014][387]Cmd: EDIT PASTE
[2025.11.16-11.59.59:111][730]LogEditorViewport: Clicking on Actor (LMB): StaticMeshActor (BOX_Asset11)
[2025.11.16-11.59.59:367][744]LogEditorViewport: Clicking on Actor (LMB): StaticMeshActor (BOX_Asset12)
[2025.11.16-12.00.00:235][793]Cmd: EDIT CUT
[2025.11.16-12.00.00:244][793]LogEditorActor: Deleted Actor: StaticMeshActor
[2025.11.16-12.00.00:245][793]LogEditorActor: Deleted Actor: StaticMeshActor
[2025.11.16-12.00.00:306][793]LogUObjectHash: Compacting FUObjectHashTables data took   3.51ms
[2025.11.16-12.00.00:309][793]LogEditorActor: Deleted 2 Actors (0.068 secs)
[2025.11.16-12.00.00:669][814]LogEditorViewport: Clicking on Actor (LMB): StaticMeshActor (BOX_Asset13)
[2025.11.16-12.00.01:195][844]Cmd: EDIT COPY
[2025.11.16-12.00.01:363][854]Cmd: EDIT PASTE
[2025.11.16-12.00.02:859][921]Cmd: EDIT COPY
[2025.11.16-12.00.03:060][933]Cmd: EDIT PASTE
[2025.11.16-12.00.04:795][ 33]Cmd: OBJ SAVEPACKAGE PACKAGE="/Game/Levels/Main" FILE="../../../../../../Git/Saf/GameUniHack/PixelPerfect/Content/Levels/Main.umap" SILENT=true AUTOSAVING=false KEEPDIRTY=false
[2025.11.16-12.00.04:845][ 33]LogUObjectHash: Compacting FUObjectHashTables data took   2.21ms
[2025.11.16-12.00.04:889][ 33]LogSavePackage: Moving '../../../../../../Git/Saf/GameUniHack/PixelPerfect/Saved/MainA13C20694E5FE5B0DD37EEB0F4A03C79.tmp' to '../../../../../../Git/Saf/GameUniHack/PixelPerfect/Content/Levels/Main.umap'
[2025.11.16-12.00.04:937][ 33]AssetCheck: New page: Asset Save: Main
[2025.11.16-12.00.04:937][ 33]LogContentValidation: Display: Validating World /Game/Levels/Main.Main
[2025.11.16-12.00.07:483][184]LogEditorViewport: Clicking on Actor (LMB): BP_Sky_Sphere_C (BP_Sky_Sphere)
[2025.11.16-12.00.07:663][191]Cmd: OBJ SAVEPACKAGE PACKAGE="/Game/Levels/Main" FILE="../../../../../../Git/Saf/GameUniHack/PixelPerfect/Content/Levels/Main.umap" SILENT=true AUTOSAVING=false KEEPDIRTY=false
[2025.11.16-12.00.07:726][191]LogUObjectHash: Compacting FUObjectHashTables data took   3.03ms
[2025.11.16-12.00.07:771][191]LogSavePackage: Moving '../../../../../../Git/Saf/GameUniHack/PixelPerfect/Saved/Main9DDB25FE4E8C12B8201BE7AB07F51779.tmp' to '../../../../../../Git/Saf/GameUniHack/PixelPerfect/Content/Levels/Main.umap'
[2025.11.16-12.00.07:811][191]AssetCheck: New page: Asset Save: Main
[2025.11.16-12.00.07:811][191]LogContentValidation: Display: Validating World /Game/Levels/Main.Main
[2025.11.16-12.00.25:925][271]LogWorld: UWorld::CleanupWorld for World_6, bSessionEnded=true, bCleanupResources=true
[2025.11.16-12.00.25:925][271]LogSlate: InvalidateAllWidgets triggered.  All widgets were invalidated
[2025.11.16-12.00.27:541][360]LogUObjectHash: Compacting FUObjectHashTables data took   2.91ms
[2025.11.16-12.00.27:597][360]LogMaterial: Display: Missing cached shader map for material DebugViewMode MaterialTexCoordScale, compiling. 
[2025.11.16-12.00.27:917][360]LogShaderCompilers: Display: Worker (1/9): shaders left to compile 2
[2025.11.16-12.00.27:917][360]LogShaderCompilers: Display: Worker (2/9): shaders left to compile 1
[2025.11.16-12.00.27:919][360]TextureStreamingBuild: Display: Compiling optional shaders took 0.322 seconds.
[2025.11.16-12.00.28:003][360]LogUObjectHash: Compacting FUObjectHashTables data took   3.03ms
[2025.11.16-12.00.28:037][360]LogWorld: UWorld::CleanupWorld for World_10, bSessionEnded=true, bCleanupResources=true
[2025.11.16-12.00.28:037][360]LogSlate: InvalidateAllWidgets triggered.  All widgets were invalidated
[2025.11.16-12.00.29:259][426]LogWorld: UWorld::CleanupWorld for World_12, bSessionEnded=true, bCleanupResources=true
[2025.11.16-12.00.29:259][426]LogSlate: InvalidateAllWidgets triggered.  All widgets were invalidated
[2025.11.16-12.00.29:275][426]LogWorld: UWorld::CleanupWorld for World_11, bSessionEnded=true, bCleanupResources=true
[2025.11.16-12.00.29:275][426]LogSlate: InvalidateAllWidgets triggered.  All widgets were invalidated
[2025.11.16-12.00.29:741][451]LogWorld: UWorld::CleanupWorld for World_14, bSessionEnded=true, bCleanupResources=true
[2025.11.16-12.00.29:741][451]LogSlate: InvalidateAllWidgets triggered.  All widgets were invalidated
[2025.11.16-12.00.29:749][451]LogWorld: UWorld::CleanupWorld for World_13, bSessionEnded=true, bCleanupResources=true
[2025.11.16-12.00.29:749][451]LogSlate: InvalidateAllWidgets triggered.  All widgets were invalidated
[2025.11.16-12.00.30:054][465]LogActorComponent: UnregisterComponent: (/Engine/Transient.EditorFloorComp) Not registered. Aborting.
[2025.11.16-12.00.30:054][465]LogWorld: UWorld::CleanupWorld for World_15, bSessionEnded=true, bCleanupResources=true
[2025.11.16-12.00.30:054][465]LogSlate: InvalidateAllWidgets triggered.  All widgets were invalidated
[2025.11.16-12.00.30:398][481]LogActorComponent: UnregisterComponent: (/Engine/Transient.EditorFloorComp) Not registered. Aborting.
[2025.11.16-12.00.30:398][481]LogWorld: UWorld::CleanupWorld for World_16, bSessionEnded=true, bCleanupResources=true
[2025.11.16-12.00.30:398][481]LogSlate: InvalidateAllWidgets triggered.  All widgets were invalidated
[2025.11.16-12.00.30:699][496]LogWorld: UWorld::CleanupWorld for World_19, bSessionEnded=true, bCleanupResources=true
[2025.11.16-12.00.30:699][496]LogSlate: InvalidateAllWidgets triggered.  All widgets were invalidated
[2025.11.16-12.00.30:715][496]LogWorld: UWorld::CleanupWorld for World_18, bSessionEnded=true, bCleanupResources=true
[2025.11.16-12.00.30:715][496]LogSlate: InvalidateAllWidgets triggered.  All widgets were invalidated
[2025.11.16-12.00.31:024][512]LogActorComponent: UnregisterComponent: (/Engine/Transient.EditorFloorComp) Not registered. Aborting.
[2025.11.16-12.00.31:024][512]LogWorld: UWorld::CleanupWorld for World_20, bSessionEnded=true, bCleanupResources=true
[2025.11.16-12.00.31:024][512]LogSlate: InvalidateAllWidgets triggered.  All widgets were invalidated
[2025.11.16-12.00.31:447][533]Cmd: OBJ SAVEPACKAGE PACKAGE="/Game/Levels/Main" FILE="../../../../../../Git/Saf/GameUniHack/PixelPerfect/Content/Levels/Main.umap" SILENT=true AUTOSAVING=false KEEPDIRTY=false
[2025.11.16-12.00.31:515][533]LogUObjectHash: Compacting FUObjectHashTables data took   4.74ms
[2025.11.16-12.00.31:562][533]LogSavePackage: Moving '../../../../../../Git/Saf/GameUniHack/PixelPerfect/Saved/Main10999DA14A16940188428887B61D8F2C.tmp' to '../../../../../../Git/Saf/GameUniHack/PixelPerfect/Content/Levels/Main.umap'
[2025.11.16-12.00.31:606][533]AssetCheck: New page: Asset Save: Main
[2025.11.16-12.00.31:606][533]LogContentValidation: Display: Validating World /Game/Levels/Main.Main
[2025.11.16-12.00.32:452][584]LogEditorViewport: Clicking on Actor (LMB): StaticMeshActor (BOX_Asset10)
[2025.11.16-12.00.33:419][636]Cmd: EDIT CUT
[2025.11.16-12.00.33:428][636]LogEditorActor: Deleted Actor: StaticMeshActor
[2025.11.16-12.00.33:480][636]LogUObjectHash: Compacting FUObjectHashTables data took   2.49ms
[2025.11.16-12.00.33:482][636]LogEditorActor: Deleted 1 Actors (0.056 secs)
[2025.11.16-12.00.33:884][660]LogEditorViewport: Clicking on Actor (LMB): StaticMeshActor (BOX_Asset9)
[2025.11.16-12.00.34:245][680]Cmd: EDIT COPY
[2025.11.16-12.00.34:395][689]Cmd: EDIT PASTE
[2025.11.16-12.00.36:066][769]Cmd: EDIT COPY
[2025.11.16-12.00.36:217][778]Cmd: EDIT PASTE
[2025.11.16-12.00.42:515][152]Cmd: EDIT COPY
[2025.11.16-12.00.43:285][198]Cmd: EDIT COPY
[2025.11.16-12.00.43:443][207]Cmd: EDIT PASTE
[2025.11.16-12.00.44:503][249]Cmd: EDIT COPY
[2025.11.16-12.00.44:656][258]Cmd: EDIT PASTE
[2025.11.16-12.00.49:458][537]LogEditorViewport: Clicking on Actor (LMB): StaticMeshActor (BOX_Asset10)
[2025.11.16-12.00.50:219][579]Cmd: EDIT COPY
[2025.11.16-12.00.50:360][587]Cmd: EDIT PASTE
[2025.11.16-12.00.53:037][722]Cmd: EDIT COPY
[2025.11.16-12.00.53:185][730]Cmd: EDIT PASTE
[2025.11.16-12.00.55:964][895]LogEditorViewport: Clicking on Actor (LMB): StaticMeshActor (BOX_Asset17)
[2025.11.16-12.00.56:841][946]Cmd: EDIT COPY
[2025.11.16-12.00.57:026][957]Cmd: EDIT PASTE
[2025.11.16-12.00.58:284][ 12]Cmd: EDIT COPY
[2025.11.16-12.00.58:467][ 23]Cmd: EDIT PASTE
[2025.11.16-12.00.59:513][ 84]Cmd: EDIT COPY
[2025.11.16-12.00.59:663][ 93]Cmd: EDIT PASTE
[2025.11.16-12.01.01:821][221]Cmd: EDIT COPY
[2025.11.16-12.01.01:980][230]Cmd: EDIT PASTE
[2025.11.16-12.01.05:279][404]LogEditorViewport: Clicking on Actor (LMB): StaticMeshActor (BOX_Asset21)
[2025.11.16-12.01.08:026][564]Cmd: OBJ SAVEPACKAGE PACKAGE="/Game/Levels/Main" FILE="../../../../../../Git/Saf/GameUniHack/PixelPerfect/Content/Levels/Main.umap" SILENT=true AUTOSAVING=false KEEPDIRTY=false
[2025.11.16-12.01.08:059][564]LogUObjectHash: Compacting FUObjectHashTables data took   1.14ms
[2025.11.16-12.01.08:111][564]LogSavePackage: Moving '../../../../../../Git/Saf/GameUniHack/PixelPerfect/Saved/MainEC03392349F902F75C5C46AC45E8F994.tmp' to '../../../../../../Git/Saf/GameUniHack/PixelPerfect/Content/Levels/Main.umap'
[2025.11.16-12.01.08:155][564]AssetCheck: New page: Asset Save: Main
[2025.11.16-12.01.08:155][564]LogContentValidation: Display: Validating World /Game/Levels/Main.Main
[2025.11.16-12.01.10:691][716]LogEditorViewport: Clicking on Actor (LMB): UI_Puzzle2_C (UI_Puzzle2)
[2025.11.16-12.01.24:464][535]LogEditorViewport: Clicking on Actor (LMB): TriggerBox_C (TriggerBox2)
[2025.11.16-12.01.24:810][555]Cmd: EDIT CUT
[2025.11.16-12.01.24:818][555]LogEditorActor: Deleted Actor: TriggerBox_C
[2025.11.16-12.01.24:851][555]LogUObjectHash: Compacting FUObjectHashTables data took   1.19ms
[2025.11.16-12.01.24:857][555]LogEditorActor: Deleted 1 Actors (0.041 secs)
[2025.11.16-12.01.25:340][582]Cmd: OBJ SAVEPACKAGE PACKAGE="/Game/Levels/Main" FILE="../../../../../../Git/Saf/GameUniHack/PixelPerfect/Content/Levels/Main.umap" SILENT=true AUTOSAVING=false KEEPDIRTY=false
[2025.11.16-12.01.25:377][582]LogUObjectHash: Compacting FUObjectHashTables data took   0.54ms
[2025.11.16-12.01.25:426][582]LogSavePackage: Moving '../../../../../../Git/Saf/GameUniHack/PixelPerfect/Saved/MainA17E0281478A4EFFB3C1C68B941AA875.tmp' to '../../../../../../Git/Saf/GameUniHack/PixelPerfect/Content/Levels/Main.umap'
[2025.11.16-12.01.25:471][582]AssetCheck: New page: Asset Save: Main
[2025.11.16-12.01.25:471][582]LogContentValidation: Display: Validating World /Game/Levels/Main.Main
[2025.11.16-12.01.25:700][596]LogEditorViewport: Clicking on Actor (LMB): Gate_C (Gate)
[2025.11.16-12.01.27:073][677]Cmd: EDIT CUT
[2025.11.16-12.01.27:081][677]LogEditorActor: Deleted Actor: Gate_C
[2025.11.16-12.01.27:111][677]LogUObjectHash: Compacting FUObjectHashTables data took   1.16ms
[2025.11.16-12.01.27:114][677]LogEditorActor: Deleted 1 Actors (0.036 secs)
[2025.11.16-12.01.27:519][700]Cmd: OBJ SAVEPACKAGE PACKAGE="/Game/Levels/Main" FILE="../../../../../../Git/Saf/GameUniHack/PixelPerfect/Content/Levels/Main.umap" SILENT=true AUTOSAVING=false KEEPDIRTY=false
[2025.11.16-12.01.27:550][700]LogUObjectHash: Compacting FUObjectHashTables data took   0.62ms
[2025.11.16-12.01.27:594][700]LogSavePackage: Moving '../../../../../../Git/Saf/GameUniHack/PixelPerfect/Saved/MainB568C0934C8DFE98B082C58DF1A906D3.tmp' to '../../../../../../Git/Saf/GameUniHack/PixelPerfect/Content/Levels/Main.umap'
[2025.11.16-12.01.27:638][700]AssetCheck: New page: Asset Save: Main
[2025.11.16-12.01.27:638][700]LogContentValidation: Display: Validating World /Game/Levels/Main.Main
[2025.11.16-12.01.28:680][763]LogEditorViewport: Clicking on Actor (LMB): UI_Puzzle_C (UI_Puzzle)
[2025.11.16-12.01.37:804][301]Cmd: OBJ SAVEPACKAGE PACKAGE="/Game/Levels/Main" FILE="../../../../../../Git/Saf/GameUniHack/PixelPerfect/Content/Levels/Main.umap" SILENT=true AUTOSAVING=false KEEPDIRTY=false
[2025.11.16-12.01.37:841][301]LogUObjectHash: Compacting FUObjectHashTables data took   1.87ms
[2025.11.16-12.01.37:888][301]LogSavePackage: Moving '../../../../../../Git/Saf/GameUniHack/PixelPerfect/Saved/Main041C2B9B4AFB6AA19E01BAB5AD3C6B73.tmp' to '../../../../../../Git/Saf/GameUniHack/PixelPerfect/Content/Levels/Main.umap'
[2025.11.16-12.01.37:932][301]AssetCheck: New page: Asset Save: Main
[2025.11.16-12.01.37:933][301]LogContentValidation: Display: Validating World /Game/Levels/Main.Main
[2025.11.16-12.02.05:046][898]LogActorFactory: Actor Factory created TableSmall
[2025.11.16-12.02.07:726][ 58]LogActorFactory: Actor Factory created TableSmall
[2025.11.16-12.02.28:594][259]Cmd: TRANSACTION UNDO
[2025.11.16-12.02.28:594][259]LogEditorTransaction: Undo Move Actors
[2025.11.16-12.02.29:616][299]LogEditorViewport: Clicking on Actor (LMB): StaticMeshActor (BOX_Asset17)
[2025.11.16-12.03.03:229][137]LogEditorViewport: Clicking on Actor (LMB): StaticMeshActor (BOX_Asset5)
[2025.11.16-12.03.03:870][174]Cmd: DELETE
[2025.11.16-12.03.03:870][174]Cmd: ACTOR DELETE
[2025.11.16-12.03.03:873][174]LogEditorActor: Deleted Actor: StaticMeshActor
[2025.11.16-12.03.03:904][174]LogUObjectHash: Compacting FUObjectHashTables data took   1.39ms
[2025.11.16-12.03.03:918][174]LogEditorActor: Deleted 1 Actors (0.048 secs)
[2025.11.16-12.03.04:350][200]LogEditorViewport: Clicking on Actor (LMB): StaticMeshActor (BOX_Asset42)
[2025.11.16-12.03.11:314][610]LogEditorViewport: Clicking on Actor (LMB): StaticMeshActor (BOX_Asset23)
[2025.11.16-12.03.22:068][224]LogEditorViewport: Clicking on Actor (LMB): StaticMeshActor (BOX_Asset42)
[2025.11.16-12.03.35:277][985]LogEditorViewport: Clicking on Actor (LMB): StaticMeshActor (BOX_Asset48)
[2025.11.16-12.04.12:396][ 40]LogEditorViewport: Clicking on Actor (LMB): StaticMeshActor (BOX_Asset69)
[2025.11.16-12.04.38:571][547]LogEditorViewport: Clicking on Actor (LMB): StaticMeshActor (BOX_Asset78)
[2025.11.16-12.04.39:405][595]Cmd: DELETE
[2025.11.16-12.04.39:406][595]Cmd: ACTOR DELETE
[2025.11.16-12.04.39:407][595]LogEditorActor: Deleted Actor: StaticMeshActor
[2025.11.16-12.04.39:431][595]LogUObjectHash: Compacting FUObjectHashTables data took   1.51ms
[2025.11.16-12.04.39:445][595]LogEditorActor: Deleted 1 Actors (0.040 secs)
[2025.11.16-12.04.39:891][622]LogEditorViewport: Clicking on Actor (LMB): StaticMeshActor (BOX_Asset28)
[2025.11.16-12.04.47:351][ 37]LogEditorViewport: Clicking on Actor (LMB): StaticMeshActor (BOX_Asset80)
[2025.11.16-12.04.49:040][137]Cmd: DELETE
[2025.11.16-12.04.49:040][137]Cmd: ACTOR DELETE
[2025.11.16-12.04.49:042][137]LogEditorActor: Deleted Actor: StaticMeshActor
[2025.11.16-12.04.49:072][137]LogUObjectHash: Compacting FUObjectHashTables data took   1.31ms
[2025.11.16-12.04.49:076][137]LogEditorActor: Deleted 1 Actors (0.036 secs)
[2025.11.16-12.04.49:634][171]LogEditorViewport: Clicking on Actor (LMB): StaticMeshActor (BOX_Asset78)
[2025.11.16-12.04.54:299][428]LogEditorViewport: Clicking on Actor (LMB): StaticMeshActor (BOX_Asset79)
[2025.11.16-12.04.56:444][553]LogEditorViewport: Clicking on Actor (LMB): StaticMeshActor (BOX_Asset78)
[2025.11.16-12.05.03:692][968]LogEditorViewport: Clicking on Actor (LMB): StaticMeshActor (BOX_Asset44)
[2025.11.16-12.05.05:210][ 55]LogEditorViewport: Clicking on Actor (LMB): StaticMeshActor (BOX_Asset45)
[2025.11.16-12.05.12:053][432]LogEditorViewport: Clicking on Actor (LMB): Gate_C (Gate2)
[2025.11.16-12.05.22:301][ 43]LogEditorViewport: Clicking on Actor (LMB): ComputerBoss_C (ComputerBoss)
[2025.11.16-12.05.26:265][273]LogEditorViewport: Clicking on Actor (LMB): Phone_C (Phone2)
[2025.11.16-12.05.27:254][328]LogSkeletalMesh: USkeletalMeshComponent::InitArticulated : Could not find root physics body: '/Game/Levels/Main.Main:PersistentLevel.Phone2_3.CharacterMesh0'
[2025.11.16-12.05.27:258][328]LogSkeletalMesh: USkeletalMeshComponent::InitArticulated : Could not find root physics body: '/Game/Levels/Main.Main:PersistentLevel.Phone2_3.CharacterMesh0'
[2025.11.16-12.05.27:259][328]LogSkeletalMesh: USkeletalMeshComponent::InitArticulated : Could not find root physics body: '/Game/Levels/Main.Main:PersistentLevel.Phone2_3.CharacterMesh0'
[2025.11.16-12.05.27:261][328]LogSkeletalMesh: USkeletalMeshComponent::InitArticulated : Could not find root physics body: '/Game/Levels/Main.Main:PersistentLevel.Phone3.CharacterMesh0'
[2025.11.16-12.05.28:237][384]LogSkeletalMesh: USkeletalMeshComponent::InitArticulated : Could not find root physics body: '/Game/Levels/Main.Main:PersistentLevel.Phone3_4.CharacterMesh0'
[2025.11.16-12.05.28:240][384]LogSkeletalMesh: USkeletalMeshComponent::InitArticulated : Could not find root physics body: '/Game/Levels/Main.Main:PersistentLevel.Phone3_4.CharacterMesh0'
[2025.11.16-12.05.28:241][384]LogSkeletalMesh: USkeletalMeshComponent::InitArticulated : Could not find root physics body: '/Game/Levels/Main.Main:PersistentLevel.Phone3_4.CharacterMesh0'
[2025.11.16-12.05.28:242][384]LogSkeletalMesh: USkeletalMeshComponent::InitArticulated : Could not find root physics body: '/Game/Levels/Main.Main:PersistentLevel.Phone4.CharacterMesh0'
[2025.11.16-12.05.31:326][564]Cmd: OBJ SAVEPACKAGE PACKAGE="/Game/Levels/Main" FILE="../../../../../../Git/Saf/GameUniHack/PixelPerfect/Content/Levels/Main.umap" SILENT=true AUTOSAVING=false KEEPDIRTY=false
[2025.11.16-12.05.31:358][564]LogUObjectHash: Compacting FUObjectHashTables data took   1.26ms
[2025.11.16-12.05.31:420][564]LogSavePackage: Moving '../../../../../../Git/Saf/GameUniHack/PixelPerfect/Saved/Main78A0989F44D20603631E85B8CDA4B872.tmp' to '../../../../../../Git/Saf/GameUniHack/PixelPerfect/Content/Levels/Main.umap'
[2025.11.16-12.05.31:461][564]AssetCheck: New page: Asset Save: Main
[2025.11.16-12.05.31:461][564]LogContentValidation: Display: Validating World /Game/Levels/Main.Main
[2025.11.16-12.05.42:390][217]LogEditorViewport: Clicking on Actor (LMB): StaticMeshActor (BOX_Asset15)
[2025.11.16-12.05.55:381][969]Cmd: OBJ SAVEPACKAGE PACKAGE="/Game/Levels/Main" FILE="../../../../../../Git/Saf/GameUniHack/PixelPerfect/Content/Levels/Main.umap" SILENT=true AUTOSAVING=false KEEPDIRTY=false
[2025.11.16-12.05.55:416][969]LogUObjectHash: Compacting FUObjectHashTables data took   1.74ms
[2025.11.16-12.05.55:477][969]LogSavePackage: Moving '../../../../../../Git/Saf/GameUniHack/PixelPerfect/Saved/MainAA638BF242A781439CEBE1B60FF130B2.tmp' to '../../../../../../Git/Saf/GameUniHack/PixelPerfect/Content/Levels/Main.umap'
[2025.11.16-12.05.55:531][969]AssetCheck: New page: Asset Save: Main
[2025.11.16-12.05.55:531][969]LogContentValidation: Display: Validating World /Game/Levels/Main.Main
[2025.11.16-12.05.57:891][110]LogEditorViewport: Clicking on Actor (LMB): StaticMeshActor (BOX_Asset45)
[2025.11.16-12.05.58:447][142]Cmd: EDIT COPY
[2025.11.16-12.05.58:649][154]Cmd: EDIT PASTE
[2025.11.16-12.06.00:365][235]Cmd: EDIT COPY
[2025.11.16-12.06.00:649][252]Cmd: EDIT PASTE
[2025.11.16-12.06.03:761][415]LogEditorViewport: Clicking on Actor (LMB): StaticMeshActor (BOX_Asset82)
[2025.11.16-12.06.06:792][594]LogEditorViewport: Clicking on Actor (LMB): StaticMeshActor (BOX_Asset21)
[2025.11.16-12.06.07:135][613]Cmd: EDIT COPY
[2025.11.16-12.06.07:301][623]Cmd: EDIT PASTE
[2025.11.16-12.06.10:151][770]LogEditorViewport: Clicking on Actor (LMB): StaticMeshActor (BOX_Asset84)
[2025.11.16-12.06.11:889][872]LogEditorViewport: Clicking on Actor (LMB): StaticMeshActor (BOX_Asset22)
[2025.11.16-12.06.16:389][111]Cmd: TRANSACTION UNDO
[2025.11.16-12.06.16:389][111]LogEditorTransaction: Undo Move Actors
[2025.11.16-12.06.19:177][251]Cmd: OBJ SAVEPACKAGE PACKAGE="/Game/Levels/Main" FILE="../../../../../../Git/Saf/GameUniHack/PixelPerfect/Content/Levels/Main.umap" SILENT=true AUTOSAVING=false KEEPDIRTY=false
[2025.11.16-12.06.19:209][251]LogUObjectHash: Compacting FUObjectHashTables data took   1.27ms
[2025.11.16-12.06.19:273][251]LogSavePackage: Moving '../../../../../../Git/Saf/GameUniHack/PixelPerfect/Saved/MainF257CDC548E2D5B6E7DC99B3C8D2A445.tmp' to '../../../../../../Git/Saf/GameUniHack/PixelPerfect/Content/Levels/Main.umap'
[2025.11.16-12.06.19:339][251]AssetCheck: New page: Asset Save: Main
[2025.11.16-12.06.19:340][251]LogContentValidation: Display: Validating World /Game/Levels/Main.Main
[2025.11.16-12.06.20:723][331]LogTemp: Repeating last play command: Selected Viewport
[2025.11.16-12.06.20:740][331]LogPlayLevel: PlayLevel: No blueprints needed recompiling
[2025.11.16-12.06.20:740][331]PIE: New page: PIE session: Main (Nov 16, 2025, 4:06:20 PM)
[2025.11.16-12.06.20:778][331]LogPlayLevel: Creating play world package: /Game/Levels/UEDPIE_0_Main
[2025.11.16-12.06.20:795][331]LogPlayLevel: PIE: StaticDuplicateObject took: (0.016196s)
[2025.11.16-12.06.20:796][331]LogAIModule: Creating AISystem for world Main
[2025.11.16-12.06.20:796][331]LogAISub: UAISubsystem::UAISubsystem EnvQueryManager (000001C269453200), frame # 63331
[2025.11.16-12.06.20:796][331]LogAISub: UAISubsystem::UAISubsystem AIPerceptionSystem (000001C1D475AD40), frame # 63331
[2025.11.16-12.06.20:796][331]LogPlayLevel: PIE: World Init took: (0.001832s)
[2025.11.16-12.06.20:796][331]LogPlayLevel: PIE: Created PIE world by copying editor world from /Game/Levels/Main.Main to /Game/Levels/UEDPIE_0_Main.Main (0.018302s)
[2025.11.16-12.06.20:827][331]LogUObjectHash: Compacting FUObjectHashTables data took   1.38ms
[2025.11.16-12.06.20:830][331]LogAudioMixer: Display: Audio Mixer Platform Settings:
[2025.11.16-12.06.20:830][331]LogAudioMixer: Display: 	Sample Rate:						  48000
[2025.11.16-12.06.20:830][331]LogAudioMixer: Display: 	Callback Buffer Frame Size Requested: 1024
[2025.11.16-12.06.20:830][331]LogAudioMixer: Display: 	Callback Buffer Frame Size To Use:	  1024
[2025.11.16-12.06.20:830][331]LogAudioMixer: Display: 	Number of buffers to queue:			  2
[2025.11.16-12.06.20:830][331]LogAudioMixer: Display: 	Max Channels (voices):				  32
[2025.11.16-12.06.20:830][331]LogAudioMixer: Display: 	Number of Async Source Workers:		  0
[2025.11.16-12.06.20:830][331]LogAudio: Display: AudioDevice MaxSources: 32
[2025.11.16-12.06.20:830][331]LogAudio: Display: Using built-in audio occlusion.
[2025.11.16-12.06.20:830][331]LogAudioMixer: Display: Initializing audio mixer.
[2025.11.16-12.06.20:835][331]LogAudioMixer: Display: 0: FrontLeft
[2025.11.16-12.06.20:835][331]LogAudioMixer: Display: 1: FrontRight
[2025.11.16-12.06.20:854][331]LogAudioMixer: Display: Using Audio Device FxSound Speakers (FxSound Audio Enhancer)
[2025.11.16-12.06.20:854][331]LogAudioMixer: Display: Initializing Sound Submixes...
[2025.11.16-12.06.20:854][331]LogAudioMixer: Display: Creating Master Submix 'MasterSubmixDefault'
[2025.11.16-12.06.20:854][331]LogAudioMixer: Display: Creating Master Submix 'MasterReverbSubmixDefault'
[2025.11.16-12.06.20:855][331]LogAudioMixer: Display: Creating Master Submix 'MasterEQSubmixDefault'
[2025.11.16-12.06.20:869][331]LogInit: FAudioDevice initialized.
[2025.11.16-12.06.20:883][331]LogLoad: Game class is 'PlayerGameModeBase_C'
[2025.11.16-12.06.20:890][331]LogWorld: Bringing World /Game/Levels/UEDPIE_0_Main.Main up for play (max tick rate 60) at 2025.11.16-14.06.20
[2025.11.16-12.06.20:892][331]LogWorld: Bringing up level for play took: 0.008080
[2025.11.16-12.06.20:893][331]LogOnline: OSS: Creating online subsystem instance for: :Context_32
[2025.11.16-12.06.20:897][331]PIE: Server logged in
[2025.11.16-12.06.20:898][331]PIE: Play in editor total start time 0.159 seconds.
[2025.11.16-12.06.30:244][890]LogSlate: Updating window title bar state: overlay mode, drag disabled, window buttons hidden, title bar hidden
[2025.11.16-12.06.30:839][924]LogSlate: Updating window title bar state: overlay mode, drag disabled, window buttons hidden, title bar hidden
[2025.11.16-12.06.30:839][924]LogWorld: BeginTearingDown for /Game/Levels/UEDPIE_0_Main
[2025.11.16-12.06.30:840][924]LogWorld: UWorld::CleanupWorld for Main, bSessionEnded=true, bCleanupResources=true
[2025.11.16-12.06.30:841][924]LogSlate: InvalidateAllWidgets triggered.  All widgets were invalidated
[2025.11.16-12.06.30:851][924]LogPlayLevel: Display: Shutting down PIE online subsystems
[2025.11.16-12.06.30:856][924]LogSlate: InvalidateAllWidgets triggered.  All widgets were invalidated
[2025.11.16-12.06.30:886][924]LogSlate: Updating window title bar state: overlay mode, drag disabled, window buttons hidden, title bar hidden
[2025.11.16-12.06.30:905][924]LogAISub: UAISubsystem::~UAISubsystem AIPerceptionSystem (000001C1D475AD40), frame # 63924
[2025.11.16-12.06.30:905][924]LogAISub: UAISubsystem::~UAISubsystem EnvQueryManager (000001C269453200), frame # 63924
[2025.11.16-12.06.30:906][924]LogUObjectHash: Compacting FUObjectHashTables data took   1.38ms
[2025.11.16-12.06.30:936][925]LogPlayLevel: Display: Destroying online subsystem :Context_32
[2025.11.16-12.06.33:268][ 64]LogEditorViewport: Clicking on Actor (LMB): Phone_C (Phone4)
[2025.11.16-12.06.37:387][284]LogAssetEditorSubsystem: Opening Asset editor for MaterialInstanceConstant /Game/Enemy/Phone/Phone_Dispay_Mat_Inst.Phone_Dispay_Mat_Inst
[2025.11.16-12.06.39:100][367]LogSlate: Window 'Phone_Dispay_Mat_Inst' being destroyed
[2025.11.16-12.06.39:143][367]LogWorld: UWorld::CleanupWorld for World_22, bSessionEnded=true, bCleanupResources=true
[2025.11.16-12.06.39:143][367]LogSlate: InvalidateAllWidgets triggered.  All widgets were invalidated
[2025.11.16-12.06.41:202][485]LogAssetEditorSubsystem: Opening Asset editor for Material /Game/Enemy/Phone/Phone_Dispay_Mat.Phone_Dispay_Mat
[2025.11.16-12.06.41:204][485]LogMaterial: Display: Missing cached shader map for material Phone_Dispay_Mat, compiling. 
[2025.11.16-12.06.41:291][485]LogMaterial: Display: Missing cached shader map for material Phone_Dispay_Mat, compiling. 
[2025.11.16-12.06.41:307][485]LogMaterial: Display: Missing cached shader map for material Phone_Dispay_Mat, compiling. 
[2025.11.16-12.06.41:329][485]LogShaderCompilers: Display: Worker (1/9): shaders left to compile 27
[2025.11.16-12.06.41:329][485]LogShaderCompilers: Display: Worker (2/9): shaders left to compile 26
[2025.11.16-12.06.41:329][485]LogShaderCompilers: Display: Worker (3/9): shaders left to compile 25
[2025.11.16-12.06.41:329][485]LogShaderCompilers: Display: Worker (4/9): shaders left to compile 24
[2025.11.16-12.06.41:329][485]LogShaderCompilers: Display: Worker (5/9): shaders left to compile 23
[2025.11.16-12.06.41:329][485]LogShaderCompilers: Display: Worker (6/9): shaders left to compile 22
[2025.11.16-12.06.41:329][485]LogShaderCompilers: Display: Worker (7/9): shaders left to compile 21
[2025.11.16-12.06.41:329][485]LogShaderCompilers: Display: Worker (8/9): shaders left to compile 20
[2025.11.16-12.06.41:336][485]LogMaterial: Display: Missing cached shader map for material FMatExpressionPreview MaterialExpressionTextureSample_0, compiling. 
[2025.11.16-12.06.41:353][485]LogMaterial: Display: Missing cached shader map for material FMatExpressionPreview MaterialExpressionTextureSample_1, compiling. 
[2025.11.16-12.06.41:965][511]LogShaderCompilers: Display: Worker (6/9): shaders left to compile 27
[2025.11.16-12.06.42:009][514]LogShaderCompilers: Display: Worker (3/9): shaders left to compile 26
[2025.11.16-12.06.42:149][522]LogShaderCompilers: Display: Worker (2/9): shaders left to compile 25
[2025.11.16-12.06.42:203][525]LogShaderCompilers: Display: Worker (7/9): shaders left to compile 24
[2025.11.16-12.06.42:203][525]LogShaderCompilers: Display: Worker (8/9): shaders left to compile 23
[2025.11.16-12.06.42:238][527]LogShaderCompilers: Display: Worker (4/9): shaders left to compile 22
[2025.11.16-12.06.42:269][529]LogShaderCompilers: Display: Worker (5/9): shaders left to compile 21
[2025.11.16-12.06.42:269][529]LogShaderCompilers: Display: Worker (1/9): shaders left to compile 20
[2025.11.16-12.06.42:352][534]LogShaderCompilers: Display: Worker (6/9): shaders left to compile 19
[2025.11.16-12.06.42:650][551]LogShaderCompilers: Display: Worker (7/9): shaders left to compile 18
[2025.11.16-12.06.42:721][554]LogShaderCompilers: Display: Worker (5/9): shaders left to compile 17
[2025.11.16-12.06.42:753][556]LogShaderCompilers: Display: Worker (3/9): shaders left to compile 16
[2025.11.16-12.06.42:786][558]LogShaderCompilers: Display: Worker (2/9): shaders left to compile 15
[2025.11.16-12.06.42:969][568]LogShaderCompilers: Display: Worker (8/9): shaders left to compile 14
[2025.11.16-12.06.43:006][570]LogShaderCompilers: Display: Worker (4/9): shaders left to compile 13
[2025.11.16-12.06.43:021][571]LogShaderCompilers: Display: Worker (1/9): shaders left to compile 12
[2025.11.16-12.06.43:021][571]LogShaderCompilers: Display: Worker (6/9): shaders left to compile 11
[2025.11.16-12.06.43:081][573]LogShaderCompilers: Display: Worker (7/9): shaders left to compile 10
[2025.11.16-12.06.43:359][590]LogShaderCompilers: Display: Worker (2/9): shaders left to compile 9
[2025.11.16-12.06.43:644][607]LogShaderCompilers: Display: Worker (3/9): shaders left to compile 8
[2025.11.16-12.06.43:644][607]LogShaderCompilers: Display: Worker (1/9): shaders left to compile 7
[2025.11.16-12.06.43:796][616]LogShaderCompilers: Display: Worker (5/9): shaders left to compile 6
[2025.11.16-12.06.43:933][624]LogShaderCompilers: Display: Worker (8/9): shaders left to compile 5
[2025.11.16-12.06.44:012][629]LogShaderCompilers: Display: Worker (2/9): shaders left to compile 4
[2025.11.16-12.06.44:012][629]LogShaderCompilers: Display: Worker (7/9): shaders left to compile 3
[2025.11.16-12.06.44:012][629]LogShaderCompilers: Display: Worker (6/9): shaders left to compile 2
[2025.11.16-12.06.44:012][629]LogShaderCompilers: Display: Worker (4/9): shaders left to compile 1
[2025.11.16-12.06.44:049][630]MaterialEditorStats: Base pass shader: 127 instructions
[2025.11.16-12.06.44:049][630]MaterialEditorStats: Base pass shader with Volumetric Lightmap: 201 instructions
[2025.11.16-12.06.44:049][630]MaterialEditorStats: Base pass vertex shader: 44 instructions
[2025.11.16-12.06.44:049][630]MaterialEditorStats: Base pass vertex shader: 87 instructions
[2025.11.16-12.06.44:049][630]MaterialEditorStats: Texture samplers: 4/16
[2025.11.16-12.06.44:049][630]MaterialEditorStats: Texture Lookups (Est.): VS(0), PS(2)
[2025.11.16-12.06.44:049][630]MaterialEditorStats: User interpolators: 2/4 Scalars (1/4 Vectors) (TexCoords: 2, Custom: 0)
[2025.11.16-12.06.44:694][669]LogMaterial: Display: Missing cached shader map for material Phone_Dispay_Mat, compiling. 
[2025.11.16-12.06.44:712][669]LogMaterial: Display: Missing cached shader map for material Phone_Dispay_Mat, compiling. 
[2025.11.16-12.06.44:743][670]LogShaderCompilers: Display: Worker (1/9): shaders left to compile 27
[2025.11.16-12.06.44:743][670]LogShaderCompilers: Display: Worker (2/9): shaders left to compile 26
[2025.11.16-12.06.44:744][670]LogShaderCompilers: Display: Worker (3/9): shaders left to compile 25
[2025.11.16-12.06.44:744][670]LogShaderCompilers: Display: Worker (4/9): shaders left to compile 24
[2025.11.16-12.06.44:744][670]LogShaderCompilers: Display: Worker (5/9): shaders left to compile 23
[2025.11.16-12.06.44:744][670]LogShaderCompilers: Display: Worker (6/9): shaders left to compile 22
[2025.11.16-12.06.44:744][670]LogShaderCompilers: Display: Worker (7/9): shaders left to compile 21
[2025.11.16-12.06.44:744][670]LogShaderCompilers: Display: Worker (8/9): shaders left to compile 20
[2025.11.16-12.06.45:207][697]LogShaderCompilers: Display: Worker (6/9): shaders left to compile 19
[2025.11.16-12.06.45:221][698]LogShaderCompilers: Display: Worker (3/9): shaders left to compile 18
[2025.11.16-12.06.45:321][704]LogShaderCompilers: Display: Worker (2/9): shaders left to compile 17
[2025.11.16-12.06.45:388][708]LogShaderCompilers: Display: Worker (8/9): shaders left to compile 16
[2025.11.16-12.06.45:406][709]LogShaderCompilers: Display: Worker (7/9): shaders left to compile 15
[2025.11.16-12.06.45:423][710]LogShaderCompilers: Display: Worker (4/9): shaders left to compile 14
[2025.11.16-12.06.45:423][710]LogShaderCompilers: Display: Worker (5/9): shaders left to compile 13
[2025.11.16-12.06.45:454][712]LogShaderCompilers: Display: Worker (1/9): shaders left to compile 12
[2025.11.16-12.06.45:555][718]LogShaderCompilers: Display: Worker (6/9): shaders left to compile 11
[2025.11.16-12.06.45:771][730]LogShaderCompilers: Display: Worker (8/9): shaders left to compile 10
[2025.11.16-12.06.45:771][730]LogShaderCompilers: Display: Worker (5/9): shaders left to compile 9
[2025.11.16-12.06.45:835][734]LogShaderCompilers: Display: Worker (3/9): shaders left to compile 8
[2025.11.16-12.06.45:835][734]LogShaderCompilers: Display: Worker (2/9): shaders left to compile 7
[2025.11.16-12.06.46:037][745]LogShaderCompilers: Display: Worker (7/9): shaders left to compile 6
[2025.11.16-12.06.46:038][745]LogShaderCompilers: Display: Worker (1/9): shaders left to compile 5
[2025.11.16-12.06.46:038][745]LogShaderCompilers: Display: Worker (4/9): shaders left to compile 4
[2025.11.16-12.06.46:086][748]LogShaderCompilers: Display: Worker (6/9): shaders left to compile 3
[2025.11.16-12.06.46:136][751]LogShaderCompilers: Display: Worker (8/9): shaders left to compile 2
[2025.11.16-12.06.46:341][763]LogShaderCompilers: Display: Worker (2/9): shaders left to compile 1
[2025.11.16-12.06.46:844][792]LogMaterialEditor: Saving and Compiling material Phone_Dispay_Mat
[2025.11.16-12.06.47:442][792]LogMaterial: Display: Missing cached shader map for material Phone_Dispay_Mat, compiling. 
[2025.11.16-12.06.47:499][792]LogShaderCompilers: Display: Worker (1/9): shaders left to compile 27
[2025.11.16-12.06.47:499][792]LogShaderCompilers: Display: Worker (2/9): shaders left to compile 26
[2025.11.16-12.06.47:499][792]LogShaderCompilers: Display: Worker (3/9): shaders left to compile 25
[2025.11.16-12.06.47:499][792]LogShaderCompilers: Display: Worker (4/9): shaders left to compile 24
[2025.11.16-12.06.47:499][792]LogShaderCompilers: Display: Worker (5/9): shaders left to compile 23
[2025.11.16-12.06.47:499][792]LogShaderCompilers: Display: Worker (6/9): shaders left to compile 22
[2025.11.16-12.06.47:499][792]LogShaderCompilers: Display: Worker (7/9): shaders left to compile 21
[2025.11.16-12.06.47:499][792]LogShaderCompilers: Display: Worker (8/9): shaders left to compile 20
[2025.11.16-12.06.47:533][792]LogMaterial: Display: Missing cached shader map for material Phone_Dispay_Mat, compiling. 
[2025.11.16-12.06.47:595][792]LogUObjectHash: Compacting FUObjectHashTables data took   2.03ms
[2025.11.16-12.06.47:606][792]LogMaterial: Display: Missing cached shader map for material DebugViewMode MaterialTexCoordScale, compiling. 
[2025.11.16-12.06.48:134][792]LogShaderCompilers: Display: Worker (3/9): shaders left to compile 60
[2025.11.16-12.06.48:134][792]LogShaderCompilers: Display: Worker (6/9): shaders left to compile 59
[2025.11.16-12.06.48:134][792]LogShaderCompilers: Display: Worker (2/9): shaders left to compile 58
[2025.11.16-12.06.48:134][792]LogShaderCompilers: Display: Worker (8/9): shaders left to compile 57
[2025.11.16-12.06.48:134][792]LogShaderCompilers: Display: Worker (7/9): shaders left to compile 56
[2025.11.16-12.06.48:134][792]LogShaderCompilers: Display: Worker (4/9): shaders left to compile 55
[2025.11.16-12.06.48:134][792]LogShaderCompilers: Display: Worker (5/9): shaders left to compile 54
[2025.11.16-12.06.48:134][792]LogShaderCompilers: Display: Worker (1/9): shaders left to compile 53
[2025.11.16-12.06.48:134][792]LogShaderCompilers: Display: Worker (3/9): shaders left to compile 52
[2025.11.16-12.06.48:657][792]LogShaderCompilers: Display: Worker (8/9): shaders left to compile 51
[2025.11.16-12.06.48:657][792]LogShaderCompilers: Display: Worker (5/9): shaders left to compile 50
[2025.11.16-12.06.48:657][792]LogShaderCompilers: Display: Worker (6/9): shaders left to compile 49
[2025.11.16-12.06.48:657][792]LogShaderCompilers: Display: Worker (2/9): shaders left to compile 48
[2025.11.16-12.06.48:657][792]LogShaderCompilers: Display: Worker (7/9): shaders left to compile 47
[2025.11.16-12.06.48:657][792]LogShaderCompilers: Display: Worker (1/9): shaders left to compile 46
[2025.11.16-12.06.48:657][792]LogShaderCompilers: Display: Worker (4/9): shaders left to compile 45
[2025.11.16-12.06.48:657][792]LogShaderCompilers: Display: Worker (8/9): shaders left to compile 44
[2025.11.16-12.06.48:657][792]LogShaderCompilers: Display: Worker (3/9): shaders left to compile 43
[2025.11.16-12.06.49:179][792]LogShaderCompilers: Display: Worker (2/9): shaders left to compile 42
[2025.11.16-12.06.49:179][792]LogShaderCompilers: Display: Worker (6/9): shaders left to compile 41
[2025.11.16-12.06.49:179][792]LogShaderCompilers: Display: Worker (5/9): shaders left to compile 40
[2025.11.16-12.06.49:179][792]LogShaderCompilers: Display: Worker (4/9): shaders left to compile 39
[2025.11.16-12.06.49:179][792]LogShaderCompilers: Display: Worker (3/9): shaders left to compile 34
[2025.11.16-12.06.49:179][792]LogShaderCompilers: Display: Worker (7/9): shaders left to compile 29
[2025.11.16-12.06.49:179][792]LogShaderCompilers: Display: Worker (2/9): shaders left to compile 24
[2025.11.16-12.06.49:179][792]LogShaderCompilers: Display: Worker (6/9): shaders left to compile 20
[2025.11.16-12.06.49:211][792]LogShaderCompilers: Display: Worker (8/9): shaders left to compile 16
[2025.11.16-12.06.49:211][792]LogShaderCompilers: Display: Worker (1/9): shaders left to compile 13
[2025.11.16-12.06.49:211][792]LogShaderCompilers: Display: Worker (5/9): shaders left to compile 11
[2025.11.16-12.06.49:219][792]TextureStreamingBuild: Display: Compiling optional shaders took 1.619 seconds.
[2025.11.16-12.06.49:243][792]LogUObjectHash: Compacting FUObjectHashTables data took   2.73ms
[2025.11.16-12.06.50:365][792]LogShaderCompilers: Display: Worker (1/9): shaders left to compile 9
[2025.11.16-12.06.50:365][792]LogShaderCompilers: Display: Worker (8/9): shaders left to compile 7
[2025.11.16-12.06.50:891][792]LogShaderCompilers: Display: Worker (5/9): shaders left to compile 6
[2025.11.16-12.06.50:891][792]LogShaderCompilers: Display: Worker (6/9): shaders left to compile 5
[2025.11.16-12.06.50:891][792]LogShaderCompilers: Display: Worker (2/9): shaders left to compile 4
[2025.11.16-12.06.50:891][792]LogShaderCompilers: Display: Worker (7/9): shaders left to compile 3
[2025.11.16-12.06.50:891][792]LogShaderCompilers: Display: Worker (4/9): shaders left to compile 2
[2025.11.16-12.06.51:154][792]LogShaderCompilers: Display: Worker (8/9): shaders left to compile 1
[2025.11.16-12.06.51:201][792]Cmd: OBJ SAVEPACKAGE PACKAGE="/Game/Enemy/Phone/Phone_Dispay_Mat" FILE="../../../../../../Git/Saf/GameUniHack/PixelPerfect/Content/Enemy/Phone/Phone_Dispay_Mat.uasset" SILENT=true
[2025.11.16-12.06.51:235][792]LogSavePackage: Moving '../../../../../../Git/Saf/GameUniHack/PixelPerfect/Saved/Phone_Dispay_Mat1E9F85064378A5B566FB32B1DC72DBA0.tmp' to '../../../../../../Git/Saf/GameUniHack/PixelPerfect/Content/Enemy/Phone/Phone_Dispay_Mat.uasset'
[2025.11.16-12.06.51:289][792]AssetCheck: New page: Asset Save: Phone_Dispay_Mat
[2025.11.16-12.06.51:290][792]LogContentValidation: Display: Validating Material /Game/Enemy/Phone/Phone_Dispay_Mat.Phone_Dispay_Mat
[2025.11.16-12.06.51:290][792]MaterialEditorStats: Base pass shader: 127 instructions
[2025.11.16-12.06.51:290][792]MaterialEditorStats: Base pass shader with Volumetric Lightmap: 201 instructions
[2025.11.16-12.06.51:290][792]MaterialEditorStats: Base pass vertex shader: 44 instructions
[2025.11.16-12.06.51:290][792]MaterialEditorStats: Base pass vertex shader: 87 instructions
[2025.11.16-12.06.51:290][792]MaterialEditorStats: Texture samplers: 5/16
[2025.11.16-12.06.51:290][792]MaterialEditorStats: Texture Lookups (Est.): VS(0), PS(2)
[2025.11.16-12.06.51:290][792]MaterialEditorStats: User interpolators: 2/4 Scalars (1/4 Vectors) (TexCoords: 2, Custom: 0)
[2025.11.16-12.06.53:302][907]Cmd: OBJ SAVEPACKAGE PACKAGE="/Game/Levels/Main" FILE="../../../../../../Git/Saf/GameUniHack/PixelPerfect/Content/Levels/Main.umap" SILENT=true AUTOSAVING=false KEEPDIRTY=false
[2025.11.16-12.06.53:328][907]LogUObjectHash: Compacting FUObjectHashTables data took   0.42ms
[2025.11.16-12.06.53:386][907]LogSavePackage: Moving '../../../../../../Git/Saf/GameUniHack/PixelPerfect/Saved/MainE82C620547A9E39341D08384DCBB2CC5.tmp' to '../../../../../../Git/Saf/GameUniHack/PixelPerfect/Content/Levels/Main.umap'
[2025.11.16-12.06.53:448][907]AssetCheck: New page: Asset Save: Main
[2025.11.16-12.06.53:448][907]LogContentValidation: Display: Validating World /Game/Levels/Main.Main
[2025.11.16-12.06.53:920][935]LogEditorViewport: Clicking on Actor (LMB): StaticMeshActor (Warehouse)
[2025.11.16-12.06.56:661][ 90]LogWorld: UWorld::CleanupWorld for World_23, bSessionEnded=true, bCleanupResources=true
[2025.11.16-12.06.56:661][ 90]LogSlate: InvalidateAllWidgets triggered.  All widgets were invalidated
[2025.11.16-12.07.03:383][489]LogEditorViewport: Clicking on Actor (LMB): StaticMeshActor (BOX_Asset12)
[2025.11.16-12.07.03:708][507]Cmd: EDIT COPY
[2025.11.16-12.07.03:907][519]Cmd: EDIT PASTE
[2025.11.16-12.07.04:987][569]Cmd: EDIT COPY
[2025.11.16-12.07.05:148][572]Cmd: EDIT PASTE
[2025.11.16-12.07.06:546][653]Cmd: EDIT COPY
[2025.11.16-12.07.06:728][664]Cmd: EDIT PASTE
[2025.11.16-12.07.09:108][805]Cmd: EDIT COPY
[2025.11.16-12.07.09:293][816]Cmd: EDIT PASTE
[2025.11.16-12.07.12:766][ 20]LogEditorViewport: Clicking on Actor (LMB): StaticMeshActor (BOX_Asset86)
[2025.11.16-12.07.13:061][ 36]Cmd: EDIT COPY
[2025.11.16-12.07.13:252][ 46]Cmd: EDIT PASTE
[2025.11.16-12.07.21:184][477]LogEditorViewport: Clicking on Actor (LMB): StaticMeshActor (BOX_Asset44)
[2025.11.16-12.07.21:426][490]Cmd: EDIT CUT
[2025.11.16-12.07.21:434][490]LogEditorActor: Deleted Actor: StaticMeshActor
[2025.11.16-12.07.21:467][490]LogUObjectHash: Compacting FUObjectHashTables data took   1.45ms
[2025.11.16-12.07.21:475][490]LogEditorActor: Deleted 1 Actors (0.046 secs)
[2025.11.16-12.07.22:006][521]LogEditorViewport: Clicking on Actor (LMB): StaticMeshActor (BOX_Asset20)
[2025.11.16-12.07.26:399][781]LogEditorViewport: Clicking on Actor (LMB): StaticMeshActor (BOX_Asset45)
[2025.11.16-12.07.26:574][790]Cmd: EDIT COPY
[2025.11.16-12.07.27:938][871]LogEditorViewport: Clicking on Actor (LMB): StaticMeshActor (BOX_Asset82)
[2025.11.16-12.07.28:114][880]Cmd: EDIT CUT
[2025.11.16-12.07.28:123][880]LogEditorActor: Deleted Actor: StaticMeshActor
[2025.11.16-12.07.28:152][880]LogUObjectHash: Compacting FUObjectHashTables data took   1.46ms
[2025.11.16-12.07.28:155][880]LogEditorActor: Deleted 1 Actors (0.035 secs)
[2025.11.16-12.07.28:369][893]LogEditorViewport: Clicking on Actor (LMB): StaticMeshActor (BOX_Asset46)
[2025.11.16-12.07.28:441][896]Cmd: EDIT CUT
[2025.11.16-12.07.28:448][896]LogEditorActor: Deleted Actor: StaticMeshActor
[2025.11.16-12.07.28:473][896]LogUObjectHash: Compacting FUObjectHashTables data took   0.44ms
[2025.11.16-12.07.28:474][896]LogEditorActor: Deleted 1 Actors (0.030 secs)
[2025.11.16-12.07.28:758][911]Cmd: OBJ SAVEPACKAGE PACKAGE="/Game/Levels/Main" FILE="../../../../../../Git/Saf/GameUniHack/PixelPerfect/Content/Levels/Main.umap" SILENT=true AUTOSAVING=false KEEPDIRTY=false
[2025.11.16-12.07.28:787][911]LogUObjectHash: Compacting FUObjectHashTables data took   0.73ms
[2025.11.16-12.07.28:840][911]LogSavePackage: Moving '../../../../../../Git/Saf/GameUniHack/PixelPerfect/Saved/Main4F2A77624F023CF97C4E3FBCDB4D31FE.tmp' to '../../../../../../Git/Saf/GameUniHack/PixelPerfect/Content/Levels/Main.umap'
[2025.11.16-12.07.28:879][911]AssetCheck: New page: Asset Save: Main
[2025.11.16-12.07.28:879][911]LogContentValidation: Display: Validating World /Game/Levels/Main.Main
[2025.11.16-12.07.28:991][918]LogEditorViewport: Clicking on Actor (LMB): StaticMeshActor (BOX_Asset45)
[2025.11.16-12.07.29:434][943]Cmd: EDIT CUT
[2025.11.16-12.07.29:444][943]LogEditorActor: Deleted Actor: StaticMeshActor
[2025.11.16-12.07.29:477][943]LogUObjectHash: Compacting FUObjectHashTables data took   1.24ms
[2025.11.16-12.07.29:478][943]LogEditorActor: Deleted 1 Actors (0.040 secs)
[2025.11.16-12.07.29:731][958]LogEditorViewport: Clicking on Actor (LMB): StaticMeshActor (BOX_Asset83)
[2025.11.16-12.07.34:286][223]LogEditorViewport: Clicking on Actor (LMB): StaticMeshActor (BOX_Asset18)
[2025.11.16-12.07.34:560][238]LogEditorViewport: Clicking on Actor (LMB): StaticMeshActor (BOX_Asset18)
[2025.11.16-12.07.34:865][256]LogEditorViewport: Clicking on Actor (LMB): StaticMeshActor (BOX_Asset83)
[2025.11.16-12.07.35:127][270]Cmd: EDIT CUT
[2025.11.16-12.07.35:135][270]LogEditorActor: Deleted Actor: StaticMeshActor
[2025.11.16-12.07.35:163][270]LogUObjectHash: Compacting FUObjectHashTables data took   0.42ms
[2025.11.16-12.07.35:166][270]LogEditorActor: Deleted 1 Actors (0.035 secs)
[2025.11.16-12.07.35:458][288]LogEditorViewport: Clicking on Actor (LMB): StaticMeshActor (BOX_Asset25)
[2025.11.16-12.07.35:846][310]LogEditorViewport: Clicking on Actor (LMB): StaticMeshActor (BOX_Asset23)
[2025.11.16-12.07.36:489][346]Cmd: EDIT COPY
[2025.11.16-12.07.36:675][357]Cmd: EDIT PASTE
[2025.11.16-12.07.39:490][503]LogEditorViewport: Clicking on Actor (LMB): StaticMeshActor (BOX_Asset25)
[2025.11.16-12.07.39:789][519]Cmd: EDIT COPY
[2025.11.16-12.07.39:995][531]Cmd: EDIT PASTE
[2025.11.16-12.07.42:218][662]LogEditorViewport: Clicking on Actor (LMB): StaticMeshActor (BOX_Asset22)
[2025.11.16-12.07.42:547][680]Cmd: EDIT CUT
[2025.11.16-12.07.42:554][680]LogEditorActor: Deleted Actor: StaticMeshActor
[2025.11.16-12.07.42:589][680]LogUObjectHash: Compacting FUObjectHashTables data took   1.53ms
[2025.11.16-12.07.42:593][680]LogEditorActor: Deleted 1 Actors (0.042 secs)
[2025.11.16-12.07.42:976][703]LogEditorViewport: Clicking on Actor (LMB): StaticMeshActor (BOX_Asset21)
[2025.11.16-12.07.43:604][739]Cmd: TRANSACTION UNDO
[2025.11.16-12.07.43:604][739]LogEditorTransaction: Undo Clicking on Actors
[2025.11.16-12.07.43:831][745]Cmd: TRANSACTION UNDO
[2025.11.16-12.07.43:831][745]LogEditorTransaction: Undo Cut
[2025.11.16-12.07.44:173][752]LogEditorViewport: Clicking on Actor (LMB): StaticMeshActor (BOX_Asset22)
[2025.11.16-12.07.44:499][771]Cmd: EDIT COPY
[2025.11.16-12.07.44:666][781]Cmd: EDIT PASTE
[2025.11.16-12.07.45:988][839]Cmd: EDIT COPY
[2025.11.16-12.07.46:157][849]Cmd: EDIT PASTE
[2025.11.16-12.07.49:306][ 33]Cmd: EDIT COPY
[2025.11.16-12.07.49:486][ 43]Cmd: EDIT PASTE
[2025.11.16-12.07.53:268][247]LogEditorViewport: Clicking on Actor (LMB): Gate_C (Gate2)
[2025.11.16-12.07.53:678][270]Cmd: EDIT CUT
[2025.11.16-12.07.53:686][270]LogEditorActor: Deleted Actor: Gate_C
[2025.11.16-12.07.53:713][270]LogUObjectHash: Compacting FUObjectHashTables data took   1.45ms
[2025.11.16-12.07.53:718][270]LogEditorActor: Deleted 1 Actors (0.036 secs)
[2025.11.16-12.07.54:285][304]LogEditorViewport: Clicking on Actor (LMB): StaticMeshActor (BOX_Asset83)
[2025.11.16-12.07.54:623][323]Cmd: EDIT COPY
[2025.11.16-12.07.54:812][334]Cmd: EDIT PASTE
[2025.11.16-12.07.59:740][608]Cmd: EDIT COPY
[2025.11.16-12.07.59:944][620]Cmd: EDIT PASTE
[2025.11.16-12.08.02:392][764]Cmd: EDIT COPY
[2025.11.16-12.08.03:311][819]Cmd: EDIT PASTE
[2025.11.16-12.08.04:998][897]Cmd: OBJ SAVEPACKAGE PACKAGE="/Game/Levels/Main" FILE="../../../../../../Git/Saf/GameUniHack/PixelPerfect/Content/Levels/Main.umap" SILENT=true AUTOSAVING=false KEEPDIRTY=false
[2025.11.16-12.08.05:035][897]LogUObjectHash: Compacting FUObjectHashTables data took   1.17ms
[2025.11.16-12.08.05:093][897]LogSavePackage: Moving '../../../../../../Git/Saf/GameUniHack/PixelPerfect/Saved/Main7A5438DB41B23C005445AE923F669036.tmp' to '../../../../../../Git/Saf/GameUniHack/PixelPerfect/Content/Levels/Main.umap'
[2025.11.16-12.08.05:151][897]AssetCheck: New page: Asset Save: Main
[2025.11.16-12.08.05:151][897]LogContentValidation: Display: Validating World /Game/Levels/Main.Main
[2025.11.16-12.08.18:392][680]LogAssetEditorSubsystem: Opening Asset editor for Blueprint /Game/Puzzle/Widgets/UI_Puzzle.UI_Puzzle
[2025.11.16-12.08.27:865][202]BlueprintLog: New page: Compile UI_Puzzle
[2025.11.16-12.08.27:920][202]LogUObjectHash: Compacting FUObjectHashTables data took   1.69ms
[2025.11.16-12.08.28:220][215]Cmd: OBJ SAVEPACKAGE PACKAGE="/Game/Puzzle/Widgets/UI_Puzzle" FILE="../../../../../../Git/Saf/GameUniHack/PixelPerfect/Content/Puzzle/Widgets/UI_Puzzle.uasset" SILENT=true
[2025.11.16-12.08.28:258][215]LogSavePackage: Moving '../../../../../../Git/Saf/GameUniHack/PixelPerfect/Saved/UI_Puzzle0896F7C5471B2989A8BE17A2DC59C49F.tmp' to '../../../../../../Git/Saf/GameUniHack/PixelPerfect/Content/Puzzle/Widgets/UI_Puzzle.uasset'
[2025.11.16-12.08.28:278][215]AssetCheck: New page: Asset Save: UI_Puzzle
[2025.11.16-12.08.28:278][215]LogContentValidation: Display: Validating Blueprint /Game/Puzzle/Widgets/UI_Puzzle.UI_Puzzle
[2025.11.16-12.08.48:635][400]Cmd: OBJ SAVEPACKAGE PACKAGE="/Game/Levels/Main" FILE="../../../../../../Git/Saf/GameUniHack/PixelPerfect/Content/Levels/Main.umap" SILENT=true AUTOSAVING=false KEEPDIRTY=false
[2025.11.16-12.08.48:666][400]LogUObjectHash: Compacting FUObjectHashTables data took   2.13ms
[2025.11.16-12.08.48:726][400]LogSavePackage: Moving '../../../../../../Git/Saf/GameUniHack/PixelPerfect/Saved/MainFD22127C4002D3C57AB258A52FEF1722.tmp' to '../../../../../../Git/Saf/GameUniHack/PixelPerfect/Content/Levels/Main.umap'
[2025.11.16-12.08.48:771][400]AssetCheck: New page: Asset Save: Main
[2025.11.16-12.08.48:771][400]LogContentValidation: Display: Validating World /Game/Levels/Main.Main
[2025.11.16-12.09.07:646][499]LogAssetEditorSubsystem: Opening Asset editor for Blueprint /Game/Puzzle/Widgets/UI_Puzzle2.UI_Puzzle2
[2025.11.16-12.09.13:940][844]BlueprintLog: New page: Compile UI_Puzzle2
[2025.11.16-12.09.13:996][844]LogUObjectHash: Compacting FUObjectHashTables data took   1.59ms
[2025.11.16-12.09.14:322][859]Cmd: OBJ SAVEPACKAGE PACKAGE="/Game/Puzzle/Widgets/UI_Puzzle2" FILE="../../../../../../Git/Saf/GameUniHack/PixelPerfect/Content/Puzzle/Widgets/UI_Puzzle2.uasset" SILENT=true
[2025.11.16-12.09.14:360][859]LogSavePackage: Moving '../../../../../../Git/Saf/GameUniHack/PixelPerfect/Saved/UI_Puzzle2B37230DA4B6BED9DE50E89968F1E4A5F.tmp' to '../../../../../../Git/Saf/GameUniHack/PixelPerfect/Content/Puzzle/Widgets/UI_Puzzle2.uasset'
[2025.11.16-12.09.14:388][859]AssetCheck: New page: Asset Save: UI_Puzzle2
[2025.11.16-12.09.14:388][859]LogContentValidation: Display: Validating Blueprint /Game/Puzzle/Widgets/UI_Puzzle2.UI_Puzzle2
[2025.11.16-12.09.33:721][  3]LogEditorViewport: Clicking on Component (LMB): TextRenderComponent (TextRender)
[2025.11.16-12.09.33:824][  8]LogEditorViewport: Clicking on Actor (double click): UI_Puzzle2_C (UI_Puzzle2)
[2025.11.16-12.09.34:368][ 40]LogEditorViewport: Clicking on Actor (LMB): UI_Puzzle2_C (UI_Puzzle2)
[2025.11.16-12.09.51:871][ 65]LogEditorViewport: Clicking on Actor (LMB): UI_Puzzle_C (UI_Puzzle)
[2025.11.16-12.09.54:560][220]Cmd: OBJ SAVEPACKAGE PACKAGE="/Game/Levels/Main" FILE="../../../../../../Git/Saf/GameUniHack/PixelPerfect/Content/Levels/Main.umap" SILENT=true AUTOSAVING=false KEEPDIRTY=false
[2025.11.16-12.09.54:597][220]LogUObjectHash: Compacting FUObjectHashTables data took   1.68ms
[2025.11.16-12.09.54:660][220]LogSavePackage: Moving '../../../../../../Git/Saf/GameUniHack/PixelPerfect/Saved/MainADE41D0648524D0E7105B4821B29CE5C.tmp' to '../../../../../../Git/Saf/GameUniHack/PixelPerfect/Content/Levels/Main.umap'
[2025.11.16-12.09.54:712][220]AssetCheck: New page: Asset Save: Main
[2025.11.16-12.09.54:712][220]LogContentValidation: Display: Validating World /Game/Levels/Main.Main
[2025.11.16-12.09.58:471][443]LogEditorViewport: Clicking on Actor (LMB): Puzzle_C (Puzzle2)
[2025.11.16-12.10.01:266][608]LogEditorViewport: Clicking on Actor (LMB): Puzzle_C (Puzzle2)
[2025.11.16-12.10.01:343][612]LogEditorViewport: Clicking on Component (LMB): TextRenderComponent (Movable)
[2025.11.16-12.10.07:234][963]LogEditorViewport: Clicking on Actor (LMB): UI_Puzzle_C (UI_Puzzle)
[2025.11.16-12.10.07:318][967]LogEditorViewport: Clicking on Component (LMB): TextRenderComponent (Movable)
[2025.11.16-12.10.10:369][149]LogEditorViewport: Clicking on Component (LMB): TextRenderComponent (TextRender)
[2025.11.16-12.10.13:545][337]LogEditorViewport: Clicking on Actor (LMB): UI_Puzzle2_C (UI_Puzzle2)
[2025.11.16-12.10.14:062][367]LogEditorViewport: Clicking on Actor (LMB): UI_Puzzle2_C (UI_Puzzle2)
[2025.11.16-12.10.15:358][443]Cmd: TRANSACTION UNDO
[2025.11.16-12.10.15:358][443]LogEditorTransaction: Undo Clicking on Actors
[2025.11.16-12.10.16:384][480]Cmd: TRANSACTION UNDO
[2025.11.16-12.10.16:384][480]LogEditorTransaction: Undo Move Components
[2025.11.16-12.10.18:849][620]Cmd: TRANSACTION UNDO
[2025.11.16-12.10.18:849][620]LogEditorTransaction: Undo Move Components
[2025.11.16-12.10.20:848][737]LogEditorViewport: Clicking on Actor (LMB): StaticMeshActor (BOX_Asset)
[2025.11.16-12.10.21:306][763]LogEditorViewport: Clicking on Actor (LMB): StaticMeshActor (BOX_Asset)
[2025.11.16-12.10.21:617][781]LogEditorViewport: Clicking on Actor (LMB): UI_Puzzle_C (UI_Puzzle)
[2025.11.16-12.10.21:686][784]LogEditorViewport: Clicking on Component (LMB): TextRenderComponent (Movable)
[2025.11.16-12.10.23:364][882]Cmd: OBJ SAVEPACKAGE PACKAGE="/Game/Levels/Main" FILE="../../../../../../Git/Saf/GameUniHack/PixelPerfect/Content/Levels/Main.umap" SILENT=true AUTOSAVING=false KEEPDIRTY=false
[2025.11.16-12.10.23:396][882]LogUObjectHash: Compacting FUObjectHashTables data took   1.75ms
[2025.11.16-12.10.23:453][882]LogSavePackage: Moving '../../../../../../Git/Saf/GameUniHack/PixelPerfect/Saved/MainE10401C246DF7A8EA0E384B79E32475C.tmp' to '../../../../../../Git/Saf/GameUniHack/PixelPerfect/Content/Levels/Main.umap'
[2025.11.16-12.10.23:498][882]AssetCheck: New page: Asset Save: Main
[2025.11.16-12.10.23:499][882]LogContentValidation: Display: Validating World /Game/Levels/Main.Main
[2025.11.16-12.10.23:904][906]LogEditorViewport: Clicking on Actor (LMB): StaticMeshActor (Warehouse)
[2025.11.16-12.10.29:607][244]LogEditorViewport: Clicking on Actor (LMB): StaticMeshActor (BOX_Asset92)
[2025.11.16-12.10.30:052][269]Cmd: EDIT CUT
[2025.11.16-12.10.30:058][269]LogEditorActor: Deleted Actor: StaticMeshActor
[2025.11.16-12.10.30:089][269]LogUObjectHash: Compacting FUObjectHashTables data took   0.40ms
[2025.11.16-12.10.30:091][269]LogEditorActor: Deleted 1 Actors (0.035 secs)
[2025.11.16-12.10.30:665][304]LogEditorViewport: Clicking on Actor (LMB): StaticMeshActor (BOX_Asset91)
[2025.11.16-12.10.30:878][315]Cmd: EDIT CUT
[2025.11.16-12.10.30:886][315]LogEditorActor: Deleted Actor: StaticMeshActor
[2025.11.16-12.10.30:914][315]LogUObjectHash: Compacting FUObjectHashTables data took   0.82ms
[2025.11.16-12.10.30:916][315]LogEditorActor: Deleted 1 Actors (0.034 secs)
[2025.11.16-12.10.31:635][356]Cmd: OBJ SAVEPACKAGE PACKAGE="/Game/Levels/Main" FILE="../../../../../../Git/Saf/GameUniHack/PixelPerfect/Content/Levels/Main.umap" SILENT=true AUTOSAVING=false KEEPDIRTY=false
[2025.11.16-12.10.31:671][356]LogUObjectHash: Compacting FUObjectHashTables data took   0.54ms
[2025.11.16-12.10.31:739][356]LogSavePackage: Moving '../../../../../../Git/Saf/GameUniHack/PixelPerfect/Saved/MainB25EC2104AF379BE912EB5BD541A94A9.tmp' to '../../../../../../Git/Saf/GameUniHack/PixelPerfect/Content/Levels/Main.umap'
[2025.11.16-12.10.31:790][356]AssetCheck: New page: Asset Save: Main
[2025.11.16-12.10.31:790][356]LogContentValidation: Display: Validating World /Game/Levels/Main.Main
[2025.11.16-12.10.32:511][399]LogEditorViewport: Clicking on Actor (LMB): StaticMeshActor (BOX_Asset22)
[2025.11.16-12.10.32:721][410]Cmd: EDIT CUT
[2025.11.16-12.10.32:727][410]LogEditorActor: Deleted Actor: StaticMeshActor
[2025.11.16-12.10.32:764][410]LogUObjectHash: Compacting FUObjectHashTables data took   1.90ms
[2025.11.16-12.10.32:766][410]LogEditorActor: Deleted 1 Actors (0.041 secs)
[2025.11.16-12.10.33:796][471]Cmd: TRANSACTION UNDO
[2025.11.16-12.10.33:796][471]LogEditorTransaction: Undo Cut
[2025.11.16-12.10.34:930][518]Cmd: OBJ SAVEPACKAGE PACKAGE="/Game/Levels/Main" FILE="../../../../../../Git/Saf/GameUniHack/PixelPerfect/Content/Levels/Main.umap" SILENT=true AUTOSAVING=false KEEPDIRTY=false
[2025.11.16-12.10.34:965][518]LogUObjectHash: Compacting FUObjectHashTables data took   0.53ms
[2025.11.16-12.10.35:021][518]LogSavePackage: Moving '../../../../../../Git/Saf/GameUniHack/PixelPerfect/Saved/MainBFEC401947D4B8182F279CB1ED799B94.tmp' to '../../../../../../Git/Saf/GameUniHack/PixelPerfect/Content/Levels/Main.umap'
[2025.11.16-12.10.35:060][518]AssetCheck: New page: Asset Save: Main
[2025.11.16-12.10.35:060][518]LogContentValidation: Display: Validating World /Game/Levels/Main.Main
[2025.11.16-12.10.37:891][687]LogEditorViewport: Clicking on Actor (LMB): StaticMeshActor (BOX_Asset45)
[2025.11.16-12.10.38:228][705]Cmd: EDIT COPY
[2025.11.16-12.10.38:403][714]Cmd: EDIT PASTE
[2025.11.16-12.10.39:460][751]Cmd: EDIT COPY
[2025.11.16-12.10.39:684][764]Cmd: EDIT PASTE
[2025.11.16-12.10.42:691][941]Cmd: EDIT COPY
[2025.11.16-12.10.42:875][952]Cmd: EDIT PASTE
[2025.11.16-12.10.43:924][993]Cmd: EDIT COPY
[2025.11.16-12.10.44:107][  4]Cmd: EDIT PASTE
[2025.11.16-12.10.46:157][125]Cmd: EDIT COPY
[2025.11.16-12.10.46:336][135]Cmd: EDIT PASTE
[2025.11.16-12.10.47:502][201]Cmd: EDIT COPY
[2025.11.16-12.10.47:721][214]Cmd: EDIT PASTE
[2025.11.16-12.10.49:406][313]Cmd: EDIT CUT
[2025.11.16-12.10.49:413][313]LogEditorActor: Deleted Actor: StaticMeshActor
[2025.11.16-12.10.49:442][313]LogUObjectHash: Compacting FUObjectHashTables data took   1.12ms
[2025.11.16-12.10.49:447][313]LogEditorActor: Deleted 1 Actors (0.037 secs)
[2025.11.16-12.10.51:661][444]LogEditorViewport: Clicking on Actor (LMB): StaticMeshActor (BOX_Asset82)
[2025.11.16-12.10.51:892][456]Cmd: EDIT COPY
[2025.11.16-12.10.52:083][467]Cmd: EDIT PASTE
[2025.11.16-12.10.58:066][798]Cmd: OBJ SAVEPACKAGE PACKAGE="/Game/Levels/Main" FILE="../../../../../../Git/Saf/GameUniHack/PixelPerfect/Content/Levels/Main.umap" SILENT=true AUTOSAVING=false KEEPDIRTY=false
[2025.11.16-12.10.58:101][798]LogUObjectHash: Compacting FUObjectHashTables data took   1.14ms
[2025.11.16-12.10.58:157][798]LogSavePackage: Moving '../../../../../../Git/Saf/GameUniHack/PixelPerfect/Saved/Main2BBE246F4E9FE858919C33A6D9F7383F.tmp' to '../../../../../../Git/Saf/GameUniHack/PixelPerfect/Content/Levels/Main.umap'
[2025.11.16-12.10.58:200][798]AssetCheck: New page: Asset Save: Main
[2025.11.16-12.10.58:201][798]LogContentValidation: Display: Validating World /Game/Levels/Main.Main
[2025.11.16-12.11.03:261][ 99]LogEditorViewport: Clicking on Actor (LMB): StaticMeshActor (BOX_Asset3)
[2025.11.16-12.11.03:456][109]Cmd: EDIT COPY
[2025.11.16-12.11.03:654][120]Cmd: EDIT PASTE
[2025.11.16-12.11.05:395][203]Cmd: EDIT COPY
[2025.11.16-12.11.05:596][215]Cmd: EDIT PASTE
[2025.11.16-12.11.08:537][372]Cmd: EDIT CUT
[2025.11.16-12.11.08:544][372]LogEditorActor: Deleted Actor: StaticMeshActor
[2025.11.16-12.11.08:578][372]LogUObjectHash: Compacting FUObjectHashTables data took   1.14ms
[2025.11.16-12.11.08:581][372]LogEditorActor: Deleted 1 Actors (0.040 secs)
[2025.11.16-12.11.08:931][390]Cmd: OBJ SAVEPACKAGE PACKAGE="/Game/Levels/Main" FILE="../../../../../../Git/Saf/GameUniHack/PixelPerfect/Content/Levels/Main.umap" SILENT=true AUTOSAVING=false KEEPDIRTY=false
[2025.11.16-12.11.08:967][390]LogUObjectHash: Compacting FUObjectHashTables data took   0.43ms
[2025.11.16-12.11.09:025][390]LogSavePackage: Moving '../../../../../../Git/Saf/GameUniHack/PixelPerfect/Saved/MainB2F51B144E47BB99C203829F172FF9CF.tmp' to '../../../../../../Git/Saf/GameUniHack/PixelPerfect/Content/Levels/Main.umap'
[2025.11.16-12.11.09:063][390]AssetCheck: New page: Asset Save: Main
[2025.11.16-12.11.09:063][390]LogContentValidation: Display: Validating World /Game/Levels/Main.Main
[2025.11.16-12.11.14:731][728]LogEditorViewport: Clicking on Actor (LMB): StaticMeshActor (BOX_Asset85)
[2025.11.16-12.11.14:828][732]Cmd: EDIT CUT
[2025.11.16-12.11.14:836][732]LogEditorActor: Deleted Actor: StaticMeshActor
[2025.11.16-12.11.14:862][732]LogUObjectHash: Compacting FUObjectHashTables data took   0.55ms
[2025.11.16-12.11.14:863][732]LogEditorActor: Deleted 1 Actors (0.029 secs)
[2025.11.16-12.11.15:088][743]Cmd: OBJ SAVEPACKAGE PACKAGE="/Game/Levels/Main" FILE="../../../../../../Git/Saf/GameUniHack/PixelPerfect/Content/Levels/Main.umap" SILENT=true AUTOSAVING=false KEEPDIRTY=false
[2025.11.16-12.11.15:120][743]LogUObjectHash: Compacting FUObjectHashTables data took   0.40ms
[2025.11.16-12.11.15:173][743]LogSavePackage: Moving '../../../../../../Git/Saf/GameUniHack/PixelPerfect/Saved/MainC210999942A50BF730F7E8BE226E031D.tmp' to '../../../../../../Git/Saf/GameUniHack/PixelPerfect/Content/Levels/Main.umap'
[2025.11.16-12.11.15:211][743]AssetCheck: New page: Asset Save: Main
[2025.11.16-12.11.15:211][743]LogContentValidation: Display: Validating World /Game/Levels/Main.Main
[2025.11.16-12.11.18:871][962]LogEditorViewport: Clicking on Actor (LMB): StaticMeshActor (BOX_Asset44)
[2025.11.16-12.11.19:047][971]Cmd: EDIT COPY
[2025.11.16-12.11.19:249][983]Cmd: EDIT PASTE
[2025.11.16-12.11.21:024][ 69]Cmd: EDIT COPY
[2025.11.16-12.11.21:336][ 87]Cmd: EDIT PASTE
[2025.11.16-12.11.24:868][295]LogEditorViewport: Clicking on Actor (LMB): Phone_C (Phone4)
[2025.11.16-12.11.27:532][451]LogEditorViewport: Clicking on Actor (LMB): StaticMeshActor (BOX_Asset97)
[2025.11.16-12.11.31:847][687]LogEditorViewport: Clicking on Actor (LMB): StaticMeshActor (Warehouse)
[2025.11.16-12.11.31:966][689]Cmd: OBJ SAVEPACKAGE PACKAGE="/Game/Levels/Main" FILE="../../../../../../Git/Saf/GameUniHack/PixelPerfect/Content/Levels/Main.umap" SILENT=true AUTOSAVING=false KEEPDIRTY=false
[2025.11.16-12.11.32:001][689]LogUObjectHash: Compacting FUObjectHashTables data took   1.21ms
[2025.11.16-12.11.32:060][689]LogSavePackage: Moving '../../../../../../Git/Saf/GameUniHack/PixelPerfect/Saved/MainDEA79DEB4304F107C307F69D143088C1.tmp' to '../../../../../../Git/Saf/GameUniHack/PixelPerfect/Content/Levels/Main.umap'
[2025.11.16-12.11.32:106][689]AssetCheck: New page: Asset Save: Main
[2025.11.16-12.11.32:106][689]LogContentValidation: Display: Validating World /Game/Levels/Main.Main
[2025.11.16-12.11.37:962][ 38]Cmd: OBJ SAVEPACKAGE PACKAGE="/Game/Levels/Main" FILE="../../../../../../Git/Saf/GameUniHack/PixelPerfect/Content/Levels/Main.umap" SILENT=true AUTOSAVING=false KEEPDIRTY=false
[2025.11.16-12.11.37:984][ 38]LogUObjectHash: Compacting FUObjectHashTables data took   0.61ms
[2025.11.16-12.11.38:045][ 38]LogSavePackage: Moving '../../../../../../Git/Saf/GameUniHack/PixelPerfect/Saved/Main9D0E9D124679F45098A9CA9541121FB7.tmp' to '../../../../../../Git/Saf/GameUniHack/PixelPerfect/Content/Levels/Main.umap'
[2025.11.16-12.11.38:089][ 38]AssetCheck: New page: Asset Save: Main
[2025.11.16-12.11.38:089][ 38]LogContentValidation: Display: Validating World /Game/Levels/Main.Main
[2025.11.16-12.11.46:494][542]LogTemp: Repeating last play command: Selected Viewport
[2025.11.16-12.11.46:510][542]LogPlayLevel: PlayLevel: No blueprints needed recompiling
[2025.11.16-12.11.46:510][542]PIE: New page: PIE session: Main (Nov 16, 2025, 4:11:46 PM)
[2025.11.16-12.11.46:510][542]LogPlayLevel: Creating play world package: /Game/Levels/UEDPIE_0_Main
[2025.11.16-12.11.46:521][542]LogPlayLevel: PIE: StaticDuplicateObject took: (0.011671s)
[2025.11.16-12.11.46:523][542]LogAIModule: Creating AISystem for world Main
[2025.11.16-12.11.46:523][542]LogAISub: UAISubsystem::UAISubsystem EnvQueryManager (000001C1B2E43800), frame # 81542
[2025.11.16-12.11.46:523][542]LogAISub: UAISubsystem::UAISubsystem AIPerceptionSystem (000001C1C3EA3100), frame # 81542
[2025.11.16-12.11.46:523][542]LogPlayLevel: PIE: World Init took: (0.001308s)
[2025.11.16-12.11.46:523][542]LogPlayLevel: PIE: Created PIE world by copying editor world from /Game/Levels/Main.Main to /Game/Levels/UEDPIE_0_Main.Main (0.013119s)
[2025.11.16-12.11.46:546][542]LogUObjectHash: Compacting FUObjectHashTables data took   1.54ms
[2025.11.16-12.11.46:549][542]LogAudioMixer: Display: Audio Mixer Platform Settings:
[2025.11.16-12.11.46:549][542]LogAudioMixer: Display: 	Sample Rate:						  48000
[2025.11.16-12.11.46:549][542]LogAudioMixer: Display: 	Callback Buffer Frame Size Requested: 1024
[2025.11.16-12.11.46:549][542]LogAudioMixer: Display: 	Callback Buffer Frame Size To Use:	  1024
[2025.11.16-12.11.46:549][542]LogAudioMixer: Display: 	Number of buffers to queue:			  2
[2025.11.16-12.11.46:549][542]LogAudioMixer: Display: 	Max Channels (voices):				  32
[2025.11.16-12.11.46:549][542]LogAudioMixer: Display: 	Number of Async Source Workers:		  0
[2025.11.16-12.11.46:549][542]LogAudio: Display: AudioDevice MaxSources: 32
[2025.11.16-12.11.46:549][542]LogAudio: Display: Using built-in audio occlusion.
[2025.11.16-12.11.46:549][542]LogAudioMixer: Display: Initializing audio mixer.
[2025.11.16-12.11.46:553][542]LogAudioMixer: Display: 0: FrontLeft
[2025.11.16-12.11.46:553][542]LogAudioMixer: Display: 1: FrontRight
[2025.11.16-12.11.46:566][542]LogAudioMixer: Display: Using Audio Device FxSound Speakers (FxSound Audio Enhancer)
[2025.11.16-12.11.46:566][542]LogAudioMixer: Display: Initializing Sound Submixes...
[2025.11.16-12.11.46:566][542]LogAudioMixer: Display: Creating Master Submix 'MasterSubmixDefault'
[2025.11.16-12.11.46:566][542]LogAudioMixer: Display: Creating Master Submix 'MasterReverbSubmixDefault'
[2025.11.16-12.11.46:566][542]LogAudioMixer: Display: Creating Master Submix 'MasterEQSubmixDefault'
[2025.11.16-12.11.46:585][542]LogInit: FAudioDevice initialized.
[2025.11.16-12.11.46:593][542]LogLoad: Game class is 'PlayerGameModeBase_C'
[2025.11.16-12.11.46:597][542]LogWorld: Bringing World /Game/Levels/UEDPIE_0_Main.Main up for play (max tick rate 60) at 2025.11.16-14.11.46
[2025.11.16-12.11.46:598][542]LogWorld: Bringing up level for play took: 0.004343
[2025.11.16-12.11.46:598][542]LogOnline: OSS: Creating online subsystem instance for: :Context_37
[2025.11.16-12.11.46:603][542]PIE: Server logged in
[2025.11.16-12.11.46:604][542]PIE: Play in editor total start time 0.095 seconds.
[2025.11.16-12.11.56:376][128]LogBlueprintUserMessages: [ComputerBoss_2] AHHH

[2025.11.16-12.12.06:063][708]LogPlayerController: Error: InputMode:UIOnly - Attempting to focus Non-Focusable widget SObjectWidget [Widget.cpp(799)]!
[2025.11.16-12.12.07:161][774]LogBlueprintUserMessages: [ComputerBoss_2] AHHH

[2025.11.16-12.12.26:140][904]LogSlate: Updating window title bar state: overlay mode, drag disabled, window buttons hidden, title bar hidden
[2025.11.16-12.12.26:140][904]LogWorld: BeginTearingDown for /Game/Levels/UEDPIE_0_Main
[2025.11.16-12.12.26:140][904]LogWorld: UWorld::CleanupWorld for Main, bSessionEnded=true, bCleanupResources=true
[2025.11.16-12.12.26:141][904]LogSlate: InvalidateAllWidgets triggered.  All widgets were invalidated
[2025.11.16-12.12.26:158][904]LogPlayLevel: Display: Shutting down PIE online subsystems
[2025.11.16-12.12.26:160][904]LogSlate: InvalidateAllWidgets triggered.  All widgets were invalidated
[2025.11.16-12.12.26:192][904]LogSlate: Updating window title bar state: overlay mode, drag disabled, window buttons hidden, title bar hidden
[2025.11.16-12.12.26:214][904]LogAISub: UAISubsystem::~UAISubsystem AIPerceptionSystem (000001C1C3EA3100), frame # 83904
[2025.11.16-12.12.26:214][904]LogAISub: UAISubsystem::~UAISubsystem EnvQueryManager (000001C1B2E43800), frame # 83904
[2025.11.16-12.12.26:216][904]LogUObjectHash: Compacting FUObjectHashTables data took   1.88ms
[2025.11.16-12.12.26:248][905]LogPlayLevel: Display: Destroying online subsystem :Context_37
[2025.11.16-12.12.30:371][151]LogEditorViewport: Clicking on Actor (LMB): Train_C (Train)
[2025.11.16-12.12.32:690][288]Cmd: EDIT CUT
[2025.11.16-12.12.32:698][288]LogEditorActor: Deleted Actor: Train_C
[2025.11.16-12.12.32:733][288]LogUObjectHash: Compacting FUObjectHashTables data took   2.06ms
[2025.11.16-12.12.32:736][288]LogEditorActor: Deleted 1 Actors (0.041 secs)
[2025.11.16-12.12.33:096][307]Cmd: OBJ SAVEPACKAGE PACKAGE="/Game/Levels/Main" FILE="../../../../../../Git/Saf/GameUniHack/PixelPerfect/Content/Levels/Main.umap" SILENT=true AUTOSAVING=false KEEPDIRTY=false
[2025.11.16-12.12.33:135][307]LogUObjectHash: Compacting FUObjectHashTables data took   0.53ms
[2025.11.16-12.12.33:190][307]LogSavePackage: Moving '../../../../../../Git/Saf/GameUniHack/PixelPerfect/Saved/MainE89E79EC422E6B25E09BCF94775987AC.tmp' to '../../../../../../Git/Saf/GameUniHack/PixelPerfect/Content/Levels/Main.umap'
[2025.11.16-12.12.33:237][307]AssetCheck: New page: Asset Save: Main
[2025.11.16-12.12.33:237][307]LogContentValidation: Display: Validating World /Game/Levels/Main.Main
[2025.11.16-12.13.05:761][186]Cmd: OBJ SAVEPACKAGE PACKAGE="/Game/Levels/Main" FILE="../../../../../../Git/Saf/GameUniHack/PixelPerfect/Content/Levels/Main.umap" SILENT=true AUTOSAVING=false KEEPDIRTY=false
[2025.11.16-12.13.05:796][186]LogUObjectHash: Compacting FUObjectHashTables data took   1.29ms
[2025.11.16-12.13.05:858][186]LogSavePackage: Moving '../../../../../../Git/Saf/GameUniHack/PixelPerfect/Saved/Main5D4DDDDF48103A81165E5B9A4488E502.tmp' to '../../../../../../Git/Saf/GameUniHack/PixelPerfect/Content/Levels/Main.umap'
[2025.11.16-12.13.05:902][186]AssetCheck: New page: Asset Save: Main
[2025.11.16-12.13.05:902][186]LogContentValidation: Display: Validating World /Game/Levels/Main.Main
[2025.11.16-12.13.14:140][665]Cmd: OBJ SAVEPACKAGE PACKAGE="/Game/Levels/Main" FILE="../../../../../../Git/Saf/GameUniHack/PixelPerfect/Content/Levels/Main.umap" SILENT=true AUTOSAVING=false KEEPDIRTY=false
[2025.11.16-12.13.14:173][665]LogUObjectHash: Compacting FUObjectHashTables data took   1.30ms
[2025.11.16-12.13.14:235][665]LogSavePackage: Moving '../../../../../../Git/Saf/GameUniHack/PixelPerfect/Saved/Main453915F84003C5C14037E6BE08C9DAF4.tmp' to '../../../../../../Git/Saf/GameUniHack/PixelPerfect/Content/Levels/Main.umap'
[2025.11.16-12.13.14:279][665]AssetCheck: New page: Asset Save: Main
[2025.11.16-12.13.14:279][665]LogContentValidation: Display: Validating World /Game/Levels/Main.Main
[2025.11.16-12.13.17:397][841]Cmd: OBJ SAVEPACKAGE PACKAGE="/Game/Levels/Main" FILE="../../../../../../Git/Saf/GameUniHack/PixelPerfect/Content/Levels/Main.umap" SILENT=true AUTOSAVING=false KEEPDIRTY=false
[2025.11.16-12.13.17:434][841]LogUObjectHash: Compacting FUObjectHashTables data took   1.15ms
[2025.11.16-12.13.17:489][841]LogSavePackage: Moving '../../../../../../Git/Saf/GameUniHack/PixelPerfect/Saved/MainAFA15BDB4329B5EAF4E270824DF3DFD5.tmp' to '../../../../../../Git/Saf/GameUniHack/PixelPerfect/Content/Levels/Main.umap'
[2025.11.16-12.13.17:529][841]AssetCheck: New page: Asset Save: Main
[2025.11.16-12.13.17:529][841]LogContentValidation: Display: Validating World /Game/Levels/Main.Main
[2025.11.16-12.13.18:800][917]LogTemp: Repeating last play command: Selected Viewport
[2025.11.16-12.13.18:816][917]LogPlayLevel: PlayLevel: No blueprints needed recompiling
[2025.11.16-12.13.18:816][917]PIE: New page: PIE session: Main (Nov 16, 2025, 4:13:18 PM)
[2025.11.16-12.13.18:816][917]LogPlayLevel: Creating play world package: /Game/Levels/UEDPIE_0_Main
[2025.11.16-12.13.18:826][917]LogPlayLevel: PIE: StaticDuplicateObject took: (0.009276s)
[2025.11.16-12.13.18:826][917]LogAIModule: Creating AISystem for world Main
[2025.11.16-12.13.18:826][917]LogAISub: UAISubsystem::UAISubsystem EnvQueryManager (000001C152353800), frame # 86917
[2025.11.16-12.13.18:826][917]LogAISub: UAISubsystem::UAISubsystem AIPerceptionSystem (000001C2198F9440), frame # 86917
[2025.11.16-12.13.18:827][917]LogPlayLevel: PIE: World Init took: (0.001026s)
[2025.11.16-12.13.18:827][917]LogPlayLevel: PIE: Created PIE world by copying editor world from /Game/Levels/Main.Main to /Game/Levels/UEDPIE_0_Main.Main (0.010426s)
[2025.11.16-12.13.18:849][917]LogUObjectHash: Compacting FUObjectHashTables data took   1.39ms
[2025.11.16-12.13.18:851][917]LogAudioMixer: Display: Audio Mixer Platform Settings:
[2025.11.16-12.13.18:851][917]LogAudioMixer: Display: 	Sample Rate:						  48000
[2025.11.16-12.13.18:851][917]LogAudioMixer: Display: 	Callback Buffer Frame Size Requested: 1024
[2025.11.16-12.13.18:851][917]LogAudioMixer: Display: 	Callback Buffer Frame Size To Use:	  1024
[2025.11.16-12.13.18:851][917]LogAudioMixer: Display: 	Number of buffers to queue:			  2
[2025.11.16-12.13.18:851][917]LogAudioMixer: Display: 	Max Channels (voices):				  32
[2025.11.16-12.13.18:851][917]LogAudioMixer: Display: 	Number of Async Source Workers:		  0
[2025.11.16-12.13.18:851][917]LogAudio: Display: AudioDevice MaxSources: 32
[2025.11.16-12.13.18:851][917]LogAudio: Display: Using built-in audio occlusion.
[2025.11.16-12.13.18:851][917]LogAudioMixer: Display: Initializing audio mixer.
[2025.11.16-12.13.18:856][917]LogAudioMixer: Display: 0: FrontLeft
[2025.11.16-12.13.18:856][917]LogAudioMixer: Display: 1: FrontRight
[2025.11.16-12.13.18:870][917]LogAudioMixer: Display: Using Audio Device FxSound Speakers (FxSound Audio Enhancer)
[2025.11.16-12.13.18:870][917]LogAudioMixer: Display: Initializing Sound Submixes...
[2025.11.16-12.13.18:870][917]LogAudioMixer: Display: Creating Master Submix 'MasterSubmixDefault'
[2025.11.16-12.13.18:870][917]LogAudioMixer: Display: Creating Master Submix 'MasterReverbSubmixDefault'
[2025.11.16-12.13.18:871][917]LogAudioMixer: Display: Creating Master Submix 'MasterEQSubmixDefault'
[2025.11.16-12.13.18:886][917]LogInit: FAudioDevice initialized.
[2025.11.16-12.13.18:891][917]LogLoad: Game class is 'PlayerGameModeBase_C'
[2025.11.16-12.13.18:896][917]LogWorld: Bringing World /Game/Levels/UEDPIE_0_Main.Main up for play (max tick rate 60) at 2025.11.16-14.13.18
[2025.11.16-12.13.18:896][917]LogWorld: Bringing up level for play took: 0.004195
[2025.11.16-12.13.18:897][917]LogOnline: OSS: Creating online subsystem instance for: :Context_39
[2025.11.16-12.13.18:904][917]PIE: Server logged in
[2025.11.16-12.13.18:905][917]PIE: Play in editor total start time 0.089 seconds.
[2025.11.16-12.13.22:533][134]LogBlueprintUserMessages: [GrabCamera2_2] Hello
[2025.11.16-12.13.24:690][261]LogSlate: Updating window title bar state: overlay mode, drag disabled, window buttons hidden, title bar hidden
[2025.11.16-12.13.24:690][261]LogWorld: BeginTearingDown for /Game/Levels/UEDPIE_0_Main
[2025.11.16-12.13.24:691][261]LogWorld: UWorld::CleanupWorld for Main, bSessionEnded=true, bCleanupResources=true
[2025.11.16-12.13.24:691][261]LogSlate: InvalidateAllWidgets triggered.  All widgets were invalidated
[2025.11.16-12.13.24:709][261]LogPlayLevel: Display: Shutting down PIE online subsystems
[2025.11.16-12.13.24:711][261]LogSlate: InvalidateAllWidgets triggered.  All widgets were invalidated
[2025.11.16-12.13.24:750][261]LogSlate: Updating window title bar state: overlay mode, drag disabled, window buttons hidden, title bar hidden
[2025.11.16-12.13.24:781][261]LogAISub: UAISubsystem::~UAISubsystem AIPerceptionSystem (000001C2198F9440), frame # 87261
[2025.11.16-12.13.24:781][261]LogAISub: UAISubsystem::~UAISubsystem EnvQueryManager (000001C152353800), frame # 87261
[2025.11.16-12.13.24:784][261]LogUObjectHash: Compacting FUObjectHashTables data took   1.71ms
[2025.11.16-12.13.24:818][262]LogPlayLevel: Display: Destroying online subsystem :Context_39
[2025.11.16-12.13.43:551][345]Cmd: OBJ SAVEPACKAGE PACKAGE="/Game/Levels/Main" FILE="../../../../../../Git/Saf/GameUniHack/PixelPerfect/Content/Levels/Main.umap" SILENT=true AUTOSAVING=false KEEPDIRTY=false
[2025.11.16-12.13.43:589][345]LogUObjectHash: Compacting FUObjectHashTables data took   1.77ms
[2025.11.16-12.13.43:649][345]LogSavePackage: Moving '../../../../../../Git/Saf/GameUniHack/PixelPerfect/Saved/Main733746744D269DE18DF92CBA38A3CA20.tmp' to '../../../../../../Git/Saf/GameUniHack/PixelPerfect/Content/Levels/Main.umap'
[2025.11.16-12.13.43:698][345]AssetCheck: New page: Asset Save: Main
[2025.11.16-12.13.43:698][345]LogContentValidation: Display: Validating World /Game/Levels/Main.Main
[2025.11.16-12.13.55:317][ 16]Cmd: EDIT COPY
[2025.11.16-12.13.55:469][ 25]Cmd: EDIT PASTE
[2025.11.16-12.13.59:970][267]Cmd: EDIT COPY
[2025.11.16-12.14.00:145][277]Cmd: EDIT PASTE
[2025.11.16-12.14.04:418][507]Cmd: EDIT COPY
[2025.11.16-12.14.04:618][519]Cmd: EDIT PASTE
[2025.11.16-12.14.05:861][571]LogEditorViewport: Clicking on Actor (LMB): Physics_IDK_C (Physics_IDK8)
[2025.11.16-12.14.07:256][653]LogEditorViewport: Clicking on Actor (LMB): Physics_IDK_C (Physics_IDK10)
[2025.11.16-12.14.12:868][984]Cmd: EDIT COPY
[2025.11.16-12.14.13:051][995]Cmd: EDIT PASTE
[2025.11.16-12.14.16:839][198]Cmd: EDIT COPY
[2025.11.16-12.14.17:057][211]Cmd: EDIT PASTE
[2025.11.16-12.14.20:889][414]Cmd: OBJ SAVEPACKAGE PACKAGE="/Game/Levels/Main" FILE="../../../../../../Git/Saf/GameUniHack/PixelPerfect/Content/Levels/Main.umap" SILENT=true AUTOSAVING=false KEEPDIRTY=false
[2025.11.16-12.14.20:940][414]LogUObjectHash: Compacting FUObjectHashTables data took   1.16ms
[2025.11.16-12.14.21:008][414]LogSavePackage: Moving '../../../../../../Git/Saf/GameUniHack/PixelPerfect/Saved/Main240FCD304469B0E94EC4D1B466550C8D.tmp' to '../../../../../../Git/Saf/GameUniHack/PixelPerfect/Content/Levels/Main.umap'
[2025.11.16-12.14.21:053][414]AssetCheck: New page: Asset Save: Main
[2025.11.16-12.14.21:053][414]LogContentValidation: Display: Validating World /Game/Levels/Main.Main
[2025.11.16-12.14.23:638][569]LogEditorViewport: Clicking on Actor (LMB): BP_Sky_Sphere_C (BP_Sky_Sphere)
[2025.11.16-12.14.23:808][576]Cmd: OBJ SAVEPACKAGE PACKAGE="/Game/Levels/Main" FILE="../../../../../../Git/Saf/GameUniHack/PixelPerfect/Content/Levels/Main.umap" SILENT=true AUTOSAVING=false KEEPDIRTY=false
[2025.11.16-12.14.23:840][576]LogUObjectHash: Compacting FUObjectHashTables data took   1.29ms
[2025.11.16-12.14.23:896][576]LogSavePackage: Moving '../../../../../../Git/Saf/GameUniHack/PixelPerfect/Saved/Main87C464554D2A3C33A0094BA52648CC22.tmp' to '../../../../../../Git/Saf/GameUniHack/PixelPerfect/Content/Levels/Main.umap'
[2025.11.16-12.14.23:939][576]AssetCheck: New page: Asset Save: Main
[2025.11.16-12.14.23:939][576]LogContentValidation: Display: Validating World /Game/Levels/Main.Main
[2025.11.16-12.14.26:645][738]LogTemp: Repeating last play command: Selected Viewport
[2025.11.16-12.14.26:663][738]LogPlayLevel: PlayLevel: No blueprints needed recompiling
[2025.11.16-12.14.26:663][738]PIE: New page: PIE session: Main (Nov 16, 2025, 4:14:26 PM)
[2025.11.16-12.14.26:663][738]LogPlayLevel: Creating play world package: /Game/Levels/UEDPIE_0_Main
[2025.11.16-12.14.26:673][738]LogPlayLevel: PIE: StaticDuplicateObject took: (0.009921s)
[2025.11.16-12.14.26:674][738]LogAIModule: Creating AISystem for world Main
[2025.11.16-12.14.26:674][738]LogAISub: UAISubsystem::UAISubsystem EnvQueryManager (000001C136A7AE00), frame # 90738
[2025.11.16-12.14.26:674][738]LogAISub: UAISubsystem::UAISubsystem AIPerceptionSystem (000001C26BF0F600), frame # 90738
[2025.11.16-12.14.26:674][738]LogPlayLevel: PIE: World Init took: (0.001233s)
[2025.11.16-12.14.26:674][738]LogPlayLevel: PIE: Created PIE world by copying editor world from /Game/Levels/Main.Main to /Game/Levels/UEDPIE_0_Main.Main (0.011281s)
[2025.11.16-12.14.26:705][738]LogUObjectHash: Compacting FUObjectHashTables data took   1.41ms
[2025.11.16-12.14.26:707][738]LogAudioMixer: Display: Audio Mixer Platform Settings:
[2025.11.16-12.14.26:707][738]LogAudioMixer: Display: 	Sample Rate:						  48000
[2025.11.16-12.14.26:707][738]LogAudioMixer: Display: 	Callback Buffer Frame Size Requested: 1024
[2025.11.16-12.14.26:707][738]LogAudioMixer: Display: 	Callback Buffer Frame Size To Use:	  1024
[2025.11.16-12.14.26:707][738]LogAudioMixer: Display: 	Number of buffers to queue:			  2
[2025.11.16-12.14.26:707][738]LogAudioMixer: Display: 	Max Channels (voices):				  32
[2025.11.16-12.14.26:707][738]LogAudioMixer: Display: 	Number of Async Source Workers:		  0
[2025.11.16-12.14.26:707][738]LogAudio: Display: AudioDevice MaxSources: 32
[2025.11.16-12.14.26:708][738]LogAudio: Display: Using built-in audio occlusion.
[2025.11.16-12.14.26:708][738]LogAudioMixer: Display: Initializing audio mixer.
[2025.11.16-12.14.26:711][738]LogAudioMixer: Display: 0: FrontLeft
[2025.11.16-12.14.26:711][738]LogAudioMixer: Display: 1: FrontRight
[2025.11.16-12.14.26:723][738]LogAudioMixer: Display: Using Audio Device FxSound Speakers (FxSound Audio Enhancer)
[2025.11.16-12.14.26:724][738]LogAudioMixer: Display: Initializing Sound Submixes...
[2025.11.16-12.14.26:724][738]LogAudioMixer: Display: Creating Master Submix 'MasterSubmixDefault'
[2025.11.16-12.14.26:724][738]LogAudioMixer: Display: Creating Master Submix 'MasterReverbSubmixDefault'
[2025.11.16-12.14.26:724][738]LogAudioMixer: Display: Creating Master Submix 'MasterEQSubmixDefault'
[2025.11.16-12.14.26:739][738]LogInit: FAudioDevice initialized.
[2025.11.16-12.14.26:750][738]LogLoad: Game class is 'PlayerGameModeBase_C'
[2025.11.16-12.14.26:756][738]LogWorld: Bringing World /Game/Levels/UEDPIE_0_Main.Main up for play (max tick rate 60) at 2025.11.16-14.14.26
[2025.11.16-12.14.26:758][738]LogWorld: Bringing up level for play took: 0.005736
[2025.11.16-12.14.26:758][738]LogOnline: OSS: Creating online subsystem instance for: :Context_40
[2025.11.16-12.14.26:760][738]PIE: Server logged in
[2025.11.16-12.14.26:761][738]PIE: Play in editor total start time 0.1 seconds.
[2025.11.16-12.14.33:715][154]LogBlueprintUserMessages: [ye_7] Hello
[2025.11.16-12.14.33:715][154]LogBlueprintUserMessages: [ye_7] Hello
[2025.11.16-12.15.00:154][737]LogBlueprintUserMessages: [GrabCamera2_2] Hello
[2025.11.16-12.15.28:610][441]LogBlueprintUserMessages: [GrabCamera2_2] Hello
[2025.11.16-12.15.32:640][681]LogSlate: Updating window title bar state: overlay mode, drag disabled, window buttons hidden, title bar hidden
[2025.11.16-12.15.32:640][681]LogWorld: BeginTearingDown for /Game/Levels/UEDPIE_0_Main
[2025.11.16-12.15.32:640][681]LogWorld: UWorld::CleanupWorld for Main, bSessionEnded=true, bCleanupResources=true
[2025.11.16-12.15.32:641][681]LogSlate: InvalidateAllWidgets triggered.  All widgets were invalidated
[2025.11.16-12.15.32:651][681]LogPlayLevel: Display: Shutting down PIE online subsystems
[2025.11.16-12.15.32:655][681]LogSlate: InvalidateAllWidgets triggered.  All widgets were invalidated
[2025.11.16-12.15.32:706][681]LogSlate: Updating window title bar state: overlay mode, drag disabled, window buttons hidden, title bar hidden
[2025.11.16-12.15.32:708][681]LogAISub: UAISubsystem::~UAISubsystem AIPerceptionSystem (000001C26BF0F600), frame # 94681
[2025.11.16-12.15.32:708][681]LogAISub: UAISubsystem::~UAISubsystem EnvQueryManager (000001C136A7AE00), frame # 94681
[2025.11.16-12.15.32:711][681]LogUObjectHash: Compacting FUObjectHashTables data took   1.43ms
[2025.11.16-12.15.32:741][682]LogPlayLevel: Display: Destroying online subsystem :Context_40
[2025.11.16-12.15.34:022][755]Cmd: OBJ SAVEPACKAGE PACKAGE="/Game/Levels/Main" FILE="../../../../../../Git/Saf/GameUniHack/PixelPerfect/Content/Levels/Main.umap" SILENT=true AUTOSAVING=false KEEPDIRTY=false
[2025.11.16-12.15.34:055][755]LogUObjectHash: Compacting FUObjectHashTables data took   1.55ms
[2025.11.16-12.15.34:113][755]LogSavePackage: Moving '../../../../../../Git/Saf/GameUniHack/PixelPerfect/Saved/Main1CE012C34AF85EB492EFA095E237A169.tmp' to '../../../../../../Git/Saf/GameUniHack/PixelPerfect/Content/Levels/Main.umap'
[2025.11.16-12.15.34:154][755]AssetCheck: New page: Asset Save: Main
[2025.11.16-12.15.34:154][755]LogContentValidation: Display: Validating World /Game/Levels/Main.Main
[2025.11.16-12.15.36:922][921]LogEditorViewport: Clicking on Actor (context menu): StaticMeshActor (TableSmall2)
[2025.11.16-12.15.50:366][720]Cmd: OBJ SAVEPACKAGE PACKAGE="/Game/Levels/Main" FILE="../../../../../../Git/Saf/GameUniHack/PixelPerfect/Content/Levels/Main.umap" SILENT=true AUTOSAVING=false KEEPDIRTY=false
[2025.11.16-12.15.50:393][720]LogUObjectHash: Compacting FUObjectHashTables data took   0.71ms
[2025.11.16-12.15.50:448][720]LogSavePackage: Moving '../../../../../../Git/Saf/GameUniHack/PixelPerfect/Saved/MainEB461D184A7CD21585CB6C91D7FE28A1.tmp' to '../../../../../../Git/Saf/GameUniHack/PixelPerfect/Content/Levels/Main.umap'
[2025.11.16-12.15.50:491][720]AssetCheck: New page: Asset Save: Main
[2025.11.16-12.15.50:491][720]LogContentValidation: Display: Validating World /Game/Levels/Main.Main
[2025.11.16-12.15.53:527][902]LogTemp: Repeating last play command: Selected Viewport
[2025.11.16-12.15.53:543][902]LogPlayLevel: PlayLevel: No blueprints needed recompiling
[2025.11.16-12.15.53:543][902]PIE: New page: PIE session: Main (Nov 16, 2025, 4:15:53 PM)
[2025.11.16-12.15.53:543][902]LogPlayLevel: Creating play world package: /Game/Levels/UEDPIE_0_Main
[2025.11.16-12.15.53:554][902]LogPlayLevel: PIE: StaticDuplicateObject took: (0.010774s)
[2025.11.16-12.15.53:555][902]LogAIModule: Creating AISystem for world Main
[2025.11.16-12.15.53:555][902]LogAISub: UAISubsystem::UAISubsystem EnvQueryManager (000001C1D8334600), frame # 95902
[2025.11.16-12.15.53:555][902]LogAISub: UAISubsystem::UAISubsystem AIPerceptionSystem (000001C26B2811C0), frame # 95902
[2025.11.16-12.15.53:555][902]LogPlayLevel: PIE: World Init took: (0.001038s)
[2025.11.16-12.15.53:555][902]LogPlayLevel: PIE: Created PIE world by copying editor world from /Game/Levels/Main.Main to /Game/Levels/UEDPIE_0_Main.Main (0.011956s)
[2025.11.16-12.15.53:586][902]LogUObjectHash: Compacting FUObjectHashTables data took   1.81ms
[2025.11.16-12.15.53:588][902]LogAudioMixer: Display: Audio Mixer Platform Settings:
[2025.11.16-12.15.53:588][902]LogAudioMixer: Display: 	Sample Rate:						  48000
[2025.11.16-12.15.53:588][902]LogAudioMixer: Display: 	Callback Buffer Frame Size Requested: 1024
[2025.11.16-12.15.53:588][902]LogAudioMixer: Display: 	Callback Buffer Frame Size To Use:	  1024
[2025.11.16-12.15.53:588][902]LogAudioMixer: Display: 	Number of buffers to queue:			  2
[2025.11.16-12.15.53:588][902]LogAudioMixer: Display: 	Max Channels (voices):				  32
[2025.11.16-12.15.53:588][902]LogAudioMixer: Display: 	Number of Async Source Workers:		  0
[2025.11.16-12.15.53:588][902]LogAudio: Display: AudioDevice MaxSources: 32
[2025.11.16-12.15.53:588][902]LogAudio: Display: Using built-in audio occlusion.
[2025.11.16-12.15.53:588][902]LogAudioMixer: Display: Initializing audio mixer.
[2025.11.16-12.15.53:591][902]LogAudioMixer: Display: 0: FrontLeft
[2025.11.16-12.15.53:591][902]LogAudioMixer: Display: 1: FrontRight
[2025.11.16-12.15.53:605][902]LogAudioMixer: Display: Using Audio Device FxSound Speakers (FxSound Audio Enhancer)
[2025.11.16-12.15.53:605][902]LogAudioMixer: Display: Initializing Sound Submixes...
[2025.11.16-12.15.53:605][902]LogAudioMixer: Display: Creating Master Submix 'MasterSubmixDefault'
[2025.11.16-12.15.53:605][902]LogAudioMixer: Display: Creating Master Submix 'MasterReverbSubmixDefault'
[2025.11.16-12.15.53:606][902]LogAudioMixer: Display: Creating Master Submix 'MasterEQSubmixDefault'
[2025.11.16-12.15.53:623][902]LogInit: FAudioDevice initialized.
[2025.11.16-12.15.53:631][902]LogLoad: Game class is 'PlayerGameModeBase_C'
[2025.11.16-12.15.53:636][902]LogWorld: Bringing World /Game/Levels/UEDPIE_0_Main.Main up for play (max tick rate 60) at 2025.11.16-14.15.53
[2025.11.16-12.15.53:638][902]LogWorld: Bringing up level for play took: 0.006058
[2025.11.16-12.15.53:640][902]LogOnline: OSS: Creating online subsystem instance for: :Context_41
[2025.11.16-12.15.53:644][902]PIE: Server logged in
[2025.11.16-12.15.53:645][902]PIE: Play in editor total start time 0.103 seconds.
[2025.11.16-12.16.29:042][ 20]LogBlueprintUserMessages: [GrabCamera2_2] Hello
[2025.11.16-12.16.37:427][523]LogPawn: Error: DisableInput can only be specified on a Pawn for its Controller
[2025.11.16-12.16.37:429][523]LogSlate: Updating window title bar state: overlay mode, drag disabled, window buttons hidden, title bar hidden
[2025.11.16-12.16.38:428][583]LogNet: Browse: /Game/Levels/Main
[2025.11.16-12.16.38:428][583]LogLoad: LoadMap: /Game/Levels/Main
[2025.11.16-12.16.38:428][583]LogWorld: BeginTearingDown for /Game/Levels/UEDPIE_0_Main
[2025.11.16-12.16.38:429][583]LogWorld: UWorld::CleanupWorld for Main, bSessionEnded=true, bCleanupResources=true
[2025.11.16-12.16.38:431][583]LogSlate: InvalidateAllWidgets triggered.  All widgets were invalidated
[2025.11.16-12.16.38:471][583]LogAISub: UAISubsystem::~UAISubsystem AIPerceptionSystem (000001C26B2811C0), frame # 98583
[2025.11.16-12.16.38:471][583]LogAISub: UAISubsystem::~UAISubsystem EnvQueryManager (000001C1D8334600), frame # 98583
[2025.11.16-12.16.38:474][583]LogUObjectHash: Compacting FUObjectHashTables data took   1.52ms
[2025.11.16-12.16.38:475][583]LogPlayLevel: Creating play world package: /Game/Levels/UEDPIE_0_Main
[2025.11.16-12.16.38:485][583]LogPlayLevel: PIE: StaticDuplicateObject took: (0.009982s)
[2025.11.16-12.16.38:486][583]LogAIModule: Creating AISystem for world Main
[2025.11.16-12.16.38:486][583]LogAISub: UAISubsystem::UAISubsystem EnvQueryManager (000001C1D8336400), frame # 98583
[2025.11.16-12.16.38:486][583]LogAISub: UAISubsystem::UAISubsystem AIPerceptionSystem (000001C1323160C0), frame # 98583
[2025.11.16-12.16.38:486][583]LogPlayLevel: PIE: World Init took: (0.000952s)
[2025.11.16-12.16.38:486][583]LogPlayLevel: PIE: Created PIE world by copying editor world from /Game/Levels/Main.Main to /Game/Levels/UEDPIE_0_Main.Main (0.011080s)
[2025.11.16-12.16.38:486][583]LogLoad: Game class is 'PlayerGameModeBase_C'
[2025.11.16-12.16.38:489][583]LogWorld: Bringing World /Game/Levels/UEDPIE_0_Main.Main up for play (max tick rate 60) at 2025.11.16-14.16.38
[2025.11.16-12.16.38:490][583]LogWorld: Bringing up level for play took: 0.002882
[2025.11.16-12.16.38:492][583]LogGameMode: FindPlayerStart: PATHS NOT DEFINED or NO PLAYERSTART with positive rating
[2025.11.16-12.16.38:494][583]LogLoad: Took 0.064887 seconds to LoadMap(/Game/Levels/UEDPIE_0_Main)
[2025.11.16-12.16.43:250][866]LogSlate: Updating window title bar state: overlay mode, drag disabled, window buttons hidden, title bar hidden
[2025.11.16-12.16.43:250][866]LogWorld: BeginTearingDown for /Game/Levels/UEDPIE_0_Main
[2025.11.16-12.16.43:251][866]LogWorld: UWorld::CleanupWorld for Main, bSessionEnded=true, bCleanupResources=true
[2025.11.16-12.16.43:251][866]LogSlate: InvalidateAllWidgets triggered.  All widgets were invalidated
[2025.11.16-12.16.43:266][866]LogPlayLevel: Display: Shutting down PIE online subsystems
[2025.11.16-12.16.43:272][866]LogSlate: InvalidateAllWidgets triggered.  All widgets were invalidated
[2025.11.16-12.16.43:308][866]LogSlate: Updating window title bar state: overlay mode, drag disabled, window buttons hidden, title bar hidden
[2025.11.16-12.16.43:334][866]LogAISub: UAISubsystem::~UAISubsystem AIPerceptionSystem (000001C1323160C0), frame # 98866
[2025.11.16-12.16.43:334][866]LogAISub: UAISubsystem::~UAISubsystem EnvQueryManager (000001C1D8336400), frame # 98866
[2025.11.16-12.16.43:336][866]LogUObjectHash: Compacting FUObjectHashTables data took   1.44ms
[2025.11.16-12.16.43:368][867]LogPlayLevel: Display: Destroying online subsystem :Context_41
[2025.11.16-12.16.48:254][141]Cmd: OBJ SAVEPACKAGE PACKAGE="/Game/Levels/Main" FILE="../../../../../../Git/Saf/GameUniHack/PixelPerfect/Content/Levels/Main.umap" SILENT=true AUTOSAVING=false KEEPDIRTY=false
[2025.11.16-12.16.48:277][141]LogUObjectHash: Compacting FUObjectHashTables data took   1.40ms
[2025.11.16-12.16.48:338][141]LogSavePackage: Moving '../../../../../../Git/Saf/GameUniHack/PixelPerfect/Saved/Main13B6FB474BC0C6EF3A9A1C90FF7825C4.tmp' to '../../../../../../Git/Saf/GameUniHack/PixelPerfect/Content/Levels/Main.umap'
[2025.11.16-12.16.48:381][141]AssetCheck: New page: Asset Save: Main
[2025.11.16-12.16.48:381][141]LogContentValidation: Display: Validating World /Game/Levels/Main.Main
[2025.11.16-12.16.54:925][531]Cmd: OBJ SAVEPACKAGE PACKAGE="/Game/Levels/Main" FILE="../../../../../../Git/Saf/GameUniHack/PixelPerfect/Content/Levels/Main.umap" SILENT=true AUTOSAVING=false KEEPDIRTY=false
[2025.11.16-12.16.54:961][531]LogUObjectHash: Compacting FUObjectHashTables data took   0.47ms
[2025.11.16-12.16.55:021][531]LogSavePackage: Moving '../../../../../../Git/Saf/GameUniHack/PixelPerfect/Saved/MainDF4082104679F99A1C21E787169DA6EB.tmp' to '../../../../../../Git/Saf/GameUniHack/PixelPerfect/Content/Levels/Main.umap'
[2025.11.16-12.16.55:063][531]AssetCheck: New page: Asset Save: Main
[2025.11.16-12.16.55:063][531]LogContentValidation: Display: Validating World /Game/Levels/Main.Main
[2025.11.16-12.16.56:731][631]LogTemp: Repeating last play command: Selected Viewport
[2025.11.16-12.16.56:747][631]LogPlayLevel: PlayLevel: No blueprints needed recompiling
[2025.11.16-12.16.56:747][631]PIE: New page: PIE session: Main (Nov 16, 2025, 4:16:56 PM)
[2025.11.16-12.16.56:768][631]LogPlayLevel: Creating play world package: /Game/Levels/UEDPIE_0_Main
[2025.11.16-12.16.56:781][631]LogPlayLevel: PIE: StaticDuplicateObject took: (0.012753s)
[2025.11.16-12.16.56:783][631]LogAIModule: Creating AISystem for world Main
[2025.11.16-12.16.56:783][631]LogAISub: UAISubsystem::UAISubsystem EnvQueryManager (000001C22ECF7E00), frame # 99631
[2025.11.16-12.16.56:783][631]LogAISub: UAISubsystem::UAISubsystem AIPerceptionSystem (000001C1AF274400), frame # 99631
[2025.11.16-12.16.56:783][631]LogPlayLevel: PIE: World Init took: (0.001456s)
[2025.11.16-12.16.56:783][631]LogPlayLevel: PIE: Created PIE world by copying editor world from /Game/Levels/Main.Main to /Game/Levels/UEDPIE_0_Main.Main (0.014436s)
[2025.11.16-12.16.56:820][631]LogUObjectHash: Compacting FUObjectHashTables data took   2.11ms
[2025.11.16-12.16.56:821][631]LogAudioMixer: Display: Audio Mixer Platform Settings:
[2025.11.16-12.16.56:821][631]LogAudioMixer: Display: 	Sample Rate:						  48000
[2025.11.16-12.16.56:821][631]LogAudioMixer: Display: 	Callback Buffer Frame Size Requested: 1024
[2025.11.16-12.16.56:821][631]LogAudioMixer: Display: 	Callback Buffer Frame Size To Use:	  1024
[2025.11.16-12.16.56:821][631]LogAudioMixer: Display: 	Number of buffers to queue:			  2
[2025.11.16-12.16.56:821][631]LogAudioMixer: Display: 	Max Channels (voices):				  32
[2025.11.16-12.16.56:821][631]LogAudioMixer: Display: 	Number of Async Source Workers:		  0
[2025.11.16-12.16.56:821][631]LogAudio: Display: AudioDevice MaxSources: 32
[2025.11.16-12.16.56:822][631]LogAudio: Display: Using built-in audio occlusion.
[2025.11.16-12.16.56:822][631]LogAudioMixer: Display: Initializing audio mixer.
[2025.11.16-12.16.56:825][631]LogAudioMixer: Display: 0: FrontLeft
[2025.11.16-12.16.56:825][631]LogAudioMixer: Display: 1: FrontRight
[2025.11.16-12.16.56:837][631]LogAudioMixer: Display: Using Audio Device FxSound Speakers (FxSound Audio Enhancer)
[2025.11.16-12.16.56:838][631]LogAudioMixer: Display: Initializing Sound Submixes...
[2025.11.16-12.16.56:838][631]LogAudioMixer: Display: Creating Master Submix 'MasterSubmixDefault'
[2025.11.16-12.16.56:838][631]LogAudioMixer: Display: Creating Master Submix 'MasterReverbSubmixDefault'
[2025.11.16-12.16.56:838][631]LogAudioMixer: Display: Creating Master Submix 'MasterEQSubmixDefault'
[2025.11.16-12.16.56:855][631]LogInit: FAudioDevice initialized.
[2025.11.16-12.16.56:859][631]LogLoad: Game class is 'PlayerGameModeBase_C'
[2025.11.16-12.16.56:863][631]LogWorld: Bringing World /Game/Levels/UEDPIE_0_Main.Main up for play (max tick rate 60) at 2025.11.16-14.16.56
[2025.11.16-12.16.56:865][631]LogWorld: Bringing up level for play took: 0.004117
[2025.11.16-12.16.56:865][631]LogOnline: OSS: Creating online subsystem instance for: :Context_42
[2025.11.16-12.16.56:867][631]PIE: Server logged in
[2025.11.16-12.16.56:868][631]PIE: Play in editor total start time 0.122 seconds.
[2025.11.16-12.16.59:050][759]LogSlate: Updating window title bar state: overlay mode, drag disabled, window buttons hidden, title bar hidden
[2025.11.16-12.16.59:050][759]LogWorld: BeginTearingDown for /Game/Levels/UEDPIE_0_Main
[2025.11.16-12.16.59:051][759]LogWorld: UWorld::CleanupWorld for Main, bSessionEnded=true, bCleanupResources=true
[2025.11.16-12.16.59:052][759]LogSlate: InvalidateAllWidgets triggered.  All widgets were invalidated
[2025.11.16-12.16.59:064][759]LogPlayLevel: Display: Shutting down PIE online subsystems
[2025.11.16-12.16.59:068][759]LogSlate: InvalidateAllWidgets triggered.  All widgets were invalidated
[2025.11.16-12.16.59:123][759]LogSlate: Updating window title bar state: overlay mode, drag disabled, window buttons hidden, title bar hidden
[2025.11.16-12.16.59:125][759]LogAISub: UAISubsystem::~UAISubsystem AIPerceptionSystem (000001C1AF274400), frame # 99759
[2025.11.16-12.16.59:125][759]LogAISub: UAISubsystem::~UAISubsystem EnvQueryManager (000001C22ECF7E00), frame # 99759
[2025.11.16-12.16.59:127][759]LogUObjectHash: Compacting FUObjectHashTables data took   1.45ms
[2025.11.16-12.16.59:156][760]LogPlayLevel: Display: Destroying online subsystem :Context_42
[2025.11.16-12.17.01:751][915]LogTemp: Repeating last play command: Selected Viewport
[2025.11.16-12.17.01:765][915]LogPlayLevel: PlayLevel: No blueprints needed recompiling
[2025.11.16-12.17.01:766][915]PIE: New page: PIE session: Main (Nov 16, 2025, 4:17:01 PM)
[2025.11.16-12.17.01:766][915]LogPlayLevel: Creating play world package: /Game/Levels/UEDPIE_0_Main
[2025.11.16-12.17.01:775][915]LogPlayLevel: PIE: StaticDuplicateObject took: (0.009067s)
[2025.11.16-12.17.01:775][915]LogAIModule: Creating AISystem for world Main
[2025.11.16-12.17.01:776][915]LogAISub: UAISubsystem::UAISubsystem EnvQueryManager (000001C2737DD000), frame # 99915
[2025.11.16-12.17.01:776][915]LogAISub: UAISubsystem::UAISubsystem AIPerceptionSystem (000001C116A51300), frame # 99915
[2025.11.16-12.17.01:776][915]LogPlayLevel: PIE: World Init took: (0.000978s)
[2025.11.16-12.17.01:776][915]LogPlayLevel: PIE: Created PIE world by copying editor world from /Game/Levels/Main.Main to /Game/Levels/UEDPIE_0_Main.Main (0.010156s)
[2025.11.16-12.17.01:798][915]LogUObjectHash: Compacting FUObjectHashTables data took   1.31ms
[2025.11.16-12.17.01:799][915]LogAudioMixer: Display: Audio Mixer Platform Settings:
[2025.11.16-12.17.01:799][915]LogAudioMixer: Display: 	Sample Rate:						  48000
[2025.11.16-12.17.01:799][915]LogAudioMixer: Display: 	Callback Buffer Frame Size Requested: 1024
[2025.11.16-12.17.01:799][915]LogAudioMixer: Display: 	Callback Buffer Frame Size To Use:	  1024
[2025.11.16-12.17.01:799][915]LogAudioMixer: Display: 	Number of buffers to queue:			  2
[2025.11.16-12.17.01:799][915]LogAudioMixer: Display: 	Max Channels (voices):				  32
[2025.11.16-12.17.01:799][915]LogAudioMixer: Display: 	Number of Async Source Workers:		  0
[2025.11.16-12.17.01:799][915]LogAudio: Display: AudioDevice MaxSources: 32
[2025.11.16-12.17.01:799][915]LogAudio: Display: Using built-in audio occlusion.
[2025.11.16-12.17.01:799][915]LogAudioMixer: Display: Initializing audio mixer.
[2025.11.16-12.17.01:803][915]LogAudioMixer: Display: 0: FrontLeft
[2025.11.16-12.17.01:803][915]LogAudioMixer: Display: 1: FrontRight
[2025.11.16-12.17.01:813][915]LogAudioMixer: Display: Using Audio Device FxSound Speakers (FxSound Audio Enhancer)
[2025.11.16-12.17.01:813][915]LogAudioMixer: Display: Initializing Sound Submixes...
[2025.11.16-12.17.01:813][915]LogAudioMixer: Display: Creating Master Submix 'MasterSubmixDefault'
[2025.11.16-12.17.01:813][915]LogAudioMixer: Display: Creating Master Submix 'MasterReverbSubmixDefault'
[2025.11.16-12.17.01:814][915]LogAudioMixer: Display: Creating Master Submix 'MasterEQSubmixDefault'
[2025.11.16-12.17.01:831][915]LogInit: FAudioDevice initialized.
[2025.11.16-12.17.01:841][915]LogLoad: Game class is 'PlayerGameModeBase_C'
[2025.11.16-12.17.01:845][915]LogWorld: Bringing World /Game/Levels/UEDPIE_0_Main.Main up for play (max tick rate 60) at 2025.11.16-14.17.01
[2025.11.16-12.17.01:846][915]LogWorld: Bringing up level for play took: 0.004519
[2025.11.16-12.17.01:847][915]LogOnline: OSS: Creating online subsystem instance for: :Context_43
[2025.11.16-12.17.01:850][915]PIE: Server logged in
[2025.11.16-12.17.01:851][915]PIE: Play in editor total start time 0.086 seconds.
[2025.11.16-12.17.29:061][544]LogPlayerController: Error: InputMode:UIOnly - Attempting to focus Non-Focusable widget SObjectWidget [Widget.cpp(799)]!
[2025.11.16-12.17.32:331][736]LogBlueprintUserMessages: [ComputerBoss_2] AHHH

[2025.11.16-12.17.53:438][999]LogBlueprintUserMessages: [ComputerBoss_2] AHHH

[2025.11.16-12.18.29:283][149]LogBlueprintUserMessages: [GrabCamera2_2] Hello
[2025.11.16-12.18.37:070][613]LogSlate: Updating window title bar state: overlay mode, drag disabled, window buttons hidden, title bar hidden
[2025.11.16-12.18.37:070][613]LogWorld: BeginTearingDown for /Game/Levels/UEDPIE_0_Main
[2025.11.16-12.18.37:070][613]LogWorld: UWorld::CleanupWorld for Main, bSessionEnded=true, bCleanupResources=true
[2025.11.16-12.18.37:071][613]LogSlate: InvalidateAllWidgets triggered.  All widgets were invalidated
[2025.11.16-12.18.37:084][613]LogPlayLevel: Display: Shutting down PIE online subsystems
[2025.11.16-12.18.37:088][613]LogSlate: InvalidateAllWidgets triggered.  All widgets were invalidated
[2025.11.16-12.18.37:132][613]LogSlate: Updating window title bar state: overlay mode, drag disabled, window buttons hidden, title bar hidden
[2025.11.16-12.18.37:155][613]LogAISub: UAISubsystem::~UAISubsystem AIPerceptionSystem (000001C116A51300), frame # 105613
[2025.11.16-12.18.37:155][613]LogAISub: UAISubsystem::~UAISubsystem EnvQueryManager (000001C2737DD000), frame # 105613
[2025.11.16-12.18.37:157][613]LogUObjectHash: Compacting FUObjectHashTables data took   1.47ms
[2025.11.16-12.18.37:187][614]LogPlayLevel: Display: Destroying online subsystem :Context_43
[2025.11.16-12.18.38:408][685]Cmd: OBJ SAVEPACKAGE PACKAGE="/Game/Levels/Main" FILE="../../../../../../Git/Saf/GameUniHack/PixelPerfect/Content/Levels/Main.umap" SILENT=true AUTOSAVING=false KEEPDIRTY=false
[2025.11.16-12.18.38:440][685]LogUObjectHash: Compacting FUObjectHashTables data took   0.83ms
[2025.11.16-12.18.38:496][685]LogSavePackage: Moving '../../../../../../Git/Saf/GameUniHack/PixelPerfect/Saved/Main0B850CAA46C8B82B21E6DD9BD28C6CFA.tmp' to '../../../../../../Git/Saf/GameUniHack/PixelPerfect/Content/Levels/Main.umap'
[2025.11.16-12.18.38:535][685]AssetCheck: New page: Asset Save: Main
[2025.11.16-12.18.38:535][685]LogContentValidation: Display: Validating World /Game/Levels/Main.Main
[2025.11.16-12.18.48:675][223]LogAssetEditorSubsystem: Opening Asset editor for World /Game/Levels/MainMenu.MainMenu
[2025.11.16-12.18.48:706][223]LogUObjectHash: Compacting FUObjectHashTables data took   0.61ms
[2025.11.16-12.18.49:768][223]LogSlate: Window 'Save Content' being destroyed
[2025.11.16-12.18.49:808][223]Cmd: OBJ SAVEPACKAGE PACKAGE="/Game/Assets/Box" FILE="../../../../../../Git/Saf/GameUniHack/PixelPerfect/Content/Assets/Box.uasset" SILENT=true
[2025.11.16-12.18.49:856][223]LogSavePackage: Moving '../../../../../../Git/Saf/GameUniHack/PixelPerfect/Saved/Box4F4868D041A6A50769FEC8BEE3E61667.tmp' to '../../../../../../Git/Saf/GameUniHack/PixelPerfect/Content/Assets/Box.uasset'
[2025.11.16-12.18.49:859][223]Cmd: MAP LOAD FILE="../../../../../../Git/Saf/GameUniHack/PixelPerfect/Content/Levels/MainMenu.umap" TEMPLATE=0 SHOWPROGRESS=1 FEATURELEVEL=3
[2025.11.16-12.18.49:859][223]LightingResults: New page: Lighting Build
[2025.11.16-12.18.49:859][223]LoadErrors: New page: Loading map: MainMenu.umap
[2025.11.16-12.18.49:898][223]LogWorld: UWorld::CleanupWorld for Main, bSessionEnded=true, bCleanupResources=true
[2025.11.16-12.18.49:898][223]LogSlate: InvalidateAllWidgets triggered.  All widgets were invalidated
[2025.11.16-12.18.49:899][223]MapCheck: New page: Map Check
[2025.11.16-12.18.49:899][223]LightingResults: New page: Lighting Build
[2025.11.16-12.18.49:953][223]LogAISub: UAISubsystem::~UAISubsystem EnvQueryManager (000001C132427E00), frame # 106223
[2025.11.16-12.18.49:953][223]LogAISub: UAISubsystem::~UAISubsystem AIPerceptionSystem (000001C132433B00), frame # 106223
[2025.11.16-12.18.49:956][223]LogUObjectHash: Compacting FUObjectHashTables data took   3.26ms
[2025.11.16-12.18.50:063][223]LogEditorServer: Finished looking for orphan Actors (0.000 secs)
[2025.11.16-12.18.50:063][223]LogAIModule: Creating AISystem for world MainMenu
[2025.11.16-12.18.50:063][223]LogAISub: UAISubsystem::UAISubsystem EnvQueryManager (000001C20598C600), frame # 106223
[2025.11.16-12.18.50:063][223]LogAISub: UAISubsystem::UAISubsystem AIPerceptionSystem (000001C26AFEFEC0), frame # 106223
[2025.11.16-12.18.50:109][223]LogUObjectHash: Compacting FUObjectHashTables data took   2.43ms
[2025.11.16-12.18.50:140][223]Cmd: MAP CHECKDEP NOCLEARLOG
[2025.11.16-12.18.50:140][223]MapCheck: Map check complete: 0 Error(s), 0 Warning(s), took 0.172ms to complete.
[2025.11.16-12.18.50:140][223]LogFileHelpers: Loading map 'MainMenu' took 0.282
[2025.11.16-12.18.50:193][223]AssetCheck: New page: Asset Save: Box
[2025.11.16-12.18.50:193][223]LogContentValidation: Display: Validating MaterialInstanceConstant /Game/Assets/Box.Box
[2025.11.16-12.18.52:292][345]LogAssetEditorSubsystem: Opening Asset editor for World /Game/Levels/Main.Main
[2025.11.16-12.18.52:312][345]LogUObjectHash: Compacting FUObjectHashTables data took   1.21ms
[2025.11.16-12.18.52:313][345]Cmd: MAP LOAD FILE="../../../../../../Git/Saf/GameUniHack/PixelPerfect/Content/Levels/Main.umap" TEMPLATE=0 SHOWPROGRESS=1 FEATURELEVEL=3
[2025.11.16-12.18.52:313][345]LightingResults: New page: Lighting Build
[2025.11.16-12.18.52:313][345]LoadErrors: New page: Loading map: Main.umap
[2025.11.16-12.18.52:314][345]LogWorld: UWorld::CleanupWorld for MainMenu, bSessionEnded=true, bCleanupResources=true
[2025.11.16-12.18.52:314][345]LogSlate: InvalidateAllWidgets triggered.  All widgets were invalidated
[2025.11.16-12.18.52:314][345]MapCheck: New page: Map Check
[2025.11.16-12.18.52:314][345]LightingResults: New page: Lighting Build
[2025.11.16-12.18.52:336][345]LogAISub: UAISubsystem::~UAISubsystem AIPerceptionSystem (000001C26AFEFEC0), frame # 106345
[2025.11.16-12.18.52:336][345]LogAISub: UAISubsystem::~UAISubsystem EnvQueryManager (000001C20598C600), frame # 106345
[2025.11.16-12.18.52:338][345]LogUObjectHash: Compacting FUObjectHashTables data took   1.45ms
[2025.11.16-12.18.52:342][345]LogSkeletalMesh: USkeletalMeshComponent::InitArticulated : Could not find root physics body: '/Game/Levels/Main.Main:PersistentLevel.Phone_2.CharacterMesh0'
[2025.11.16-12.18.52:342][345]LogSkeletalMesh: USkeletalMeshComponent::InitArticulated : Could not find root physics body: '/Game/Levels/Main.Main:PersistentLevel.Phone2_2.CharacterMesh0'
[2025.11.16-12.18.52:342][345]LogSkeletalMesh: USkeletalMeshComponent::InitArticulated : Could not find root physics body: '/Game/Levels/Main.Main:PersistentLevel.Phone3.CharacterMesh0'
[2025.11.16-12.18.52:342][345]LogSkeletalMesh: USkeletalMeshComponent::InitArticulated : Could not find root physics body: '/Game/Levels/Main.Main:PersistentLevel.Phone4.CharacterMesh0'
[2025.11.16-12.18.52:452][345]LogEditorServer: Finished looking for orphan Actors (0.000 secs)
[2025.11.16-12.18.52:452][345]LogAIModule: Creating AISystem for world Main
[2025.11.16-12.18.52:452][345]LogAISub: UAISubsystem::UAISubsystem EnvQueryManager (000001C2294C1000), frame # 106345
[2025.11.16-12.18.52:452][345]LogAISub: UAISubsystem::UAISubsystem AIPerceptionSystem (000001C1B0959F80), frame # 106345
[2025.11.16-12.18.52:486][345]LogUObjectHash: Compacting FUObjectHashTables data took   1.42ms
[2025.11.16-12.18.52:516][345]Cmd: MAP CHECKDEP NOCLEARLOG
[2025.11.16-12.18.52:516][345]MapCheck: Map check complete: 0 Error(s), 0 Warning(s), took 0.155ms to complete.
[2025.11.16-12.18.52:516][345]LogFileHelpers: Loading map 'Main' took 0.203
[2025.11.16-12.18.53:373][391]Cmd: OBJ SAVEPACKAGE PACKAGE="/Game/Levels/Main" FILE="../../../../../../Git/Saf/GameUniHack/PixelPerfect/Content/Levels/Main.umap" SILENT=true AUTOSAVING=false KEEPDIRTY=false
[2025.11.16-12.18.53:404][391]LogUObjectHash: Compacting FUObjectHashTables data took   0.52ms
[2025.11.16-12.18.53:466][391]LogSavePackage: Moving '../../../../../../Git/Saf/GameUniHack/PixelPerfect/Saved/Main2C2ACA604E501E9109759DB9A7B857DF.tmp' to '../../../../../../Git/Saf/GameUniHack/PixelPerfect/Content/Levels/Main.umap'
[2025.11.16-12.18.53:519][391]AssetCheck: New page: Asset Save: Main
[2025.11.16-12.18.53:519][391]LogContentValidation: Display: Validating World /Game/Levels/Main.Main
[2025.11.16-12.18.55:731][518]LogWorld: UWorld::CleanupWorld for World_24, bSessionEnded=true, bCleanupResources=true
[2025.11.16-12.18.55:731][518]LogSlate: InvalidateAllWidgets triggered.  All widgets were invalidated
[2025.11.16-12.18.56:188][540]LogActorComponent: UnregisterComponent: (/Engine/Transient.EditorFloorComp) Not registered. Aborting.
[2025.11.16-12.18.56:188][540]LogWorld: UWorld::CleanupWorld for World_25, bSessionEnded=true, bCleanupResources=true
[2025.11.16-12.18.56:188][540]LogSlate: InvalidateAllWidgets triggered.  All widgets were invalidated
[2025.11.16-12.18.56:521][554]Cmd: OBJ SAVEPACKAGE PACKAGE="/Game/Levels/Main" FILE="../../../../../../Git/Saf/GameUniHack/PixelPerfect/Content/Levels/Main.umap" SILENT=true AUTOSAVING=false KEEPDIRTY=false
[2025.11.16-12.18.56:554][554]LogUObjectHash: Compacting FUObjectHashTables data took   1.60ms
[2025.11.16-12.18.56:610][554]LogSavePackage: Moving '../../../../../../Git/Saf/GameUniHack/PixelPerfect/Saved/MainFB0592634FE387697E4C4CAF2066417F.tmp' to '../../../../../../Git/Saf/GameUniHack/PixelPerfect/Content/Levels/Main.umap'
[2025.11.16-12.18.56:650][554]AssetCheck: New page: Asset Save: Main
[2025.11.16-12.18.56:650][554]LogContentValidation: Display: Validating World /Game/Levels/Main.Main
[2025.11.16-12.19.59:936][791]Cmd: OBJ SAVEPACKAGE PACKAGE="/Game/Levels/Main" FILE="../../../../../../Git/Saf/GameUniHack/PixelPerfect/Content/Levels/Main.umap" SILENT=true AUTOSAVING=false KEEPDIRTY=false
[2025.11.16-12.20.00:004][791]LogUObjectHash: Compacting FUObjectHashTables data took   2.49ms
[2025.11.16-12.20.00:081][791]LogSavePackage: Moving '../../../../../../Git/Saf/GameUniHack/PixelPerfect/Saved/MainB6BA70F344CB7A9FAA41068ED266F43E.tmp' to '../../../../../../Git/Saf/GameUniHack/PixelPerfect/Content/Levels/Main.umap'
[2025.11.16-12.20.00:131][791]AssetCheck: New page: Asset Save: Main
[2025.11.16-12.20.00:133][791]LogContentValidation: Display: Validating World /Game/Levels/Main.Main
[2025.11.16-12.20.05:120][ 88]Cmd: OBJ SAVEPACKAGE PACKAGE="/Game/Levels/Main" FILE="../../../../../../Git/Saf/GameUniHack/PixelPerfect/Content/Levels/Main.umap" SILENT=true AUTOSAVING=false KEEPDIRTY=false
[2025.11.16-12.20.05:176][ 88]LogUObjectHash: Compacting FUObjectHashTables data took   2.89ms
[2025.11.16-12.20.05:236][ 88]LogSavePackage: Moving '../../../../../../Git/Saf/GameUniHack/PixelPerfect/Saved/MainB1C0E6F143C0C660040E21B6251A648B.tmp' to '../../../../../../Git/Saf/GameUniHack/PixelPerfect/Content/Levels/Main.umap'
[2025.11.16-12.20.05:280][ 88]AssetCheck: New page: Asset Save: Main
[2025.11.16-12.20.05:280][ 88]LogContentValidation: Display: Validating World /Game/Levels/Main.Main
[2025.11.16-12.20.09:695][350]Cmd: OBJ SAVEPACKAGE PACKAGE="/Game/Levels/Main" FILE="../../../../../../Git/Saf/GameUniHack/PixelPerfect/Content/Levels/Main.umap" SILENT=true AUTOSAVING=false KEEPDIRTY=false
[2025.11.16-12.20.09:729][350]LogUObjectHash: Compacting FUObjectHashTables data took   0.52ms
[2025.11.16-12.20.09:785][350]LogSavePackage: Moving '../../../../../../Git/Saf/GameUniHack/PixelPerfect/Saved/Main4B90EE6D4AC1CDBACBAF8B948E64E5E9.tmp' to '../../../../../../Git/Saf/GameUniHack/PixelPerfect/Content/Levels/Main.umap'
[2025.11.16-12.20.09:835][350]AssetCheck: New page: Asset Save: Main
[2025.11.16-12.20.09:835][350]LogContentValidation: Display: Validating World /Game/Levels/Main.Main
[2025.11.16-12.20.10:921][410]Cmd: OBJ SAVEPACKAGE PACKAGE="/Game/Levels/Main" FILE="../../../../../../Git/Saf/GameUniHack/PixelPerfect/Content/Levels/Main.umap" SILENT=true AUTOSAVING=false KEEPDIRTY=false
[2025.11.16-12.20.10:949][410]LogUObjectHash: Compacting FUObjectHashTables data took   0.74ms
[2025.11.16-12.20.11:006][410]LogSavePackage: Moving '../../../../../../Git/Saf/GameUniHack/PixelPerfect/Saved/MainA522DF7942D9DFF60DDA458F8D3CBAE9.tmp' to '../../../../../../Git/Saf/GameUniHack/PixelPerfect/Content/Levels/Main.umap'
[2025.11.16-12.20.11:047][410]AssetCheck: New page: Asset Save: Main
[2025.11.16-12.20.11:047][410]LogContentValidation: Display: Validating World /Game/Levels/Main.Main
[2025.11.16-12.20.11:333][426]Cmd: OBJ SAVEPACKAGE PACKAGE="/Game/Levels/Main" FILE="../../../../../../Git/Saf/GameUniHack/PixelPerfect/Content/Levels/Main.umap" SILENT=true AUTOSAVING=false KEEPDIRTY=false
[2025.11.16-12.20.11:360][426]LogUObjectHash: Compacting FUObjectHashTables data took   0.39ms
[2025.11.16-12.20.11:418][426]LogSavePackage: Moving '../../../../../../Git/Saf/GameUniHack/PixelPerfect/Saved/MainB9FDA9644F3AD9FDED97CE9AEB10F5CB.tmp' to '../../../../../../Git/Saf/GameUniHack/PixelPerfect/Content/Levels/Main.umap'
[2025.11.16-12.20.11:463][426]AssetCheck: New page: Asset Save: Main
[2025.11.16-12.20.11:463][426]LogContentValidation: Display: Validating World /Game/Levels/Main.Main
[2025.11.16-12.20.53:025][781]Cmd: OBJ SAVEPACKAGE PACKAGE="/Game/Levels/Main" FILE="../../../../../../Git/Saf/GameUniHack/PixelPerfect/Content/Levels/Main.umap" SILENT=true AUTOSAVING=false KEEPDIRTY=false
[2025.11.16-12.20.53:057][781]LogUObjectHash: Compacting FUObjectHashTables data took   0.89ms
[2025.11.16-12.20.53:133][781]LogSavePackage: Moving '../../../../../../Git/Saf/GameUniHack/PixelPerfect/Saved/MainB44B218F43ECDFD8890E29ADA4BC8EE5.tmp' to '../../../../../../Git/Saf/GameUniHack/PixelPerfect/Content/Levels/Main.umap'
[2025.11.16-12.20.53:178][781]AssetCheck: New page: Asset Save: Main
[2025.11.16-12.20.53:178][781]LogContentValidation: Display: Validating World /Game/Levels/Main.Main
[2025.11.16-12.20.56:734][974]LogUObjectHash: Compacting FUObjectHashTables data took   1.04ms
[2025.11.16-12.21.03:051][974]LogMainFrame: Project does not require temp target
[2025.11.16-12.21.03:070][974]LogLauncherProfile: Found promoted target with matching version at ../../../Engine/Binaries/Win64/UE4Game.target
[2025.11.16-12.21.03:396][974]UATHelper: Packaging (Windows (64-bit)): Running AutomationTool...
[2025.11.16-12.21.03:396][974]UATHelper: Packaging (Windows (64-bit)): Parsing command line: -ScriptsForProject=C:/Git/Saf/GameUniHack/PixelPerfect/PixelPerfect.uproject BuildCookRun -nocompileeditor -installed -nop4 -project=C:/Git/Saf/GameUniHack/PixelPerfect/PixelPerfect.uproject -cook -stage -archive -archivedirectory=C:/Users/Dorain/Desktop/FacilityGame -package -ue4exe="C:\Program Files\Epic Games\UE_4.25\Engine\Binaries\Win64\UE4Editor-Cmd.exe" -pak -prereqs -nodebuginfo -targetplatform=Win64 -clientconfig=Development -utf8output
[2025.11.16-12.21.03:975][  6]UATHelper: Packaging (Windows (64-bit)): Setting up ProjectParams for C:\Git\Saf\GameUniHack\PixelPerfect\PixelPerfect.uproject
[2025.11.16-12.21.04:275][ 24]UATHelper: Packaging (Windows (64-bit)): ********** COOK COMMAND STARTED **********
[2025.11.16-12.21.04:291][ 25]UATHelper: Packaging (Windows (64-bit)): Running UE4Editor Cook for project C:\Git\Saf\GameUniHack\PixelPerfect\PixelPerfect.uproject
[2025.11.16-12.21.04:291][ 25]UATHelper: Packaging (Windows (64-bit)): Commandlet log file is C:\Program Files\Epic Games\UE_4.25\Engine\Programs\AutomationTool\Saved\Cook-2025.11.16-14.21.04.txt
[2025.11.16-12.21.04:291][ 25]UATHelper: Packaging (Windows (64-bit)): Running: C:\Program Files\Epic Games\UE_4.25\Engine\Binaries\Win64\UE4Editor-Cmd.exe C:\Git\Saf\GameUniHack\PixelPerfect\PixelPerfect.uproject -run=Cook  -TargetPlatform=WindowsNoEditor -fileopenlog -unversioned -abslog="C:\Program Files\Epic Games\UE_4.25\Engine\Programs\AutomationTool\Saved\Cook-2025.11.16-14.21.04.txt" -stdout -CrashForUAT -unattended -NoLogTimes  -UTF8Output
[2025.11.16-12.21.04:658][ 47]UATHelper: Packaging (Windows (64-bit)):   LogInit: Display: Running engine for game: PixelPerfect
[2025.11.16-12.21.06:607][ 87]UATHelper: Packaging (Windows (64-bit)):   LogHAL: Display: Platform has ~ 16 GB [16870006784 / 17179869184 / 16], which maps to Larger [LargestMinGB=32, LargerMinGB=12, DefaultMinGB=8, SmallerMinGB=6, SmallestMinGB=0)
[2025.11.16-12.21.06:607][ 87]UATHelper: Packaging (Windows (64-bit)):   LogTargetPlatformManager: Display: Loaded TargetPlatform 'AllDesktop'
[2025.11.16-12.21.06:607][ 87]UATHelper: Packaging (Windows (64-bit)):   LogTargetPlatformManager: Display: Loaded TargetPlatform 'Android'
[2025.11.16-12.21.06:607][ 87]UATHelper: Packaging (Windows (64-bit)):   LogTargetPlatformManager: Display: Loaded TargetPlatform 'Android_ASTC'
[2025.11.16-12.21.06:607][ 87]UATHelper: Packaging (Windows (64-bit)):   LogTargetPlatformManager: Display: Loaded TargetPlatform 'Android_DXT'
[2025.11.16-12.21.06:607][ 87]UATHelper: Packaging (Windows (64-bit)):   LogTargetPlatformManager: Display: Loaded TargetPlatform 'Android_ETC2'
[2025.11.16-12.21.06:607][ 87]UATHelper: Packaging (Windows (64-bit)):   LogTargetPlatformManager: Display: Loaded TargetPlatform 'AndroidClient'
[2025.11.16-12.21.06:607][ 87]UATHelper: Packaging (Windows (64-bit)):   LogTargetPlatformManager: Display: Loaded TargetPlatform 'Android_ASTCClient'
[2025.11.16-12.21.06:607][ 87]UATHelper: Packaging (Windows (64-bit)):   LogTargetPlatformManager: Display: Loaded TargetPlatform 'Android_DXTClient'
[2025.11.16-12.21.06:607][ 87]UATHelper: Packaging (Windows (64-bit)):   LogTargetPlatformManager: Display: Loaded TargetPlatform 'Android_ETC2Client'
[2025.11.16-12.21.06:607][ 87]UATHelper: Packaging (Windows (64-bit)):   LogTargetPlatformManager: Display: Loaded TargetPlatform 'Android_Multi'
[2025.11.16-12.21.06:607][ 87]UATHelper: Packaging (Windows (64-bit)):   LogTargetPlatformManager: Display: Loaded TargetPlatform 'Android_MultiClient'
[2025.11.16-12.21.06:944][ 88]UATHelper: Packaging (Windows (64-bit)):   LogTargetPlatformManager: Display: Loaded TargetPlatform 'IOSClient'
[2025.11.16-12.21.06:944][ 88]UATHelper: Packaging (Windows (64-bit)):   LogTargetPlatformManager: Display: Loaded TargetPlatform 'IOS'
[2025.11.16-12.21.06:944][ 88]UATHelper: Packaging (Windows (64-bit)):   LogTargetPlatformManager: Display: Loaded TargetPlatform 'Linux'
[2025.11.16-12.21.06:944][ 88]UATHelper: Packaging (Windows (64-bit)):   LogTargetPlatformManager: Display: Loaded TargetPlatform 'LinuxNoEditor'
[2025.11.16-12.21.06:944][ 88]UATHelper: Packaging (Windows (64-bit)):   LogTargetPlatformManager: Display: Loaded TargetPlatform 'LinuxClient'
[2025.11.16-12.21.06:944][ 88]UATHelper: Packaging (Windows (64-bit)):   LogTargetPlatformManager: Display: Loaded TargetPlatform 'LinuxServer'
[2025.11.16-12.21.06:944][ 88]UATHelper: Packaging (Windows (64-bit)):   LogTargetPlatformManager: Display: Loaded TargetPlatform 'LinuxAArch64NoEditor'
[2025.11.16-12.21.06:944][ 88]UATHelper: Packaging (Windows (64-bit)):   LogTargetPlatformManager: Display: Loaded TargetPlatform 'LinuxAArch64Client'
[2025.11.16-12.21.06:944][ 88]UATHelper: Packaging (Windows (64-bit)):   LogTargetPlatformManager: Display: Loaded TargetPlatform 'LinuxAArch64Server'
[2025.11.16-12.21.06:944][ 88]UATHelper: Packaging (Windows (64-bit)):   LogTargetPlatformManager: Display: Loaded TargetPlatform 'Lumin'
[2025.11.16-12.21.06:944][ 88]UATHelper: Packaging (Windows (64-bit)):   LogTargetPlatformManager: Display: Loaded TargetPlatform 'LuminClient'
[2025.11.16-12.21.06:944][ 88]UATHelper: Packaging (Windows (64-bit)):   LogTargetPlatformManager: Display: Loaded TargetPlatform 'TVOSClient'
[2025.11.16-12.21.06:944][ 88]UATHelper: Packaging (Windows (64-bit)):   LogTargetPlatformManager: Display: Loaded TargetPlatform 'TVOS'
[2025.11.16-12.21.06:944][ 88]UATHelper: Packaging (Windows (64-bit)):   LogTargetPlatformManager: Display: Loaded TargetPlatform 'WindowsNoEditor'
[2025.11.16-12.21.06:944][ 88]UATHelper: Packaging (Windows (64-bit)):   LogTargetPlatformManager: Display: Loaded TargetPlatform 'Windows'
[2025.11.16-12.21.06:944][ 88]UATHelper: Packaging (Windows (64-bit)):   LogTargetPlatformManager: Display: Loaded TargetPlatform 'WindowsClient'
[2025.11.16-12.21.06:944][ 88]UATHelper: Packaging (Windows (64-bit)):   LogTargetPlatformManager: Display: Loaded TargetPlatform 'WindowsServer'
[2025.11.16-12.21.06:944][ 88]UATHelper: Packaging (Windows (64-bit)):   LogTargetPlatformManager: Display: Building Assets For WindowsNoEditor
[2025.11.16-12.21.06:944][ 88]UATHelper: Packaging (Windows (64-bit)):   LogAudioDebug: Display: Lib vorbis DLL was dynamically loaded.
[2025.11.16-12.21.07:283][ 89]UATHelper: Packaging (Windows (64-bit)):   LogShaderCompilers: Display: Using Local Shader Compiler.
[2025.11.16-12.21.07:949][ 91]UATHelper: Packaging (Windows (64-bit)):   LogDerivedDataCache: Display: Max Cache Size: 512 MB
[2025.11.16-12.21.07:949][ 91]UATHelper: Packaging (Windows (64-bit)):   LogDerivedDataCache: Display: Loaded Boot cache: C:/Users/Dorain/AppData/Local/UnrealEngine/4.25/DerivedDataCache/Boot.ddc
[2025.11.16-12.21.07:949][ 91]UATHelper: Packaging (Windows (64-bit)):   LogDerivedDataCache: Display: Pak cache opened for reading ../../../Engine/DerivedDataCache/Compressed.ddp.
[2025.11.16-12.21.09:279][ 95]UATHelper: Packaging (Windows (64-bit)):   LogAudioCaptureCore: Display: No Audio Capture implementations found. Audio input will be silent.
[2025.11.16-12.21.09:279][ 95]UATHelper: Packaging (Windows (64-bit)):   LogAudioCaptureCore: Display: No Audio Capture implementations found. Audio input will be silent.
[2025.11.16-12.21.10:704][178]UATHelper: Packaging (Windows (64-bit)):   LogCook: Display: Max memory allowance for cook 16384mb min free memory 0mb
[2025.11.16-12.21.10:704][178]UATHelper: Packaging (Windows (64-bit)):   LogCook: Display: Mobile HDR setting 1
[2025.11.16-12.21.10:704][178]UATHelper: Packaging (Windows (64-bit)):   LogCook: Display: Creating asset registry
[2025.11.16-12.21.30:227][ 23]UATHelper: Packaging (Windows (64-bit)):   LogCook: Display: Discovering localized assets for cultures: en
[2025.11.16-12.21.30:227][ 23]UATHelper: Packaging (Windows (64-bit)):   LogCook: Display: Unable to read previous cook inisettings for platform WindowsNoEditor invalidating cook
[2025.11.16-12.21.30:227][ 23]UATHelper: Packaging (Windows (64-bit)):   LogCook: Display: Clearing all cooked content for platform WindowsNoEditor
[2025.11.16-12.21.30:279][ 26]UATHelper: Packaging (Windows (64-bit)):   LogCook: Display: Sandbox cleanup took 0.041 seconds for platforms WindowsNoEditor
[2025.11.16-12.28.51:461][263]LogSlate: Window 'Output Log' being destroyed
[2025.11.16-12.28.51:470][263]LogSlate: Window 'Output Log' being destroyed
[2025.11.16-12.28.52:647][334]UATHelper: Packaging (Windows (64-bit)):   LogCook: Display: Cooked packages 0 Packages Remain 175 Total 175
[2025.11.16-12.28.52:931][351]UATHelper: Packaging (Windows (64-bit)):   LogCook: Display: Cooked packages 50 Packages Remain 174 Total 224
[2025.11.16-12.28.53:081][360]UATHelper: Packaging (Windows (64-bit)):   LogCook: Display: Cooked packages 100 Packages Remain 173 Total 273
[2025.11.16-12.28.53:331][375]UATHelper: Packaging (Windows (64-bit)):   LogCook: Display: Cooked packages 149 Packages Remain 172 Total 321
[2025.11.16-12.28.53:331][375]UATHelper: Packaging (Windows (64-bit)):   LogCook: Display: Cooked packages 150 Packages Remain 171 Total 321
[2025.11.16-12.28.53:348][376]UATHelper: Packaging (Windows (64-bit)):   LogCook: Display: Cooked packages 155 Packages Remain 23 Total 178
[2025.11.16-12.28.53:363][377]UATHelper: Packaging (Windows (64-bit)):   LogCook: Display: Cooked packages 168 Packages Remain 22 Total 190
[2025.11.16-12.28.53:381][378]UATHelper: Packaging (Windows (64-bit)):   LogCook: Display: Cooked packages 172 Packages Remain 21 Total 193
[2025.11.16-12.28.53:381][378]UATHelper: Packaging (Windows (64-bit)):   LogCook: Display: Cooked packages 173 Packages Remain 20 Total 193
[2025.11.16-12.28.53:381][378]UATHelper: Packaging (Windows (64-bit)):   LogCook: Display: Cooked packages 175 Packages Remain 19 Total 194
[2025.11.16-12.28.53:397][379]UATHelper: Packaging (Windows (64-bit)):   LogCook: Display: Cooked packages 176 Packages Remain 18 Total 194
[2025.11.16-12.28.53:398][379]UATHelper: Packaging (Windows (64-bit)):   LogCook: Display: Cooked packages 177 Packages Remain 17 Total 194
[2025.11.16-12.28.53:398][379]UATHelper: Packaging (Windows (64-bit)):   LogCook: Display: Cooked packages 178 Packages Remain 16 Total 194
[2025.11.16-12.28.53:881][408]UATHelper: Packaging (Windows (64-bit)):   LogMaterial: Display: Missing cached shader map for material DarkerGrey, compiling.
[2025.11.16-12.28.53:998][415]UATHelper: Packaging (Windows (64-bit)):   LogCook: Display: Cooked packages 185 Packages Remain 77 Total 262
[2025.11.16-12.28.53:998][415]UATHelper: Packaging (Windows (64-bit)):   LogMaterial: Display: Missing cached shader map for material MasterMaterial, compiling.
[2025.11.16-12.28.54:014][416]UATHelper: Packaging (Windows (64-bit)):   LogMaterial: Display: Missing cached shader map for material BlackHole, compiling.
[2025.11.16-12.28.54:030][417]UATHelper: Packaging (Windows (64-bit)):   LogMaterial: Display: Missing cached shader map for material Red, compiling.
[2025.11.16-12.28.54:031][417]UATHelper: Packaging (Windows (64-bit)):   LogMaterial: Display: Missing cached shader map for material Green, compiling.
[2025.11.16-12.28.54:046][418]UATHelper: Packaging (Windows (64-bit)):   LogMaterial: Display: Missing cached shader map for material Brown, compiling.
[2025.11.16-12.28.54:065][419]UATHelper: Packaging (Windows (64-bit)):   LogMaterial: Display: Missing cached shader map for material Correct_Mat, compiling.
[2025.11.16-12.28.54:147][424]UATHelper: Packaging (Windows (64-bit)):   LogMaterial: Display: Missing cached shader map for material Grey, compiling.
[2025.11.16-12.28.54:163][425]UATHelper: Packaging (Windows (64-bit)):   LogMaterial: Display: Missing cached shader map for material Yellow, compiling.
[2025.11.16-12.28.54:164][425]UATHelper: Packaging (Windows (64-bit)):   LogMaterial: Display: Missing cached shader map for material White, compiling.
[2025.11.16-12.28.54:197][427]UATHelper: Packaging (Windows (64-bit)):   LogMaterial: Display: Missing cached shader map for material Phone_Body_Mat, compiling.
[2025.11.16-12.28.54:231][429]UATHelper: Packaging (Windows (64-bit)):   LogMaterial: Display: Missing cached shader map for material Phone_Dispay_Mat, compiling.
[2025.11.16-12.28.54:265][431]UATHelper: Packaging (Windows (64-bit)):   LogMaterial: Display: Missing cached shader map for material BOT_Mat, compiling.
[2025.11.16-12.28.54:282][432]UATHelper: Packaging (Windows (64-bit)):   LogMaterial: Display: Missing cached shader map for material BOT_Emmisive, compiling.
[2025.11.16-12.28.54:282][432]UATHelper: Packaging (Windows (64-bit)):   LogCook: Display: Cooked packages 235 Packages Remain 71 Total 306
[2025.11.16-12.28.54:282][432]UATHelper: Packaging (Windows (64-bit)):   LogCook: Display: Cooked packages 235 Packages Remain 69 Total 304
[2025.11.16-12.28.54:282][432]UATHelper: Packaging (Windows (64-bit)):   LogCook: Display: Cooked packages 235 Packages Remain 67 Total 302
[2025.11.16-12.28.54:282][432]UATHelper: Packaging (Windows (64-bit)):   LogCook: Display: Cooked packages 235 Packages Remain 66 Total 301
[2025.11.16-12.28.54:282][432]UATHelper: Packaging (Windows (64-bit)):   LogCook: Display: Cooked packages 235 Packages Remain 62 Total 297
[2025.11.16-12.28.54:282][432]UATHelper: Packaging (Windows (64-bit)):   LogCook: Display: Cooked packages 235 Packages Remain 56 Total 291
[2025.11.16-12.28.54:282][432]UATHelper: Packaging (Windows (64-bit)):   LogCook: Display: Cooked packages 235 Packages Remain 55 Total 290
[2025.11.16-12.28.54:282][432]UATHelper: Packaging (Windows (64-bit)):   LogCook: Display: Cooked packages 235 Packages Remain 54 Total 289
[2025.11.16-12.28.54:282][432]UATHelper: Packaging (Windows (64-bit)):   LogCook: Display: Cooked packages 235 Packages Remain 44 Total 279
[2025.11.16-12.29.13:146][561]UATHelper: Packaging (Windows (64-bit)):   LogCook: Display: Cooked packages 263 Packages Remain 0 Total 263
[2025.11.16-12.29.13:146][561]UATHelper: Packaging (Windows (64-bit)):   LogCook: Display: Finishing up...
[2025.11.16-12.29.13:146][561]UATHelper: Packaging (Windows (64-bit)):   LogCook: Display: Saving BulkData manifest(s)...
[2025.11.16-12.29.13:146][561]UATHelper: Packaging (Windows (64-bit)):   LogCook: Display: Done saving BulkData manifest(s)
[2025.11.16-12.29.13:146][561]UATHelper: Packaging (Windows (64-bit)):   LogBlueprintCodeGen: Display: Nativization Summary - AnimBP:
[2025.11.16-12.29.13:146][561]UATHelper: Packaging (Windows (64-bit)):   LogBlueprintCodeGen: Display: Name, Children, Non-empty Functions (Empty Functions), Variables, FunctionUsage, VariableUsage
[2025.11.16-12.29.13:146][561]UATHelper: Packaging (Windows (64-bit)):   LogBlueprintCodeGen: Display: Nativization Summary - Shared Variables From Graph: 0
[2025.11.16-12.29.13:177][563]UATHelper: Packaging (Windows (64-bit)):   LogShaderLibrary: Display:
[2025.11.16-12.29.13:177][563]UATHelper: Packaging (Windows (64-bit)):   LogShaderLibrary: Display: Shader Code Stats: PCD3D_SM5
[2025.11.16-12.29.13:177][563]UATHelper: Packaging (Windows (64-bit)):   LogShaderLibrary: Display: =================
[2025.11.16-12.29.13:177][563]UATHelper: Packaging (Windows (64-bit)):   LogShaderLibrary: Display: Unique Shaders: 3391, Total Shaders: 11041
[2025.11.16-12.29.13:177][563]UATHelper: Packaging (Windows (64-bit)):   LogShaderLibrary: Display: Unique Shaders Size: 7.36mb, Total Shader Size: 7.36mb
[2025.11.16-12.29.13:177][563]UATHelper: Packaging (Windows (64-bit)):   LogShaderLibrary: Display: =================
[2025.11.16-12.29.13:227][566]UATHelper: Packaging (Windows (64-bit)):   LogAssetRegistryGenerator: Display: Saving asset registry.
[2025.11.16-12.29.13:227][566]UATHelper: Packaging (Windows (64-bit)):   LogAssetRegistryGenerator: Display: Generated asset registry num assets 261, size is 107.94kb
[2025.11.16-12.29.13:228][566]UATHelper: Packaging (Windows (64-bit)):   LogAssetRegistryGenerator: Display: Done saving asset registry.
[2025.11.16-12.29.13:244][567]UATHelper: Packaging (Windows (64-bit)):   LogCook: Display: Cook by the book total time in tick 20.487877s total time 482.535095
[2025.11.16-12.29.13:245][567]UATHelper: Packaging (Windows (64-bit)):   LogCook: Display: Peak Used virtual 825MB Peak Used physical 828MB
[2025.11.16-12.29.13:245][567]UATHelper: Packaging (Windows (64-bit)):   LogCook: Display: Hierarchy Timer Information:
[2025.11.16-12.29.13:245][567]UATHelper: Packaging (Windows (64-bit)):   LogCook: Display:   Root: 0.000s (0)
[2025.11.16-12.29.13:245][567]UATHelper: Packaging (Windows (64-bit)):   LogCook: Display:     StartCookByTheBookTime: 461.951s (1)
[2025.11.16-12.29.13:245][567]UATHelper: Packaging (Windows (64-bit)):   LogCook: Display:       CleanSandbox: 0.041s (1)
[2025.11.16-12.29.13:245][567]UATHelper: Packaging (Windows (64-bit)):   LogCook: Display:         ProcessingAccessedStrings: 0.007s (1)
[2025.11.16-12.29.13:245][567]UATHelper: Packaging (Windows (64-bit)):   LogCook: Display:       CollectFilesToCook: 0.007s (1)
[2025.11.16-12.29.13:245][567]UATHelper: Packaging (Windows (64-bit)):   LogCook: Display:         CookModificationDelegate: 0.000s (1)
[2025.11.16-12.29.13:245][567]UATHelper: Packaging (Windows (64-bit)):   LogCook: Display:         GeneratePackageNames: 0.002s (1)
[2025.11.16-12.29.13:245][567]UATHelper: Packaging (Windows (64-bit)):   LogCook: Display:       GenerateLongPackageName: 0.001s (1)
[2025.11.16-12.29.13:245][567]UATHelper: Packaging (Windows (64-bit)):   LogCook: Display:     TickCookOnTheSide: 20.484s (39)
[2025.11.16-12.29.13:245][567]UATHelper: Packaging (Windows (64-bit)):   LogCook: Display:       LoadPackage: 0.530s (28)
[2025.11.16-12.29.13:245][567]UATHelper: Packaging (Windows (64-bit)):   LogCook: Display:       CallBeginCacheForCookedPlatformData: 0.007s (39)
[2025.11.16-12.29.13:245][567]UATHelper: Packaging (Windows (64-bit)):   LogCook: Display:       PostLoadPackageFixup: 0.000s (39)
[2025.11.16-12.29.13:245][567]UATHelper: Packaging (Windows (64-bit)):   LogCook: Display:       SavingPackages: 19.945s (15)
[2025.11.16-12.29.13:245][567]UATHelper: Packaging (Windows (64-bit)):   LogCook: Display:         PrecachePlatformDataForNextPackage: 0.045s (295)
[2025.11.16-12.29.13:245][567]UATHelper: Packaging (Windows (64-bit)):   LogCook: Display:         PrecachePlatformDataForNextNextPackage: 0.385s (289)
[2025.11.16-12.29.13:245][567]UATHelper: Packaging (Windows (64-bit)):   LogCook: Display:         SaveCookedPackage: 19.490s (263)
[2025.11.16-12.29.13:245][567]UATHelper: Packaging (Windows (64-bit)):   LogCook: Display:           LoadPackage: 0.001s (263)
[2025.11.16-12.29.13:245][567]UATHelper: Packaging (Windows (64-bit)):   LogCook: Display:           GEditorSavePackage: 19.481s (263)
[2025.11.16-12.29.13:245][567]UATHelper: Packaging (Windows (64-bit)):   LogCook: Display:             ConvertingBlueprints: 0.005s (263)
[2025.11.16-12.29.13:245][567]UATHelper: Packaging (Windows (64-bit)):   LogCook: Display:             VerifyCanCookPackage: 0.002s (261)
[2025.11.16-12.29.13:245][567]UATHelper: Packaging (Windows (64-bit)):   LogCook: Display:         ClearAllCachedCookedPlatformData: 0.005s (263)
[2025.11.16-12.29.13:245][567]UATHelper: Packaging (Windows (64-bit)):   LogCook: Display:         EnqueueUnsavedPackages: 0.000s (4)
[2025.11.16-12.29.13:245][567]UATHelper: Packaging (Windows (64-bit)):   LogCook: Display:     FinalizePackageStore: 0.001s (1)
[2025.11.16-12.29.13:245][567]UATHelper: Packaging (Windows (64-bit)):   LogCook: Display:     GeneratingBlueprintAssets: 0.004s (1)
[2025.11.16-12.29.13:245][567]UATHelper: Packaging (Windows (64-bit)):   LogCook: Display:     SavingCurrentIniSettings: 0.031s (1)
[2025.11.16-12.29.13:245][567]UATHelper: Packaging (Windows (64-bit)):   LogCook: Display:       ProcessingAccessedStrings: 0.004s (1)
[2025.11.16-12.29.13:245][567]UATHelper: Packaging (Windows (64-bit)):   LogCook: Display:     SavingAssetRegistry: 0.031s (1)
[2025.11.16-12.29.13:245][567]UATHelper: Packaging (Windows (64-bit)):   LogCook: Display:       BuildChunkManifest: 0.013s (1)
[2025.11.16-12.29.13:245][567]UATHelper: Packaging (Windows (64-bit)):   LogCook: Display:       SaveManifests: 0.003s (1)
[2025.11.16-12.29.13:245][567]UATHelper: Packaging (Windows (64-bit)):   LogCook: Display:       SaveRealAssetRegistry: 0.013s (1)
[2025.11.16-12.29.13:245][567]UATHelper: Packaging (Windows (64-bit)):   LogCook: Display:       WriteCookerOpenOrder: 0.001s (1)
[2025.11.16-12.29.13:245][567]UATHelper: Packaging (Windows (64-bit)):   LogCook: Display: Done!
[2025.11.16-12.29.13:245][567]UATHelper: Packaging (Windows (64-bit)):   LogSavePackage: Display: Took 0.003330s to verify the EDL loading graph.
[2025.11.16-12.29.13:245][567]UATHelper: Packaging (Windows (64-bit)):   LogCookCommandlet: Display: Misc Cook Stats
[2025.11.16-12.29.13:245][567]UATHelper: Packaging (Windows (64-bit)):   LogCookCommandlet: Display: ===============
[2025.11.16-12.29.13:245][567]UATHelper: Packaging (Windows (64-bit)):   LogCookCommandlet: Display: NiagaraShader.Misc
[2025.11.16-12.29.13:245][567]UATHelper: Packaging (Windows (64-bit)):   LogCookCommandlet: Display:     ShadersCompiled=0
[2025.11.16-12.29.13:245][567]UATHelper: Packaging (Windows (64-bit)):   LogCookCommandlet: Display: ShaderCompiler
[2025.11.16-12.29.13:245][567]UATHelper: Packaging (Windows (64-bit)):   LogCookCommandlet: Display:     BlockingTimeSec=455.503249
[2025.11.16-12.29.13:245][567]UATHelper: Packaging (Windows (64-bit)):   LogCookCommandlet: Display:     AsyncCompileTimeSec=3719.467605
[2025.11.16-12.29.13:245][567]UATHelper: Packaging (Windows (64-bit)):   LogCookCommandlet: Display:     GlobalBeginCompileShaderTimeSec=1.260489
[2025.11.16-12.29.13:245][567]UATHelper: Packaging (Windows (64-bit)):   LogCookCommandlet: Display:     GlobalBeginCompileShaderCalls=3013
[2025.11.16-12.29.13:245][567]UATHelper: Packaging (Windows (64-bit)):   LogCookCommandlet: Display:     ProcessAsyncResultsTimeSec=439.910305
[2025.11.16-12.29.13:245][567]UATHelper: Packaging (Windows (64-bit)):   LogCookCommandlet: Display: GlobalShader.Misc
[2025.11.16-12.29.13:245][567]UATHelper: Packaging (Windows (64-bit)):   LogCookCommandlet: Display:     ShadersCompiled=2715
[2025.11.16-12.29.13:245][567]UATHelper: Packaging (Windows (64-bit)):   LogCookCommandlet: Display: MeshMaterial.Misc
[2025.11.16-12.29.13:245][567]UATHelper: Packaging (Windows (64-bit)):   LogCookCommandlet: Display:     ShadersCompiled=284
[2025.11.16-12.29.13:245][567]UATHelper: Packaging (Windows (64-bit)):   LogCookCommandlet: Display: MaterialShader.Misc
[2025.11.16-12.29.13:245][567]UATHelper: Packaging (Windows (64-bit)):   LogCookCommandlet: Display:     ShadersCompiled=14
[2025.11.16-12.29.13:260][568]UATHelper: Packaging (Windows (64-bit)):   LogCookCommandlet: Display: Package.Load
[2025.11.16-12.29.13:260][568]UATHelper: Packaging (Windows (64-bit)):   LogCookCommandlet: Display:     NumPackagesLoaded=149
[2025.11.16-12.29.13:260][568]UATHelper: Packaging (Windows (64-bit)):   LogCookCommandlet: Display:     LoadPackageTimeSec=0.872552
[2025.11.16-12.29.13:260][568]UATHelper: Packaging (Windows (64-bit)):   LogCookCommandlet: Display: Package.Save
[2025.11.16-12.29.13:260][568]UATHelper: Packaging (Windows (64-bit)):   LogCookCommandlet: Display:     NumPackagesSaved=263
[2025.11.16-12.29.13:260][568]UATHelper: Packaging (Windows (64-bit)):   LogCookCommandlet: Display:     SavePackageTimeSec=19.447931
[2025.11.16-12.29.13:260][568]UATHelper: Packaging (Windows (64-bit)):   LogCookCommandlet: Display:     TagPackageExportsPresaveTimeSec=18.967114
[2025.11.16-12.29.13:260][568]UATHelper: Packaging (Windows (64-bit)):   LogCookCommandlet: Display:     TagPackageExportsTimeSec=0.075841
[2025.11.16-12.29.13:260][568]UATHelper: Packaging (Windows (64-bit)):   LogCookCommandlet: Display:     FullyLoadLoadersTimeSec=0.000175
[2025.11.16-12.29.13:260][568]UATHelper: Packaging (Windows (64-bit)):   LogCookCommandlet: Display:     ResetLoadersTimeSec=0.001629
[2025.11.16-12.29.13:260][568]UATHelper: Packaging (Windows (64-bit)):   LogCookCommandlet: Display:     TagPackageExportsGetObjectsWithOuter=0.001534
[2025.11.16-12.29.13:260][568]UATHelper: Packaging (Windows (64-bit)):   LogCookCommandlet: Display:     TagPackageExportsGetObjectsWithMarks=0.000340
[2025.11.16-12.29.13:260][568]UATHelper: Packaging (Windows (64-bit)):   LogCookCommandlet: Display:     SerializeImportsTimeSec=0.000000
[2025.11.16-12.29.13:260][568]UATHelper: Packaging (Windows (64-bit)):   LogCookCommandlet: Display:     SortExportsSeekfreeInnerTimeSec=0.130593
[2025.11.16-12.29.13:260][568]UATHelper: Packaging (Windows (64-bit)):   LogCookCommandlet: Display:     SerializeExportsTimeSec=0.101267
[2025.11.16-12.29.13:260][568]UATHelper: Packaging (Windows (64-bit)):   LogCookCommandlet: Display:     SerializeBulkDataTimeSec=0.004415
[2025.11.16-12.29.13:260][568]UATHelper: Packaging (Windows (64-bit)):   LogCookCommandlet: Display:     AsyncWriteTimeSec=0.000000
[2025.11.16-12.29.13:260][568]UATHelper: Packaging (Windows (64-bit)):   LogCookCommandlet: Display:     MBWritten=77.726318
[2025.11.16-12.29.13:260][568]UATHelper: Packaging (Windows (64-bit)):   LogCookCommandlet: Display: Package.DifferentPackagesSizeMBPerAsset
[2025.11.16-12.29.13:260][568]UATHelper: Packaging (Windows (64-bit)):   LogCookCommandlet: Display: Package.NumberOfDifferencesInPackagesPerAsset
[2025.11.16-12.29.13:260][568]UATHelper: Packaging (Windows (64-bit)):   LogCookCommandlet: Display: Package.PackageDifferencesSizeMBPerAsset
[2025.11.16-12.29.13:260][568]UATHelper: Packaging (Windows (64-bit)):   LogCookCommandlet: Display: Package.DiffTotal
[2025.11.16-12.29.13:260][568]UATHelper: Packaging (Windows (64-bit)):   LogCookCommandlet: Display:     NumberOfDifferentPackages=0
[2025.11.16-12.29.13:260][568]UATHelper: Packaging (Windows (64-bit)):   LogCookCommandlet: Display:     DifferentPackagesSizeMB=0.000000
[2025.11.16-12.29.13:260][568]UATHelper: Packaging (Windows (64-bit)):   LogCookCommandlet: Display:     NumberOfDifferencesInPackages=0
[2025.11.16-12.29.13:260][568]UATHelper: Packaging (Windows (64-bit)):   LogCookCommandlet: Display:     PackageDifferencesSizeMB=0.000000
[2025.11.16-12.29.13:260][568]UATHelper: Packaging (Windows (64-bit)):   LogCookCommandlet: Display: UnversionedProperties
[2025.11.16-12.29.13:260][568]UATHelper: Packaging (Windows (64-bit)):   LogCookCommandlet: Display:     SavedStructs=0
[2025.11.16-12.29.13:260][568]UATHelper: Packaging (Windows (64-bit)):   LogCookCommandlet: Display:     SavedMB=0
[2025.11.16-12.29.13:260][568]UATHelper: Packaging (Windows (64-bit)):   LogCookCommandlet: Display:     EquivalentTaggedMB=0
[2025.11.16-12.29.13:260][568]UATHelper: Packaging (Windows (64-bit)):   LogCookCommandlet: Display:     CompressionRatio=-nan(ind)
[2025.11.16-12.29.13:260][568]UATHelper: Packaging (Windows (64-bit)):   LogCookCommandlet: Display:     BitfieldWasteKB=0
[2025.11.16-12.29.13:260][568]UATHelper: Packaging (Windows (64-bit)):   LogCookCommandlet: Display:
[2025.11.16-12.29.13:260][568]UATHelper: Packaging (Windows (64-bit)):   LogCookCommandlet: Display: Cook Profile
[2025.11.16-12.29.13:260][568]UATHelper: Packaging (Windows (64-bit)):   LogCookCommandlet: Display: ============
[2025.11.16-12.29.13:260][568]UATHelper: Packaging (Windows (64-bit)):   LogCookCommandlet: Display:  0.CookWallTimeSec=488.756226
[2025.11.16-12.29.13:260][568]UATHelper: Packaging (Windows (64-bit)):   LogCookCommandlet: Display:  0. 0.StartupWallTimeSec=6.207476
[2025.11.16-12.29.13:260][568]UATHelper: Packaging (Windows (64-bit)):   LogCookCommandlet: Display:  0. 1.CookByTheBookTimeSec=482.545099
[2025.11.16-12.29.13:260][568]UATHelper: Packaging (Windows (64-bit)):   LogCookCommandlet: Display:  0. 1. 0.StartCookByTheBookTimeSec=461.951625
[2025.11.16-12.29.13:260][568]UATHelper: Packaging (Windows (64-bit)):   LogCookCommandlet: Display:  0. 1. 0. 0.GameCookModificationDelegateTimeSec=0.000233
[2025.11.16-12.29.13:260][568]UATHelper: Packaging (Windows (64-bit)):   LogCookCommandlet: Display:  0. 1. 1.TickCookOnTheSideTimeSec=20.584274
[2025.11.16-12.29.13:260][568]UATHelper: Packaging (Windows (64-bit)):   LogCookCommandlet: Display:  0. 1. 1. 0.TickCookOnTheSideLoadPackagesTimeSec=0.531013
[2025.11.16-12.29.13:260][568]UATHelper: Packaging (Windows (64-bit)):   LogCookCommandlet: Display:  0. 1. 1. 1.TickCookOnTheSideSaveCookedPackageTimeSec=19.489702
[2025.11.16-12.29.13:260][568]UATHelper: Packaging (Windows (64-bit)):   LogCookCommandlet: Display:  0. 1. 1. 1. 0.TickCookOnTheSideResolveRedirectorsTimeSec=0.000000
[2025.11.16-12.29.13:260][568]UATHelper: Packaging (Windows (64-bit)):   LogCookCommandlet: Display:  0. 1. 1. 2.TickCookOnTheSideBeginPackageCacheForCookedPlatformDataTimeSec=0.436632
[2025.11.16-12.29.13:260][568]UATHelper: Packaging (Windows (64-bit)):   LogCookCommandlet: Display:  0. 1. 1. 3.TickCookOnTheSideFinishPackageCacheForCookedPlatformDataTimeSec=0.007443
[2025.11.16-12.29.13:260][568]UATHelper: Packaging (Windows (64-bit)):   LogCookCommandlet: Display:  0. 1. 2.TickLoopGCTimeSec=0.000000
[2025.11.16-12.29.13:260][568]UATHelper: Packaging (Windows (64-bit)):   LogCookCommandlet: Display:  0. 1. 3.TickLoopRecompileShaderRequestsTimeSec=0.000036
[2025.11.16-12.29.13:260][568]UATHelper: Packaging (Windows (64-bit)):   LogCookCommandlet: Display:  0. 1. 4.TickLoopShaderProcessAsyncResultsTimeSec=0.000013
[2025.11.16-12.29.13:260][568]UATHelper: Packaging (Windows (64-bit)):   LogCookCommandlet: Display:  0. 1. 5.TickLoopProcessDeferredCommandsTimeSec=0.000198
[2025.11.16-12.29.13:260][568]UATHelper: Packaging (Windows (64-bit)):   LogCookCommandlet: Display:  0. 1. 6.TickLoopTickCommandletStatsTimeSec=0.000004
[2025.11.16-12.29.13:260][568]UATHelper: Packaging (Windows (64-bit)):   LogCookCommandlet: Display:
[2025.11.16-12.29.13:260][568]UATHelper: Packaging (Windows (64-bit)):   LogCookCommandlet: Display: DDC Summary Stats
[2025.11.16-12.29.13:260][568]UATHelper: Packaging (Windows (64-bit)):   LogCookCommandlet: Display: =================
[2025.11.16-12.29.13:260][568]UATHelper: Packaging (Windows (64-bit)):   LogCookCommandlet: Display: TotalGetHits    =       290
[2025.11.16-12.29.13:260][568]UATHelper: Packaging (Windows (64-bit)):   LogCookCommandlet: Display: TotalGets       =       530
[2025.11.16-12.29.13:260][568]UATHelper: Packaging (Windows (64-bit)):   LogCookCommandlet: Display: TotalGetHitPct  =  0.547170
[2025.11.16-12.29.13:260][568]UATHelper: Packaging (Windows (64-bit)):   LogCookCommandlet: Display: LocalGetHitPct  =  0.105660
[2025.11.16-12.29.13:260][568]UATHelper: Packaging (Windows (64-bit)):   LogCookCommandlet: Display: SharedGetHitPct =  0.000000
[2025.11.16-12.29.13:260][568]UATHelper: Packaging (Windows (64-bit)):   LogCookCommandlet: Display: OtherGetHitPct  =  0.441509
[2025.11.16-12.29.13:260][568]UATHelper: Packaging (Windows (64-bit)):   LogCookCommandlet: Display: GetMissPct      =  0.452830
[2025.11.16-12.29.13:260][568]UATHelper: Packaging (Windows (64-bit)):   LogCookCommandlet: Display: TotalPutHits    =       240
[2025.11.16-12.29.13:260][568]UATHelper: Packaging (Windows (64-bit)):   LogCookCommandlet: Display: TotalPuts       =       240
[2025.11.16-12.29.13:260][568]UATHelper: Packaging (Windows (64-bit)):   LogCookCommandlet: Display: TotalPutHitPct  =  1.000000
[2025.11.16-12.29.13:260][568]UATHelper: Packaging (Windows (64-bit)):   LogCookCommandlet: Display: PutMissPct      =  0.000000
[2025.11.16-12.29.13:260][568]UATHelper: Packaging (Windows (64-bit)):   LogCookCommandlet: Display:
[2025.11.16-12.29.13:260][568]UATHelper: Packaging (Windows (64-bit)):   LogCookCommandlet: Display: DDC Resource Stats
[2025.11.16-12.29.13:260][568]UATHelper: Packaging (Windows (64-bit)):   LogCookCommandlet: Display: =======================================================================================================
[2025.11.16-12.29.13:260][568]UATHelper: Packaging (Windows (64-bit)):   LogCookCommandlet: Display: Asset Type                          Total Time (Sec)  GameThread Time (Sec)  Assets Built  MB Processed
[2025.11.16-12.29.13:260][568]UATHelper: Packaging (Windows (64-bit)):   LogCookCommandlet: Display: ----------------------------------  ----------------  ---------------------  ------------  ------------
[2025.11.16-12.29.13:260][568]UATHelper: Packaging (Windows (64-bit)):   LogCookCommandlet: Display: GlobalShader                                    0.26                   0.26             1          0.01
[2025.11.16-12.29.13:260][568]UATHelper: Packaging (Windows (64-bit)):   LogCookCommandlet: Display: MaterialShader                                  0.20                   0.20            14          4.72
[2025.11.16-12.29.13:260][568]UATHelper: Packaging (Windows (64-bit)):   LogCookCommandlet: Display: Texture (Inline)                                0.13                   0.13             0         60.42
[2025.11.16-12.29.13:260][568]UATHelper: Packaging (Windows (64-bit)):   LogCookCommandlet: Display: PhysX (BodySetup)                               0.08                   0.08             0          1.33
[2025.11.16-12.29.13:261][568]UATHelper: Packaging (Windows (64-bit)):   LogCookCommandlet: Display: StaticMesh                                      0.07                   0.07             0          2.64
[2025.11.16-12.29.13:261][568]UATHelper: Packaging (Windows (64-bit)):   LogCookCommandlet: Display: Texture (Streaming)                             0.05                   0.00             0          7.29
[2025.11.16-12.29.13:261][568]UATHelper: Packaging (Windows (64-bit)):   LogCookCommandlet: Display: NavCollision                                    0.03                   0.03             1          0.57
[2025.11.16-12.29.13:261][568]UATHelper: Packaging (Windows (64-bit)):   LogCookCommandlet: Display: SkeletalMesh                                    0.00                   0.00             0          0.02
[2025.11.16-12.29.13:261][568]UATHelper: Packaging (Windows (64-bit)):   LogCookCommandlet: Display: DistanceField                                   0.00                   0.00             0          0.00
[2025.11.16-12.29.13:261][568]UATHelper: Packaging (Windows (64-bit)):   LogCookCommandlet: Display: SoundWave                                       0.00                   0.00             0          0.03
[2025.11.16-12.29.13:261][568]UATHelper: Packaging (Windows (64-bit)):   LogInit: Display:
[2025.11.16-12.29.13:261][568]UATHelper: Packaging (Windows (64-bit)):   LogInit: Display: Success - 0 error(s), 0 warning(s)
[2025.11.16-12.29.13:261][568]UATHelper: Packaging (Windows (64-bit)):   LogInit: Display:
[2025.11.16-12.29.13:261][568]UATHelper: Packaging (Windows (64-bit)):   
[2025.11.16-12.29.13:261][568]UATHelper: Packaging (Windows (64-bit)):   Execution of commandlet took:  482.57 seconds
[2025.11.16-12.29.13:611][589]UATHelper: Packaging (Windows (64-bit)):   LogContentStreaming: Display: There are 1 unreleased StreamingManagers
[2025.11.16-12.29.15:310][691]UATHelper: Packaging (Windows (64-bit)): Took 491.0161938s to run UE4Editor-Cmd.exe, ExitCode=0
[2025.11.16-12.29.15:311][691]UATHelper: Packaging (Windows (64-bit)): ********** COOK COMMAND COMPLETED **********
[2025.11.16-12.29.15:327][692]UATHelper: Packaging (Windows (64-bit)): ********** STAGE COMMAND STARTED **********
[2025.11.16-12.29.15:376][695]UATHelper: Packaging (Windows (64-bit)): Creating Staging Manifest...
[2025.11.16-12.29.15:444][699]UATHelper: Packaging (Windows (64-bit)): Excluding config file C:\Program Files\Epic Games\UE_4.25\Engine\Config\BaseEditor.ini
[2025.11.16-12.29.15:444][699]UATHelper: Packaging (Windows (64-bit)): Excluding config file C:\Program Files\Epic Games\UE_4.25\Engine\Config\BaseEditorKeyBindings.ini
[2025.11.16-12.29.15:444][699]UATHelper: Packaging (Windows (64-bit)): Excluding config file C:\Program Files\Epic Games\UE_4.25\Engine\Config\BaseEditorPerProjectUserSettings.ini
[2025.11.16-12.29.15:444][699]UATHelper: Packaging (Windows (64-bit)): Excluding config file C:\Program Files\Epic Games\UE_4.25\Engine\Config\BaseEditorSettings.ini
[2025.11.16-12.29.15:444][699]UATHelper: Packaging (Windows (64-bit)): Excluding config file C:\Program Files\Epic Games\UE_4.25\Engine\Config\BaseLightmass.ini
[2025.11.16-12.29.15:444][699]UATHelper: Packaging (Windows (64-bit)): Excluding config file C:\Program Files\Epic Games\UE_4.25\Engine\Config\BasePakFileRules.ini
[2025.11.16-12.29.15:444][699]UATHelper: Packaging (Windows (64-bit)): Excluding config file C:\Program Files\Epic Games\UE_4.25\Engine\Config\Localization\Category.ini
[2025.11.16-12.29.15:444][699]UATHelper: Packaging (Windows (64-bit)): Excluding config file C:\Program Files\Epic Games\UE_4.25\Engine\Config\Localization\Editor.ini
[2025.11.16-12.29.15:444][699]UATHelper: Packaging (Windows (64-bit)): Excluding config file C:\Program Files\Epic Games\UE_4.25\Engine\Config\Localization\EditorTutorials.ini
[2025.11.16-12.29.15:444][699]UATHelper: Packaging (Windows (64-bit)): Excluding config file C:\Program Files\Epic Games\UE_4.25\Engine\Config\Localization\Engine.ini
[2025.11.16-12.29.15:444][699]UATHelper: Packaging (Windows (64-bit)): Excluding config file C:\Program Files\Epic Games\UE_4.25\Engine\Config\Localization\Keywords.ini
[2025.11.16-12.29.15:444][699]UATHelper: Packaging (Windows (64-bit)): Excluding config file C:\Program Files\Epic Games\UE_4.25\Engine\Config\Localization\PortableObjectExport.ini
[2025.11.16-12.29.15:444][699]UATHelper: Packaging (Windows (64-bit)): Excluding config file C:\Program Files\Epic Games\UE_4.25\Engine\Config\Localization\PortableObjectImport.ini
[2025.11.16-12.29.15:444][699]UATHelper: Packaging (Windows (64-bit)): Excluding config file C:\Program Files\Epic Games\UE_4.25\Engine\Config\Localization\PropertyNames.ini
[2025.11.16-12.29.15:444][699]UATHelper: Packaging (Windows (64-bit)): Excluding config file C:\Program Files\Epic Games\UE_4.25\Engine\Config\Localization\RepairData.ini
[2025.11.16-12.29.15:444][699]UATHelper: Packaging (Windows (64-bit)): Excluding config file C:\Program Files\Epic Games\UE_4.25\Engine\Config\Localization\ToolTips.ini
[2025.11.16-12.29.15:444][699]UATHelper: Packaging (Windows (64-bit)): Excluding config file C:\Program Files\Epic Games\UE_4.25\Engine\Config\Localization\WordCount.ini
[2025.11.16-12.29.15:444][699]UATHelper: Packaging (Windows (64-bit)): Excluding config file C:\Git\Saf\GameUniHack\PixelPerfect\Config\DefaultEditor.ini
[2025.11.16-12.29.15:544][705]UATHelper: Packaging (Windows (64-bit)): Cleaning Stage Directory: C:\Git\Saf\GameUniHack\PixelPerfect\Saved\StagedBuilds\WindowsNoEditor
[2025.11.16-12.29.15:544][705]UATHelper: Packaging (Windows (64-bit)): Creating pak using staging manifest.
[2025.11.16-12.29.15:711][715]UATHelper: Packaging (Windows (64-bit)): Executing 1 UnrealPak command...
[2025.11.16-12.29.22:213][105]UATHelper: Packaging (Windows (64-bit)): Waiting for child processes to complete (1/1)
[2025.11.16-12.29.22:213][105]UATHelper: Packaging (Windows (64-bit)): Output from: C:\Git\Saf\GameUniHack\PixelPerfect\PixelPerfect.uproject C:\Git\Saf\GameUniHack\PixelPerfect\Saved\StagedBuilds\WindowsNoEditor\PixelPerfect\Content\Paks\PixelPerfect-WindowsNoEditor.pak -create="C:\Users\Dorain\AppData\Roaming\Unreal Engine\AutomationTool\Logs\C+Program+Files+Epic+Games+UE_4.25\PakList_PixelPerfect-WindowsNoEditor.txt" -cryptokeys=C:\Git\Saf\GameUniHack\PixelPerfect\Saved\Cooked\WindowsNoEditor\PixelPerfect\Metadata\Crypto.json -order=C:\Git\Saf\GameUniHack\PixelPerfect\Build\WindowsNoEditor\FileOpenOrder\CookerOpenOrder.log -patchpaddingalign=2048 -platform=Windows -compressionformats=  -multiprocess -abslog="C:\Users\Dorain\AppData\Roaming\Unreal Engine\AutomationTool\Logs\C+Program+Files+Epic+Games+UE_4.25\UnrealPak-PixelPerfect-WindowsNoEditor-2025.11.16-14.29.15.txt"
[2025.11.16-12.29.22:230][106]UATHelper: Packaging (Windows (64-bit)):   LogPakFile: Display: Parsing crypto keys from a crypto key cache file
[2025.11.16-12.29.22:230][106]UATHelper: Packaging (Windows (64-bit)):   LogCompression: Display: FCompression::GetCompressionFormat - Unable to find a module or plugin for compression format -multiprocess
[2025.11.16-12.29.22:230][106]UATHelper: Packaging (Windows (64-bit)):   LogPakFile: Display: Loading response file C:\Users\Dorain\AppData\Roaming\Unreal Engine\AutomationTool\Logs\C+Program+Files+Epic+Games+UE_4.25\PakList_PixelPerfect-WindowsNoEditor.txt
[2025.11.16-12.29.22:230][106]UATHelper: Packaging (Windows (64-bit)):   LogPakFile: Display: Added 1617 entries to add to pak file.
[2025.11.16-12.29.22:230][106]UATHelper: Packaging (Windows (64-bit)):   LogPakFile: Display: Loading pak order file C:\Git\Saf\GameUniHack\PixelPerfect\Build\WindowsNoEditor\FileOpenOrder\CookerOpenOrder.log...
[2025.11.16-12.29.22:230][106]UATHelper: Packaging (Windows (64-bit)):   LogPakFile: Display: Finished loading pak order file C:\Git\Saf\GameUniHack\PixelPerfect\Build\WindowsNoEditor\FileOpenOrder\CookerOpenOrder.log.
[2025.11.16-12.29.22:230][106]UATHelper: Packaging (Windows (64-bit)):   LogPakFile: Display: Collecting files to add to pak file...
[2025.11.16-12.29.22:230][106]UATHelper: Packaging (Windows (64-bit)):   LogPakFile: Display: Collected 1617 files in 0.01s.
[2025.11.16-12.29.22:230][106]UATHelper: Packaging (Windows (64-bit)):   LogPakFile: Display: Creating pak C:\Git\Saf\GameUniHack\PixelPerfect\Saved\StagedBuilds\WindowsNoEditor\PixelPerfect\Content\Paks\PixelPerfect-WindowsNoEditor.pak.
[2025.11.16-12.29.22:230][106]UATHelper: Packaging (Windows (64-bit)):   LogDerivedDataCache: Display: Pak cache opened for reading ../../../Engine/DerivedDataCache/Compressed.ddp.
[2025.11.16-12.29.22:230][106]UATHelper: Packaging (Windows (64-bit)):   LogPakFile: Display: DISABLING pak file index freezing (all must be true: HasPlatformInfo? true - TargetIs64Bit? true - NoRuntimeUnloading? true - Unencrypted? true, 'Windows' != 'Windows')
[2025.11.16-12.29.22:230][106]UATHelper: Packaging (Windows (64-bit)):   LogPakFile: Display: Added 1617 files, 103662449 bytes total, time 3.70s.
[2025.11.16-12.29.22:230][106]UATHelper: Packaging (Windows (64-bit)):   LogPakFile: Display: Encryption - DISABLED
[2025.11.16-12.29.22:230][106]UATHelper: Packaging (Windows (64-bit)):   LogPakFile: Display: Unreal pak executed in 3.753253 seconds
[2025.11.16-12.29.22:230][106]UATHelper: Packaging (Windows (64-bit)): UnrealPak terminated with exit code 0
[2025.11.16-12.29.22:230][106]UATHelper: Packaging (Windows (64-bit)): Copying NonUFSFiles to staging directory: C:\Git\Saf\GameUniHack\PixelPerfect\Saved\StagedBuilds\WindowsNoEditor
[2025.11.16-12.29.22:393][116]UATHelper: Packaging (Windows (64-bit)): ********** STAGE COMMAND COMPLETED **********
[2025.11.16-12.29.22:393][116]UATHelper: Packaging (Windows (64-bit)): ********** PACKAGE COMMAND STARTED **********
[2025.11.16-12.29.22:393][116]UATHelper: Packaging (Windows (64-bit)): ********** PACKAGE COMMAND COMPLETED **********
[2025.11.16-12.29.22:393][116]UATHelper: Packaging (Windows (64-bit)): ********** ARCHIVE COMMAND STARTED **********
[2025.11.16-12.29.22:393][116]UATHelper: Packaging (Windows (64-bit)): Archiving to C:/Users/Dorain/Desktop/FacilityGame
[2025.11.16-12.29.22:843][143]UATHelper: Packaging (Windows (64-bit)): ********** ARCHIVE COMMAND COMPLETED **********
[2025.11.16-12.29.22:843][143]UATHelper: Packaging (Windows (64-bit)): BUILD SUCCESSFUL
[2025.11.16-12.29.22:844][143]UATHelper: Packaging (Windows (64-bit)): AutomationTool exiting with ExitCode=0 (Success)
